resname,ref_pka,sasa,electrostatic_potential,arg_count,lys_count,asp_count,glu_count,hbonds_weighted,hbonds_strict_flexible,label,pdb,chain,resseq,expt_pka,pkadr_rownum,pkadr_index,row_id,fold,prediction,propka_pka,propka_file,propka_merge_keys,propka_deprot_probability,propka_delta_vs_label,propka_delta_vs_prediction,experimental_pka,reference_state_deprot,experimental_state_deprot,flip_state_group,model_predicted_pka,model_state_deprot,propka_state_deprot,model_state_correct,propka_state_correct,model_flipped_vs_experiment,propka_flipped_vs_experiment,pka_delta_model_vs_expt,pka_delta_propka_vs_expt
CYS,8.3,2.179376038353717,29.3837,2,3,0,4,2.4859,3.3312,0.9921193161496696,1EH6,A,145,5.3,0,1,0,9,0.90105724,9.0,Existing_Structures/generated_pka/1eh6_model1.pka,resname+resseq+chain,0.024503367550336,-0.9676159485993336,-0.876553872449664,5.3,False,True,flipped,6.440631640229653,True,False,True,False,False,True,1.1406316402296532,3.7
CYS,8.3,22.62748485165837,17.4991,1,4,2,2,0.0838,0.0477,0.7761545753418307,1QLP,A,232,6.86,1,2,1,6,0.94603837,9.0,Existing_Structures/generated_pka/1qlp_model1.pka,resname+resseq+chain,0.024503367550336,-0.7516512077914947,-0.921535002449664,6.86,False,True,flipped,6.156176308639914,True,False,True,False,False,True,-0.7038236913600864,2.1399999999999997
HIS,6.0,6.969990109588629,-30.4368,1,2,6,1,1.1231,1.3056,0.6131368201531431,1YPH,C,40,7.2,2,3,2,2,0.7011333,6.5,Existing_Structures/generated_pka/1yph_model1.pka,resname+resseq+chain,0.8881842302218831,0.27504741006874,0.1870509302218831,7.2,True,True,unflipped,7.029676934031872,True,True,True,True,False,False,-0.17032306596812852,-0.7000000000000002
HIS,6.0,1.5521089669708803,,2,1,2,0,1.8558,2.1625,0.9479085506726252,1YPH,C,57,6.14,3,4,3,2,0.9294752,6.5,Existing_Structures/generated_pka/1yph_model1.pka,resname+resseq+chain,0.8881842302218831,-0.0597243204507421,-0.0412909697781168,6.14,True,True,unflipped,6.2801040566839585,True,True,True,True,False,False,0.14010405668395887,0.3600000000000003
LYS,10.5,70.93448511081624,-2.424,3,2,1,2,0.4105,0.4105,0.0009990009990009,1GS9,A,69,10.4,5,7,5,7,-0.18239407,10.5,Existing_Structures/generated_pka/1gs9_model1.pka,resname+resseq+chain,0.0007936977781692,-0.0002053032208316,0.1831877677781692,10.4,False,False,unflipped,,,False,False,True,True,False,,0.09999999999999964
LYS,10.5,72.77569269237097,-2.8803,3,2,1,2,0.0,0.0,0.0019912891707283,1LE2,A,69,10.1,6,8,6,4,0.0055002132,10.5,Existing_Structures/generated_pka/1le2_model1.pka,resname+resseq+chain,0.0007936977781692,-0.001197591392559,-0.0047065154218307,10.1,False,False,unflipped,9.657225170355456,False,False,True,True,False,False,-0.4427748296445433,0.40000000000000036
LYS,10.5,64.94151877187171,-8.2973,1,3,1,4,0.8313,0.9129,0.0025055926672857,1GS9,A,72,10.0,7,9,7,7,0.032932848,10.5,Existing_Structures/generated_pka/1gs9_model1.pka,resname+resseq+chain,0.0007936977781692,-0.0017118948891164,-0.0321391502218307,10.0,False,False,unflipped,8.867827342333985,False,False,True,True,False,False,-1.1321726576660147,0.5
LYS,10.5,53.93650821175461,-7.1214,3,3,2,4,0.0,0.0,0.0025055926672857,1LE2,A,72,10.0,8,10,8,4,0.01928975,10.5,Existing_Structures/generated_pka/1le2_model1.pka,resname+resseq+chain,0.0007936977781692,-0.0017118948891164,-0.0184960522218307,10.0,False,False,unflipped,9.106214115284931,False,False,True,True,False,False,-0.8937858847150686,0.5
LYS,10.5,13.981204572551906,-14.0879,3,4,0,7,2.3077,3.214,0.0019912891707283,1GS9,A,75,10.1,9,11,9,7,0.12312254,10.5,Existing_Structures/generated_pka/1gs9_model1.pka,resname+resseq+chain,0.0007936977781692,-0.001197591392559,-0.1223288422218307,10.1,False,False,unflipped,8.252601340400325,False,False,True,True,False,False,-1.8473986595996745,0.40000000000000036
LYS,10.5,28.143352237337748,-7.5997,3,4,0,5,0.0,0.0,0.0025055926672857,1LE2,A,75,10.0,10,12,10,4,0.018025063,10.5,Existing_Structures/generated_pka/1le2_model1.pka,resname+resseq+chain,0.0007936977781692,-0.0017118948891164,-0.0172313652218307,10.0,False,False,unflipped,9.136223612095325,False,False,True,True,False,False,-0.8637763879046751,0.5
LYS,10.5,95.89410042640984,-0.2447,3,1,0,2,0.395,0.98,0.0019912891707283,1GS9,A,95,10.1,11,13,11,7,-0.0069548893,10.5,Existing_Structures/generated_pka/1gs9_model1.pka,resname+resseq+chain,0.0007936977781692,-0.001197591392559,0.0077485870781692,10.1,False,False,unflipped,,,False,False,True,True,False,,0.40000000000000036
LYS,10.5,80.30096522944875,0.391,2,1,0,3,0.0,0.0,0.0015823852808017,1LE2,A,95,10.2,12,14,12,4,0.0012230462,10.5,Existing_Structures/generated_pka/1le2_model1.pka,resname+resseq+chain,0.0007936977781692,-0.0007886875026324,-0.0004293484218307,10.2,False,False,unflipped,10.312025650083452,False,False,True,True,False,False,0.11202565008345289,0.3000000000000007
LYS,10.5,81.16419533672583,1.5026,5,2,0,0,0.0053,0.0,0.0078806838503302,1GS9,A,143,9.5,13,15,13,7,0.018599348,10.5,Existing_Structures/generated_pka/1gs9_model1.pka,resname+resseq+chain,0.0007936977781692,-0.0070869860721609,-0.0178056502218307,9.5,False,False,unflipped,9.122348621876343,False,False,True,True,False,False,-0.377651378123657,1.0
LYS,10.5,62.65015904540032,1.9225,6,2,0,0,0.0,0.0,0.0099009900990099,1LE2,A,143,9.4,14,16,14,4,0.05652305,10.5,Existing_Structures/generated_pka/1le2_model1.pka,resname+resseq+chain,0.0007936977781692,-0.0091072923208406,-0.0557293522218307,9.4,False,False,unflipped,8.622505705957664,False,False,True,True,False,False,-0.7774942940423362,1.0999999999999996
LYS,10.5,79.27511322301135,1.7197,4,2,0,0,0.0,0.0,0.0156016622418296,1GS9,A,146,9.2,15,17,15,7,-0.009366512,10.5,Existing_Structures/generated_pka/1gs9_model1.pka,resname+resseq+chain,0.0007936977781692,-0.0148079644636603,0.0101602097781692,9.2,False,False,unflipped,,,False,False,True,True,False,,1.3000000000000007
LYS,10.5,75.82226444082427,3.3862,6,2,0,0,0.0,0.0,0.0031523091832602,1LE2,A,146,9.9,16,18,16,4,0.06979077,10.5,Existing_Structures/generated_pka/1le2_model1.pka,resname+resseq+chain,0.0007936977781692,-0.0023586114050909,-0.0689970722218307,9.9,False,False,unflipped,8.524782654569744,False,False,True,True,False,False,-1.375217345430256,0.5999999999999996
LYS,10.5,86.99947960805429,-1.7856,4,2,3,1,0.0,0.0,0.0001994864287215,1GS9,A,157,11.1,17,19,17,7,-0.00041945418,10.5,Existing_Structures/generated_pka/1gs9_model1.pka,resname+resseq+chain,0.0007936977781692,0.0005942113494477,0.0012131519581692,11.1,False,False,unflipped,,,False,False,True,True,False,,-0.5999999999999996
LYS,10.5,75.80978500243751,-2.758,1,1,3,1,0.0,0.0,0.0003161277976296,1LE2,A,157,10.9,18,20,18,4,-0.020444004,10.5,Existing_Structures/generated_pka/1le2_model1.pka,resname+resseq+chain,0.0007936977781692,0.0004775699805396,0.0212377017781692,10.9,False,False,unflipped,,,False,False,True,True,False,,-0.40000000000000036
LYS,10.5,70.9425952514782,-3.9575,0,2,1,2,0.2466,0.2555,0.0003161277976296,1PGB,A,28,10.9,27,30,23,1,0.0179934,10.5,Existing_Structures/generated_pka/1pgb_model1.pka,resname+resseq+chain,0.0007936977781692,0.0004775699805396,-0.0171997022218307,10.9,False,False,unflipped,9.137001172068729,False,False,True,True,False,False,-1.7629988279312716,-0.40000000000000036
HIS,6.0,59.84803690933752,-1.993,0,1,2,0,0.1089,0.0,0.3087638475852371,1A2P,A,18,7.75,40,43,33,7,0.51031655,6.5,Existing_Structures/generated_pka/1a2p_model1.pka,resname+resseq+chain,0.8881842302218831,0.579420382636646,0.3778676802218831,7.75,True,False,flipped,7.382075773165999,True,True,False,False,True,True,-0.36792422683400083,-1.25
HIS,6.0,61.09564658563339,2.4191,2,1,3,1,0.2384,0.3959,0.9264124438824266,1A2P,A,102,6.3,51,54,43,7,0.66604793,6.5,Existing_Structures/generated_pka/1a2p_model1.pka,resname+resseq+chain,0.8881842302218831,-0.0382282136605435,0.2221363002218831,6.3,True,True,unflipped,7.100178656878635,True,True,True,True,False,False,0.8001786568786349,0.20000000000000018
HIS,6.0,54.18412949012732,-1.8349,2,1,0,0,0.3921,0.3983,0.2402530733520421,2KIX,A,27,7.9,53,56,44,1,0.7099665,6.5,Existing_Structures/generated_pka/2kix_model1.pka,resname+resseq+chain,0.8881842302218831,0.6479311568698409,0.1782177302218831,7.9,True,False,flipped,7.011210306625732,True,True,False,False,True,True,-0.8887896933742683,-1.4000000000000004
LYS,10.5,31.21614587933952,-4.0544,0,3,0,3,0.0,0.0,0.000660257220388,4ICB,A,1,10.58,62,65,53,3,0.0050410517,10.5,Existing_Structures/generated_pka/4icb_model1.pka,resname+resseq+chain,0.0007936977781692,0.0001334405577812,-0.0042473539218307,10.58,False,False,unflipped,9.695284010761927,False,False,True,True,False,False,-0.8847159892380727,-0.08000000000000007
LYS,10.5,31.21614587933952,-4.0544,0,3,0,3,0.0,0.0,0.0006162150467435,4ICB,A,1,10.61,63,66,54,3,0.0050410517,10.5,Existing_Structures/generated_pka/4icb_model1.pka,resname+resseq+chain,0.0007936977781692,0.0001774827314257,-0.0042473539218307,10.61,False,False,unflipped,9.695284010761927,False,False,True,True,False,False,-0.9147159892380721,-0.10999999999999943
LYS,10.5,31.21614587933952,-4.0544,0,3,0,3,0.0,0.0,0.0006452376286309,4ICB,A,1,10.59,64,67,55,3,0.0050410517,10.5,Existing_Structures/generated_pka/4icb_model1.pka,resname+resseq+chain,0.0007936977781692,0.0001484601495383,-0.0042473539218307,10.59,False,False,unflipped,9.695284010761927,False,False,True,True,False,False,-0.8947159892380725,-0.08999999999999986
LYS,10.5,46.408422890443966,-5.4352,0,2,0,5,0.0,0.0,0.0001230117433306,4ICB,A,7,11.31,67,70,58,3,-0.0072196424,10.5,Existing_Structures/generated_pka/4icb_model1.pka,resname+resseq+chain,0.0007936977781692,0.0006706860348386,0.0080133401781692,11.31,False,False,unflipped,,,False,False,True,True,False,,-0.8100000000000005
LYS,10.5,46.408422890443966,-5.4352,0,2,0,5,0.0,0.0,0.000102318829014,4ICB,A,7,11.39,68,71,59,3,-0.0072196424,10.5,Existing_Structures/generated_pka/4icb_model1.pka,resname+resseq+chain,0.0007936977781692,0.0006913789491552,0.0080133401781692,11.39,False,False,unflipped,,,False,False,True,True,False,,-0.8900000000000006
LYS,10.5,46.408422890443966,-5.4352,0,2,0,5,0.0,0.0,0.000109635798288,4ICB,A,7,11.36,69,72,60,3,-0.0072196424,10.5,Existing_Structures/generated_pka/4icb_model1.pka,resname+resseq+chain,0.0007936977781692,0.0006840619798812,0.0080133401781692,11.36,False,False,unflipped,,,False,False,True,True,False,,-0.8599999999999994
LYS,10.5,66.19164733559177,-3.5622,0,4,0,4,0.0,0.0,0.0002187283098547,4ICB,A,12,11.06,71,74,62,3,0.052696746,10.5,Existing_Structures/generated_pka/4icb_model1.pka,resname+resseq+chain,0.0007936977781692,0.0005749694683145,-0.0519030482218307,11.06,False,False,unflipped,8.654705230560834,False,False,True,True,False,False,-2.405294769439166,-0.5600000000000005
LYS,10.5,48.40177847499852,-5.7063,0,3,1,5,0.0915,0.0942,0.0019018368425677,4ICB,A,16,10.12,72,75,63,3,0.025906716,10.5,Existing_Structures/generated_pka/4icb_model1.pka,resname+resseq+chain,0.0007936977781692,-0.0011081390643984,-0.0251130182218307,10.12,False,False,unflipped,8.975188184839915,False,False,True,True,False,False,-1.1448118151600841,0.3800000000000008
LYS,10.5,48.40177847499852,-5.7063,0,3,1,5,0.0915,0.0942,0.0002187283098547,4ICB,A,16,11.06,73,76,64,3,0.025906716,10.5,Existing_Structures/generated_pka/4icb_model1.pka,resname+resseq+chain,0.0007936977781692,0.0005749694683145,-0.0251130182218307,11.06,False,False,unflipped,8.975188184839915,False,False,True,True,False,False,-2.0848118151600854,-0.5600000000000005
LYS,10.5,45.79060830457637,-15.2233,0,2,3,7,0.0216,0.0222,4.786071847425361e-05,4ICB,A,25,11.72,75,78,66,3,0.008473629,10.5,Existing_Structures/generated_pka/4icb_model1.pka,resname+resseq+chain,0.0007936977781692,0.0007458370596949,-0.0076799312218307,11.72,False,False,unflipped,9.468234823938715,False,False,True,True,False,False,-2.2517651760612853,-1.2200000000000006
LYS,10.5,45.79060830457637,-15.2233,0,2,3,7,0.0216,0.0222,3.890300099706169e-05,4ICB,A,25,11.81,76,79,67,3,0.008473629,10.5,Existing_Structures/generated_pka/4icb_model1.pka,resname+resseq+chain,0.0007936977781692,0.0007547947771721,-0.0076799312218307,11.81,False,False,unflipped,9.468234823938715,False,False,True,True,False,False,-2.341765176061285,-1.3100000000000005
LYS,10.5,50.789768714135306,-1.1659,0,3,1,5,0.0,0.0,0.0003310215099587,4ICB,A,29,10.88,78,81,69,3,0.011145171,10.5,Existing_Structures/generated_pka/4icb_model1.pka,resname+resseq+chain,0.0007936977781692,0.0004626762682105,-0.0103514732218307,10.88,False,False,unflipped,9.348045802490056,False,False,True,True,False,False,-1.531954197509945,-0.3800000000000008
LYS,10.5,50.789768714135306,-1.1659,0,3,1,5,0.0,0.0,0.0001318082981379,4ICB,A,29,11.28,79,82,70,3,0.011145171,10.5,Existing_Structures/generated_pka/4icb_model1.pka,resname+resseq+chain,0.0007936977781692,0.0006618894800313,-0.0103514732218307,11.28,False,False,unflipped,9.348045802490056,False,False,True,True,False,False,-1.9319541975099437,-0.7799999999999994
LYS,10.5,89.21757319525155,-5.2355,0,2,1,1,0.0,0.0,0.0003713972419378,4ICB,A,41,10.83,80,83,71,3,0.00317991,10.5,Existing_Structures/generated_pka/4icb_model1.pka,resname+resseq+chain,0.0007936977781692,0.0004223005362314,-0.0023862122218307,10.83,False,False,unflipped,9.896201953755352,False,False,True,True,False,False,-0.9337980462446485,-0.33000000000000007
LYS,10.5,89.21757319525155,-5.2355,0,2,1,1,0.0,0.0,0.000295033852004,4ICB,A,41,10.93,81,84,72,3,0.00317991,10.5,Existing_Structures/generated_pka/4icb_model1.pka,resname+resseq+chain,0.0007936977781692,0.0004986639261652,-0.0023862122218307,10.93,False,False,unflipped,9.896201953755352,False,False,True,True,False,False,-1.033798046244648,-0.4299999999999997
LYS,10.5,61.94784341355321,-8.9987,0,3,2,5,1.041,1.5771,0.0001174759532729,4ICB,A,55,11.33,84,87,75,3,0.0006532187,10.5,Existing_Structures/generated_pka/4icb_model1.pka,resname+resseq+chain,0.0007936977781692,0.0006762218248963,0.0001404790781692,11.33,False,False,unflipped,10.58465760903149,False,False,True,True,False,False,-0.74534239096851,-0.8300000000000001
LYS,10.5,61.94784341355321,-8.9987,0,3,2,5,1.041,1.5771,1.905424410849593e-05,4ICB,A,55,12.12,85,88,76,3,0.0006532187,10.5,Existing_Structures/generated_pka/4icb_model1.pka,resname+resseq+chain,0.0007936977781692,0.0007746435340607,0.0001404790781692,12.12,False,False,unflipped,10.58465760903149,False,False,True,True,False,False,-1.535342390968509,-1.6199999999999992
LYS,10.5,80.29507750232314,-0.6448,0,2,0,1,0.0,0.0,0.0004675164674062,4ICB,A,71,10.73,87,90,78,3,-0.011347834,10.5,Existing_Structures/generated_pka/4icb_model1.pka,resname+resseq+chain,0.0007936977781692,0.000326181310763,0.0121415317781692,10.73,False,False,unflipped,,,False,False,True,True,False,,-0.23000000000000043
LYS,10.5,80.29507750232314,-0.6448,0,2,0,1,0.0,0.0,0.0004784011151527,4ICB,A,71,10.72,88,91,79,3,-0.011347834,10.5,Existing_Structures/generated_pka/4icb_model1.pka,resname+resseq+chain,0.0007936977781692,0.0003152966630165,0.0121415317781692,10.72,False,False,unflipped,,,False,False,True,True,False,,-0.22000000000000064
LYS,10.5,39.574189422507374,-3.9176,0,4,2,4,0.4622,0.5115,0.0003089340734957,4ICB,A,72,10.91,89,92,80,3,0.020189812,10.5,Existing_Structures/generated_pka/4icb_model1.pka,resname+resseq+chain,0.0007936977781692,0.0004847637046735,-0.0193961142218307,10.91,False,False,unflipped,9.086009675934198,False,False,True,True,False,False,-1.823990324065802,-0.41000000000000014
LYS,10.5,39.574189422507374,-3.9176,0,4,2,4,0.4622,0.5115,0.0002454106503973,4ICB,A,72,11.01,90,93,81,3,0.020189812,10.5,Existing_Structures/generated_pka/4icb_model1.pka,resname+resseq+chain,0.0007936977781692,0.0005482871277719,-0.0193961142218307,11.01,False,False,unflipped,9.086009675934198,False,False,True,True,False,False,-1.9239903240658016,-0.5099999999999998
LYS,10.5,39.574189422507374,-3.9176,0,4,2,4,0.4622,0.5115,0.0001174759532729,4ICB,A,72,11.33,91,94,82,3,0.020189812,10.5,Existing_Structures/generated_pka/4icb_model1.pka,resname+resseq+chain,0.0007936977781692,0.0006762218248963,-0.0193961142218307,11.33,False,False,unflipped,9.086009675934198,False,False,True,True,False,False,-2.243990324065802,-0.8300000000000001
HIS,6.0,65.99752091029517,-1.6256,1,2,3,2,0.0,0.0,0.9679482219721288,4BYA,A,34,5.92,93,96,83,4,0.7811737,6.5,Existing_Structures/generated_pka/4bya_model1.pka,resname+resseq+chain,0.8881842302218831,-0.0797639917502457,0.1070105302218831,5.92,True,True,unflipped,6.847351903852824,True,True,True,True,False,False,0.9273519038528244,0.5800000000000001
HIS,6.0,27.12662246395068,-12.107,1,2,3,5,0.3454,0.4754,0.802909170153816,4BYA,A,71,6.79,94,97,84,4,0.5841458,6.5,Existing_Structures/generated_pka/4bya_model1.pka,resname+resseq+chain,0.8881842302218831,0.085275060068067,0.304038430221883,6.79,True,True,unflipped,7.252419833613158,True,True,True,True,False,False,0.46241983361315775,-0.29000000000000004
LYS,10.5,66.49786263267565,-3.9045,0,1,0,6,0.5583,0.7878,0.0020375777448726,1PRW,A,13,10.09,95,98,85,8,-0.011082111,10.5,Existing_Structures/generated_pka/1prw_model1.pka,resname+resseq+chain,0.0007936977781692,-0.0012438799667033,0.0118758087781692,10.09,False,False,unflipped,,,False,False,True,True,False,,0.41000000000000014
LYS,10.5,46.77226446906888,-5.9693,1,2,3,3,1.3622,1.8697,0.0033003826208403,1PRW,A,21,9.88,96,99,86,8,-0.039102513,10.5,Existing_Structures/generated_pka/1prw_model1.pka,resname+resseq+chain,0.0007936977781692,-0.002506684842671,0.0398962107781692,9.88,False,False,unflipped,,,False,False,True,True,False,,0.6199999999999992
LYS,10.5,94.63197160655707,-0.8273,1,2,1,2,0.0,0.0,0.0036176456701732,1PRW,A,30,9.84,97,100,87,8,0.01156252,10.5,Existing_Structures/generated_pka/1prw_model1.pka,resname+resseq+chain,0.0007936977781692,-0.0028239478920039,-0.0107688222218307,9.84,False,False,unflipped,9.331896707849806,False,False,True,True,False,False,-0.508103292150194,0.6600000000000001
LYS,10.5,25.263605029753457,-30.398,3,2,3,6,0.8331,0.9055,0.0127186475962907,1PRW,A,75,9.29,98,101,88,8,0.07534354,10.5,Existing_Structures/generated_pka/1prw_model1.pka,resname+resseq+chain,0.0007936977781692,-0.0119249498181214,-0.0745498422218307,9.29,False,False,unflipped,8.48893438657727,False,False,True,True,False,False,-0.801065613422729,1.2100000000000009
LYS,10.5,65.4396278289237,-3.935,1,3,2,0,1.7148,1.7803,0.0014769238577015,1PRW,A,77,10.23,99,102,89,8,-0.010494712,10.5,Existing_Structures/generated_pka/1prw_model1.pka,resname+resseq+chain,0.0007936977781692,-0.0006832260795322,0.0112884097781692,10.23,False,False,unflipped,,,False,False,True,True,False,,0.2699999999999996
LYS,10.5,38.5623998486526,-15.2582,4,1,2,2,1.1543,1.1823,0.0055919673088347,1PRW,A,94,9.65,100,103,90,8,-0.03224894,10.5,Existing_Structures/generated_pka/1prw_model1.pka,resname+resseq+chain,0.0007936977781692,-0.0047982695306654,0.0330426377781692,9.65,False,False,unflipped,,,False,False,True,True,False,,0.8499999999999996
LYS,10.5,51.225272704496646,-9.1561,0,2,0,3,0.8287,1.3689,0.0025055926672857,1PRW,A,148,10.0,101,104,91,8,-0.004728573,10.5,Existing_Structures/generated_pka/1prw_model1.pka,resname+resseq+chain,0.0007936977781692,-0.0017118948891164,0.0055222707781692,10.0,False,False,unflipped,,,False,False,True,True,False,,0.5
HIS,6.0,13.67419869339767,-10.0812,1,7,1,0,1.2315,1.8723,0.9843983377581704,1KXI,A,4,5.6,102,105,92,4,0.70028174,6.5,Existing_Structures/generated_pka/1kxi_model1.pka,resname+resseq+chain,0.8881842302218831,-0.0962141075362873,0.1879024902218831,5.6,True,True,unflipped,7.031440400485835,True,True,True,True,False,False,1.431440400485835,0.9000000000000004
CYS,8.3,21.381356321611463,-7.634,2,0,2,4,0.3517,0.6905,0.9998415357956376,1THE,A,29,3.6,106,109,96,3,0.5326143,9.0,Existing_Structures/generated_pka/1the_model1.pka,resname+resseq+chain,0.024503367550336,-0.9753381682453016,-0.508110932449664,3.6,False,True,flipped,7.343262598208533,True,False,True,False,False,True,3.7432625982085326,5.4
HIS,6.0,7.781105557392117,-24.2241,2,0,2,3,1.1741,1.2772,0.7597469266479578,1THE,A,110,6.9,107,110,97,3,0.43344393,6.5,Existing_Structures/generated_pka/1the_model1.pka,resname+resseq+chain,0.8881842302218831,0.1284373035739252,0.4547403002218831,6.9,True,True,unflipped,7.516309971457731,False,True,False,True,True,False,0.6163099714577305,-0.40000000000000036
HIS,6.0,53.93586236962528,-2.1059,1,1,4,2,0.0372,0.0,0.333860575416878,1THE,A,111,7.7,108,111,98,3,0.7471208,6.5,Existing_Structures/generated_pka/1the_model1.pka,resname+resseq+chain,0.8881842302218831,0.554323654805005,0.141063430221883,7.7,True,False,flipped,6.92952228148746,True,True,False,False,True,True,-0.7704777185125398,-1.2000000000000002
HIS,6.0,6.516245268673586,-23.3632,2,0,1,3,1.3648,1.5835,0.0593509431027676,1THE,A,199,8.6,109,112,99,3,0.52188027,6.5,Existing_Structures/generated_pka/1the_model1.pka,resname+resseq+chain,0.8881842302218831,0.8288332871191155,0.366303960221883,8.6,True,False,flipped,7.361965787181391,True,True,False,False,True,True,-1.2380342128186088,-2.0999999999999996
CYS,8.3,40.16935364895817,21.5591,5,1,1,2,0.3636,0.5579,0.9843983377581704,1QK1,A,278,5.6,124,129,114,7,0.75897384,9.0,Existing_Structures/generated_pka/1qk1_model1.pka,resname+resseq+chain,0.024503367550336,-0.9598949702078344,-0.734470472449664,5.6,False,True,flipped,6.901837374622562,True,False,True,False,False,True,1.3018373746225622,3.4000000000000004
CYS,8.3,44.60370720392238,17.1282,4,0,2,2,0.8938,1.0101,0.9843983377581704,1I0E,A,283,5.6,125,130,115,5,0.8695672,9.0,Existing_Structures/generated_pka/1i0e_model1.pka,resname+resseq+chain,0.024503367550336,-0.9598949702078344,-0.845063832449664,5.6,False,True,flipped,6.576083667539097,True,False,True,False,False,True,0.9760836675390969,3.4000000000000004
HIS,6.0,61.352664646006495,2.5023,2,3,1,0,0.1237,0.2225,0.9731959575961598,2CPL,A,70,5.84,126,131,116,1,0.8380221,6.5,Existing_Structures/generated_pka/2cpl_model1.pka,resname+resseq+chain,0.8881842302218831,-0.0850117273742767,0.050162130221883,5.84,True,True,unflipped,6.6862002923249415,True,True,True,True,False,False,0.8462002923249416,0.6600000000000001
HIS,6.0,17.194574240704267,-15.3725,1,2,2,3,1.1806,1.3896,0.9198816569709808,2CPL,A,126,6.34,127,132,117,1,0.77400076,6.5,Existing_Structures/generated_pka/2cpl_model1.pka,resname+resseq+chain,0.8881842302218831,-0.0316974267490977,0.1141834702218831,6.34,True,True,unflipped,6.865365591563917,True,True,True,True,False,False,0.5253655915639168,0.16000000000000014
HIS,6.0,17.23918621752755,-1.7755,1,4,0,1,0.0178,0.0579,0.9999874109043696,1HRC,A,18,2.5,128,133,118,5,0.95883673,6.5,Existing_Structures/generated_pka/1hrc_model1.pka,resname+resseq+chain,0.8881842302218831,-0.1118031806824865,-0.0706524997781169,2.5,True,True,unflipped,6.032765205580025,True,True,True,True,False,False,3.5327652055800254,4.0
HIS,6.0,19.29181423023031,-13.1721,1,4,0,2,0.5442,1.3646,0.9090909090909092,1HRC,A,33,6.4,130,135,119,5,0.5046846,6.5,Existing_Structures/generated_pka/1hrc_model1.pka,resname+resseq+chain,0.8881842302218831,-0.020906678869026,0.383499630221883,6.4,True,True,unflipped,7.391861778145181,True,True,True,True,False,False,0.9918617781451804,0.09999999999999964
TYR,10.5,11.835579041138809,17.8751,2,8,0,2,0.6601,0.7218,0.0002511255632614,1HRC,A,67,11.0,131,136,120,5,0.71988976,10.0,Existing_Structures/generated_pka/1hrc_model1.pka,resname+resseq+chain,0.0025055926672857,0.0022544671040243,-0.7173841673327143,11.0,False,False,unflipped,6.990062989603096,True,False,False,True,True,False,-4.009937010396904,-1.0
LYS,10.5,54.9211976919084,-4.8412,0,3,1,0,0.7861,1.2062,0.024503367550336,1HRC,A,79,9.0,132,137,121,5,-0.018454906,10.5,Existing_Structures/generated_pka/1hrc_model1.pka,resname+resseq+chain,0.0007936977781692,-0.0237096697721667,0.0192486037781692,9.0,False,False,unflipped,,,False,False,True,True,False,,1.5
CYS,8.3,15.45357990442274,-5.7162,3,2,1,3,0.64,1.2718,0.99009900990099,1P5F,A,106,5.4,133,141,122,10,0.5788538,9.0,Existing_Structures/generated_pka/1p5f_model1.pka,resname+resseq+chain,0.024503367550336,-0.965595642350654,-0.554350432449664,5.4,False,True,flipped,7.2618639977600905,True,False,True,False,False,True,1.8618639977600902,3.5999999999999996
CYS,8.3,15.787856657211956,21.5835,3,2,0,2,0.3139,0.32,0.9090909090909092,3CZ9,A,106,6.4,134,145,123,2,0.9642157,9.0,Existing_Structures/generated_pka/3cz9_model1.pka,resname+resseq+chain,0.024503367550336,-0.8845875415405732,-0.939712332449664,6.4,False,True,flipped,5.969518327440254,True,False,True,False,False,True,-0.430481672559746,2.5999999999999996
LYS,10.5,50.93242141080956,-13.1423,0,2,0,4,0.0,0.0,0.0014769238577015,1XSN,A,265,10.23,135,149,124,6,0.07777323,10.5,Existing_Structures/generated_pka/1xsn_model1.pka,resname+resseq+chain,0.0007936977781692,-0.0006832260795322,-0.0769795322218307,10.23,False,False,unflipped,8.474007588565117,False,False,True,True,False,False,-1.7559924114348835,0.2699999999999996
LYS,10.5,64.79448486849516,-5.8676,2,4,1,0,0.0093,0.0,0.0021334009591299,1XSN,A,273,10.07,136,150,125,6,0.015554269,10.5,Existing_Structures/generated_pka/1xsn_model1.pka,resname+resseq+chain,0.0007936977781692,-0.0013397031809606,-0.0147605712218307,10.07,False,False,unflipped,9.20134217452256,False,False,True,True,False,False,-0.86865782547744,0.4299999999999997
LYS,10.5,57.35352281166344,-3.8987,3,3,0,0,0.3728,0.6083,0.0024486980746892,1XSN,A,281,10.01,137,151,126,6,-0.019351056,10.5,Existing_Structures/generated_pka/1xsn_model1.pka,resname+resseq+chain,0.0007936977781692,-0.0016550002965199,0.0201447537781692,10.01,False,False,unflipped,,,False,False,True,True,False,,0.4900000000000002
LYS,10.5,16.20434511260653,0.8445,3,4,2,3,0.3971,0.553,0.0065635694070481,1XSN,A,312,9.58,138,155,127,6,0.20688838,10.5,Existing_Structures/generated_pka/1xsn_model1.pka,resname+resseq+chain,0.0007936977781692,-0.0057698716288788,-0.2060946822218307,9.58,False,False,unflipped,7.983598213877793,False,False,True,True,False,False,-1.5964017861222075,0.9199999999999999
LYS,10.5,42.82172149331282,2.7164,3,5,2,2,0.8251,0.9927,0.0013471456331351,1XSN,A,324,10.27,139,156,128,6,0.07203907,10.5,Existing_Structures/generated_pka/1xsn_model1.pka,resname+resseq+chain,0.0007936977781692,-0.0005534478549658,-0.0712453722218307,10.27,False,False,unflipped,8.509961593885695,False,False,True,True,False,False,-1.7600384061143046,0.23000000000000043
CYS,8.3,3.22528511926256,15.3977,1,1,0,3,1.3426,2.5186,0.9998741233057576,1DSB,A,30,3.5,140,159,129,10,0.8641509,9.0,Existing_Structures/generated_pka/1dsb_model1.pka,resname+resseq+chain,0.024503367550336,-0.9753707557554216,-0.8396475324496641,3.5,False,True,flipped,6.596467178969886,True,False,True,False,False,True,3.0964671789698857,5.5
CYS,8.3,3.612963491661874,13.6338,1,1,0,3,1.191,2.7411,0.9997761779936488,1FVJ,A,30,3.75,141,160,130,7,0.8767023,9.0,Existing_Structures/generated_pka/1fvj_model1.pka,resname+resseq+chain,0.024503367550336,-0.9752728104433128,-0.852198932449664,3.75,False,True,flipped,6.548102829412162,True,False,True,False,False,True,2.798102829412162,5.25
CYS,8.3,3.0319962927108066,15.0498,1,1,0,3,1.0263,1.9068,0.9989539667831926,1AC1,A,30,4.42,142,161,131,1,0.8748195,9.0,Existing_Structures/generated_pka/1ac1_model1.pka,resname+resseq+chain,0.024503367550336,-0.9744505992328566,-0.850316132449664,4.42,False,True,flipped,6.5556182268606085,True,False,True,False,False,True,2.1356182268606085,4.58
CYS,8.3,6.889980374076754,7.3692,0,1,0,2,1.1615,2.8473,0.995013121263312,1BED,A,30,5.1,143,162,132,7,0.77375746,9.0,Existing_Structures/generated_pka/1bed_model1.pka,resname+resseq+chain,0.024503367550336,-0.970509753712976,-0.749254092449664,5.1,False,True,flipped,6.865969418724196,True,False,True,False,False,True,1.7659694187241968,3.9000000000000004
CYS,8.3,2.917360159741229,23.1233,1,1,1,1,2.168,5.0217,0.9991095426827856,1EEJ,A,98,4.35,144,163,133,9,1.0527577,9.0,Existing_Structures/generated_pka/1eej_model1.pka,resname+resseq+chain,0.024503367550336,-0.9746061751324496,-1.0282543324496638,4.35,False,True,flipped,,,False,False,False,True,True,,4.65
CYS,8.3,2.917360159741229,23.1233,1,1,1,1,2.168,5.0217,0.9984176147191982,1EEJ,A,98,4.6,145,164,134,9,1.0527577,9.0,Existing_Structures/generated_pka/1eej_model1.pka,resname+resseq+chain,0.024503367550336,-0.9739142471688622,-1.0282543324496638,4.6,False,True,flipped,,,False,False,False,True,True,,4.4
CYS,8.3,2.917360159741229,23.1233,1,1,1,1,2.168,5.0217,0.9994990638291864,1EEJ,A,98,4.1,146,165,135,9,1.0527577,9.0,Existing_Structures/generated_pka/1eej_model1.pka,resname+resseq+chain,0.024503367550336,-0.9749956962788504,-1.0282543324496638,4.1,False,True,flipped,,,False,False,False,True,True,,4.9
CYS,8.3,10.050333606607254,10.7853,0,2,2,2,0.4215,1.3251,0.0007936977781692,2FWF,A,461,10.5,147,166,136,8,0.8283398,9.0,Existing_Structures/generated_pka/2fwf_model1.pka,resname+resseq+chain,0.024503367550336,0.0237096697721668,-0.803836432449664,10.5,False,False,unflipped,6.716461085377974,True,False,False,True,True,False,-3.783538914622026,-1.5
CYS,8.3,10.050333606607254,10.7853,0,2,2,2,0.4215,1.3251,0.0124327352544423,2FWF,A,461,9.3,148,167,137,8,0.8283398,9.0,Existing_Structures/generated_pka/2fwf_model1.pka,resname+resseq+chain,0.024503367550336,0.0120706322958937,-0.803836432449664,9.3,False,False,unflipped,6.716461085377974,True,False,False,True,True,False,-2.583538914622027,-0.3000000000000007
CYS,8.3,7.17312704975692,27.4322,0,2,1,1,2.0442,3.5341,0.9998741233057576,1V57,A,109,3.5,150,169,138,2,0.9920986,9.0,Existing_Structures/generated_pka/1v57_model1.pka,resname+resseq+chain,0.024503367550336,-0.9753707557554216,-0.967595232449664,3.5,False,True,flipped,5.301149211271645,True,False,True,False,False,True,1.8011492112716452,5.5
HIS,6.0,9.919135222467476,-14.5308,0,0,1,1,0.664,0.7299,0.7992399910868984,1EGF,A,22,6.8,153,173,141,2,0.6172395,6.5,Existing_Structures/generated_pka/1egf_model1.pka,resname+resseq+chain,0.8881842302218831,0.0889442391349847,0.270944730221883,6.8,True,True,unflipped,7.192473402443579,True,True,True,True,False,False,0.39247340244357876,-0.2999999999999998
HIS,6.0,7.44143930576396,20.1744,1,2,0,2,0.8217,1.1624,0.9999748817666264,3EBX,A,6,2.8,159,180,146,2,0.90827024,6.5,Existing_Structures/generated_pka/3ebx_model1.pka,resname+resseq+chain,0.8881842302218831,-0.1117906515447433,-0.0200860097781169,2.8,True,True,unflipped,6.4042951727177675,True,True,True,True,False,False,3.6042951727177677,3.7
HIS,6.0,24.4247273977585,-9.8134,1,2,0,1,0.3169,0.0,0.975496632449664,3EBX,A,26,5.8,160,181,147,2,0.44878843,6.5,Existing_Structures/generated_pka/3ebx_model1.pka,resname+resseq+chain,0.8881842302218831,-0.0873124022277809,0.439395800221883,5.8,True,True,unflipped,7.489276672836923,False,True,False,True,True,False,1.6892766728369235,0.7000000000000002
HIS,6.0,70.00838622190736,-0.2501,0,0,1,0,0.0,0.0,0.8858769425858496,1FKS,A,87,6.51,171,192,157,3,0.63558495,6.5,Existing_Structures/generated_pka/1fks_model1.pka,resname+resseq+chain,0.8881842302218831,0.0023072876360334,0.252599280221883,6.51,True,True,unflipped,7.15842269961737,True,True,True,True,False,False,0.6484226996173703,-0.009999999999999787
HIS,6.0,77.10717404177049,2.7116,0,0,1,1,0.0,0.0,0.9731959575961598,1FKS,A,94,5.84,172,193,158,3,0.74469775,6.5,Existing_Structures/generated_pka/1fks_model1.pka,resname+resseq+chain,0.8881842302218831,-0.0850117273742767,0.143486480221883,5.84,True,True,unflipped,6.935074600609197,True,True,True,True,False,False,1.0950746006091974,0.6600000000000001
LYS,10.5,79.08108491093444,-0.9593,0,2,1,0,0.4992,0.551,0.0019912891707283,1BEO,A,61,10.1,178,200,161,7,-0.028887352,10.5,Existing_Structures/generated_pka/1beo_model1.pka,resname+resseq+chain,0.0007936977781692,-0.001197591392559,0.0296810497781692,10.1,False,False,unflipped,,,False,False,True,True,False,,0.40000000000000036
TYR,10.5,46.05217109312007,0.9334,0,1,0,0,0.2542,0.274,0.0011207609398445,1BEO,A,85,10.35,180,202,163,7,-0.035612486,10.0,Existing_Structures/generated_pka/1beo_model1.pka,resname+resseq+chain,0.0025055926672857,0.0013848317274412,0.0381180786672857,10.35,False,False,unflipped,,,False,False,True,True,False,,-0.34999999999999964
LYS,10.5,59.88161018071859,-1.2977,0,2,0,0,0.8948,1.0396,0.0099009900990099,1BEO,A,94,9.4,182,204,164,7,-0.028842097,10.5,Existing_Structures/generated_pka/1beo_model1.pka,resname+resseq+chain,0.0007936977781692,-0.0091072923208406,0.0296357947781692,9.4,False,False,unflipped,,,False,False,True,True,False,,1.0999999999999996
CYS,8.3,14.298663650441323,17.79,3,2,1,1,0.3937,1.6471,0.9997488744367388,1KTE,A,22,3.8,194,225,173,3,0.8836091,9.0,Existing_Structures/generated_pka/1kte_model1.pka,resname+resseq+chain,0.024503367550336,-0.9752455068864028,-0.859105732449664,3.8,False,True,flipped,6.5196588465324385,True,False,True,False,False,True,2.7196588465324387,5.2
HIS,6.0,18.898790052672823,-16.4825,0,0,2,0,1.5637,1.9603,0.557311633762293,1B2V,A,32,7.3,200,231,174,3,0.7062154,6.5,Existing_Structures/generated_pka/1b2v_model1.pka,resname+resseq+chain,0.8881842302218831,0.3308725964595901,0.181968830221883,7.3,True,True,unflipped,7.019091842893152,True,True,True,True,False,False,-0.2809081571068477,-0.7999999999999998
HIS,6.0,52.29389839604449,-3.3834,0,0,0,1,0.5934,0.6788,0.9843983377581704,1B2V,A,83,5.6,201,232,175,3,0.7414883,6.5,Existing_Structures/generated_pka/1b2v_model1.pka,resname+resseq+chain,0.8881842302218831,-0.0962141075362873,0.1466959302218831,5.6,True,True,unflipped,6.942375900987632,True,True,True,True,False,False,1.3423759009876326,0.9000000000000004
HIS,6.0,60.86714147004154,-4.4986,0,0,1,1,1.2965,1.4688,0.6661394245831224,1B2V,A,128,7.1,202,233,176,3,0.8007487,6.5,Existing_Structures/generated_pka/1b2v_model1.pka,resname+resseq+chain,0.8881842302218831,0.2220448056387607,0.0874355302218831,7.1,True,True,unflipped,6.795904921331059,True,True,True,True,False,False,-0.3040950786689409,-0.5999999999999996
HIS,6.0,96.73162386905648,3.7942,0,4,1,2,0.4636,0.6794,0.8336624691834381,4HHB,B,2,6.7,204,240,177,5,0.9651935,6.5,Existing_Structures/generated_pka/4hhb_model1.pka,resname+resseq+chain,0.8881842302218831,0.0545217610384449,-0.0770092697781169,6.7,True,True,unflipped,5.957045966060587,True,True,True,True,False,False,-0.7429540339394132,-0.20000000000000018
HIS,6.0,86.0568761432044,2.3978,0,2,1,2,0.0,0.0,0.8336624691834381,1HHO,B,2,6.7,205,241,178,4,0.8550445,6.5,Existing_Structures/generated_pka/1hho_model1.pka,resname+resseq+chain,0.8881842302218831,0.0545217610384449,0.0331397302218831,6.7,True,True,unflipped,6.629245980528841,True,True,True,True,False,False,-0.07075401947115889,-0.20000000000000018
HIS,6.0,55.88273858828061,-12.3932,0,3,0,2,0.5921,0.6329,0.3868631798468573,4HHB,A,20,7.6,206,242,179,5,0.64201623,6.5,Existing_Structures/generated_pka/4hhb_model1.pka,resname+resseq+chain,0.8881842302218831,0.5013210503750258,0.2461680002218831,7.6,True,False,flipped,7.146317330315375,True,True,False,False,True,True,-0.4536826696846248,-1.0999999999999996
HIS,6.0,63.61803241239314,-9.225,0,4,0,2,0.0067,0.0,0.7152527510491988,1HHO,A,20,7.0,207,243,180,4,0.8040828,6.5,Existing_Structures/generated_pka/1hho_model1.pka,resname+resseq+chain,0.8881842302218831,0.1729314791726842,0.0841014302218831,7.0,True,True,unflipped,6.786771793036867,True,True,True,True,False,False,-0.21322820696313283,-0.5
HIS,6.0,85.31157691809949,-18.6442,1,2,1,3,0.0255,0.0288,0.6131368201531431,4HHB,A,50,7.2,208,244,181,5,0.8187049,6.5,Existing_Structures/generated_pka/4hhb_model1.pka,resname+resseq+chain,0.8881842302218831,0.27504741006874,0.0694793302218831,7.2,True,True,unflipped,6.745258676571232,True,True,True,True,False,False,-0.4547413234287685,-0.7000000000000002
HIS,6.0,87.291571480958,-16.3098,1,2,1,3,0.1379,0.2008,0.6661394245831224,1HHO,A,50,7.1,209,245,182,4,0.6656649,6.5,Existing_Structures/generated_pka/1hho_model1.pka,resname+resseq+chain,0.8881842302218831,0.2220448056387607,0.222519330221883,7.1,True,True,unflipped,7.100926315630599,True,True,True,True,False,False,0.000926315630599639,-0.5999999999999996
HIS,6.0,59.38840407180423,-3.3542,0,2,3,0,0.0918,0.0,0.557311633762293,4HHB,A,72,7.3,210,246,183,5,0.5959645,6.5,Existing_Structures/generated_pka/4hhb_model1.pka,resname+resseq+chain,0.8881842302218831,0.3308725964595901,0.2922197302218831,7.3,True,True,unflipped,7.231199134690937,True,True,True,True,False,False,-0.06880086530906304,-0.7999999999999998
HIS,6.0,67.44444024798763,-19.4391,0,1,3,0,0.0184,0.0,0.6661394245831224,1HHO,A,72,7.1,211,247,184,4,0.48383433,6.5,Existing_Structures/generated_pka/1hho_model1.pka,resname+resseq+chain,0.8881842302218831,0.2220448056387607,0.4043499002218831,7.1,True,True,unflipped,7.428092436325927,False,True,False,True,True,False,0.3280924363259272,-0.5999999999999996
HIS,6.0,60.24446982779374,-6.7126,0,2,2,0,0.5284,0.8274,0.2847472489508016,4HHB,B,77,7.8,212,248,185,5,0.7650006,6.5,Existing_Structures/generated_pka/4hhb_model1.pka,resname+resseq+chain,0.8881842302218831,0.6034369812710815,0.123183630221883,7.8,True,False,flipped,6.887404977656739,True,True,False,False,True,True,-0.9125950223432611,-1.2999999999999998
HIS,6.0,65.81314109695356,-5.706,0,2,2,0,0.1123,0.1251,0.2847472489508016,1HHO,B,77,7.8,213,249,186,4,0.62774366,6.5,Existing_Structures/generated_pka/1hho_model1.pka,resname+resseq+chain,0.8881842302218831,0.6034369812710815,0.260440570221883,7.8,True,False,flipped,7.173059767897045,True,True,False,False,True,True,-0.6269402321029549,-1.2999999999999998
HIS,6.0,65.79548274160389,-1.1154,3,3,1,1,0.0,0.0,0.6131368201531431,4HHB,A,89,7.2,214,250,187,5,0.8582468,6.5,Existing_Structures/generated_pka/4hhb_model1.pka,resname+resseq+chain,0.8881842302218831,0.27504741006874,0.0299374302218831,7.2,True,True,unflipped,6.617920678812796,True,True,True,True,False,False,-0.5820793211872042,-0.7000000000000002
HIS,6.0,50.050041316939854,-4.4651,2,2,1,0,0.2141,0.2788,0.9843983377581704,1HHO,A,89,5.6,215,251,188,4,0.6401605,6.5,Existing_Structures/generated_pka/1hho_model1.pka,resname+resseq+chain,0.8881842302218831,-0.0962141075362873,0.248023730221883,5.6,True,True,unflipped,7.149819961393604,True,True,True,True,False,False,1.5498199613936041,0.9000000000000004
HIS,6.0,31.17422587815882,-14.4963,1,2,0,5,2.2058,3.2101,0.1663375308165621,4HHB,A,112,8.1,216,252,189,5,0.6701501,6.5,Existing_Structures/generated_pka/4hhb_model1.pka,resname+resseq+chain,0.8881842302218831,0.721846699405321,0.2180341302218831,8.1,True,False,flipped,7.0921442700202855,True,True,False,False,True,True,-1.0078557299797142,-1.5999999999999996
HIS,6.0,13.253752489291054,-7.4364,1,2,0,5,0.5946,0.6675,0.1663375308165621,1HHO,A,112,8.1,217,253,190,4,0.69976485,6.5,Existing_Structures/generated_pka/1hho_model1.pka,resname+resseq+chain,0.8881842302218831,0.721846699405321,0.1884193802218831,8.1,True,False,flipped,7.032509412287374,True,True,False,False,True,True,-1.0674905877126255,-1.5999999999999996
HIS,6.0,50.05900080936792,7.4294,0,2,0,1,0.0,0.0,0.9843983377581704,4HHB,B,143,5.6,218,254,191,5,0.83592594,6.5,Existing_Structures/generated_pka/4hhb_model1.pka,resname+resseq+chain,0.8881842302218831,-0.0962141075362873,0.0522582902218831,5.6,True,True,unflipped,6.692872122580052,True,True,True,True,False,False,1.0928721225800526,0.9000000000000004
HIS,6.0,78.06740656505477,0.1669,0,4,1,2,0.3791,0.3805,0.1663375308165621,4HHB,B,146,8.1,219,255,192,5,0.9633532,6.5,Existing_Structures/generated_pka/4hhb_model1.pka,resname+resseq+chain,0.8881842302218831,0.721846699405321,-0.0751689697781169,8.1,True,False,flipped,5.980250513692712,True,True,False,False,True,True,-2.1197494863072874,-1.5999999999999996
HIS,6.0,61.75060563822448,5.4776,1,2,2,2,1.0742,1.6993,0.7152527510491988,1HHO,B,146,7.0,220,256,193,4,0.96868145,6.5,Existing_Structures/generated_pka/1hho_model1.pka,resname+resseq+chain,0.8881842302218831,0.1729314791726842,-0.0804972197781169,7.0,True,True,unflipped,5.9096206635053505,True,True,True,True,False,False,-1.0903793364946495,-0.5
HIS,6.0,2.128027572900958,-8.2764,2,4,2,2,1.4208,1.4084,0.9693465699682844,2RVQ,D,49,5.9,227,263,200,5,0.6981337,6.5,Existing_Structures/generated_pka/2rvq_model1.pka,resname+resseq+chain,0.8881842302218831,-0.0811623397464013,0.1900505302218831,5.9,True,True,unflipped,7.0358760290194065,True,True,True,True,False,False,1.135876029019406,0.5999999999999996
HIS,6.0,43.22475649669386,-11.2753,1,4,0,6,0.1088,0.0,0.8881842302218831,2RVQ,D,109,6.5,231,267,204,5,0.5652339,6.5,Existing_Structures/generated_pka/2rvq_model1.pka,resname+resseq+chain,0.8881842302218831,0.0,0.3229503302218831,6.5,True,True,unflipped,7.286027472664256,True,True,True,True,False,False,0.786027472664256,0.0
CYS,8.3,0.8633360094597299,24.03,3,1,4,3,1.6592,3.0279,0.9664882894516288,4MA9,A,46,5.94,239,275,211,4,0.80454606,9.0,Existing_Structures/generated_pka/4ma9_model1.pka,resname+resseq+chain,0.024503367550336,-0.9419849219012928,-0.780042692449664,5.94,False,True,flipped,6.785493517087913,True,False,True,False,False,True,0.8454935170879123,3.0599999999999996
LYS,10.5,70.42195862830417,-0.2337,0,3,1,0,0.2308,0.2335,0.0005009361708135,1IGD,A,24,10.7,241,277,213,10,0.009716353,10.5,Existing_Structures/generated_pka/1igd_model1.pka,resname+resseq+chain,0.0007936977781692,0.0002927616073557,-0.0089226552218307,10.7,False,False,unflipped,9.408256322851695,False,False,True,True,False,False,-1.291743677148304,-0.1999999999999993
CYS,8.3,3.467793250453004,8.6683,1,2,1,2,0.6702,1.6722,0.9987426574886448,1MEK,A,36,4.5,250,286,222,10,0.5379529,9.0,Existing_Structures/generated_pka/1mek_model1.pka,resname+resseq+chain,0.024503367550336,-0.9742392899383088,-0.513449532449664,4.5,False,True,flipped,7.3339419957219265,True,False,True,False,False,True,2.8339419957219265,4.5
LYS,10.5,76.13532498839635,4.1748,1,2,1,2,0.0,0.0,0.0004166956758008,2ZTA,A,3,10.78,252,289,224,6,0.031867433,10.5,Existing_Structures/generated_pka/2zta_model1.pka,resname+resseq+chain,0.0007936977781692,0.0003770021023684,-0.0310737352218307,10.78,False,False,unflipped,8.882587748200805,False,False,True,True,False,False,-1.897412251799194,-0.27999999999999936
LYS,10.5,49.98554445979614,-6.8893,1,4,1,7,0.1779,0.3644,0.000138019374483,2ZTA,A,8,11.26,255,292,227,6,0.020882646,10.5,Existing_Structures/generated_pka/2zta_model1.pka,resname+resseq+chain,0.0007936977781692,0.0006556784036862,-0.0200889482218307,11.26,False,False,unflipped,9.071049221688924,False,False,True,True,False,False,-2.188950778311076,-0.7599999999999998
LYS,10.5,53.67635444321463,-2.3292,0,3,1,3,0.393,0.8049,0.000602196726664,2ZTA,A,15,10.62,258,295,230,6,-0.010110164,10.5,Existing_Structures/generated_pka/2zta_model1.pka,resname+resseq+chain,0.0007936977781692,0.0001915010515052,0.0109038617781692,10.62,False,False,unflipped,,,False,False,True,True,False,,-0.11999999999999922
TYR,10.5,68.13047751928853,-0.32,0,3,0,3,0.3539,0.5266,0.0037874943114472,2ZTA,A,17,9.82,259,296,231,6,0.19742456,10.0,Existing_Structures/generated_pka/2zta_model1.pka,resname+resseq+chain,0.0025055926672857,-0.0012819016441614,-0.1949189673327142,9.82,False,False,unflipped,8.009084686770922,False,False,True,True,False,False,-1.8109153132290778,0.17999999999999972
HIS,6.0,72.39307634518765,-3.8717,1,3,0,6,0.2821,0.7748,0.9352934990460784,2ZTA,A,18,6.24,260,297,232,6,0.81205654,6.5,Existing_Structures/generated_pka/2zta_model1.pka,resname+resseq+chain,0.8881842302218831,-0.0471092688241953,0.076127690221883,6.24,True,True,unflipped,6.764440949515479,True,True,True,True,False,False,0.5244409495154789,0.2599999999999998
LYS,10.5,61.26013180561887,-7.0148,2,4,0,4,0.0471,0.1118,0.0001994864287215,2ZTA,A,27,11.1,263,300,235,6,0.025607295,10.5,Existing_Structures/generated_pka/2zta_model1.pka,resname+resseq+chain,0.0007936977781692,0.0005942113494477,-0.0248135972218307,11.1,False,False,unflipped,8.980370319217212,False,False,True,True,False,False,-2.119629680782788,-0.5999999999999996
LYS,10.5,83.37430882901644,-0.9301,1,2,0,1,0.0,0.0,0.0005751089966521,2ZTA,A,28,10.64,264,301,236,6,0.0052507566,10.5,Existing_Structures/generated_pka/2zta_model1.pka,resname+resseq+chain,0.0007936977781692,0.0002185887815171,-0.0044570588218307,10.64,False,False,unflipped,9.677491730561384,False,False,True,True,False,False,-0.9625082694386169,-0.14000000000000057
HIS,6.0,69.95959269410143,-4.2302,3,3,0,2,0.0,0.0,0.7801296039931588,1A93,A,29,6.85,265,303,237,8,0.8209935,6.5,Existing_Structures/generated_pka/1a93_model1.pka,resname+resseq+chain,0.8881842302218831,0.1080546262287243,0.067190730221883,6.85,True,True,unflipped,6.738529082442806,True,True,True,True,False,False,-0.11147091755719352,-0.34999999999999964
HIS,6.0,89.23831924860822,-3.1567,1,0,0,4,0.0,0.0,0.802909170153816,1U2U,A,28,6.79,283,321,255,8,0.8185382,6.5,Existing_Structures/generated_pka/1u2u_model1.pka,resname+resseq+chain,0.8881842302218831,0.085275060068067,0.069646030221883,6.79,True,True,unflipped,6.7457462624025535,True,True,True,True,False,False,-0.04425373759744655,-0.29000000000000004
HIS,6.0,88.45531145469423,-4.4702,3,1,2,0,0.0,0.0,0.6558205059123952,1LZ1,A,78,7.12,286,324,258,8,0.57669044,6.5,Existing_Structures/generated_pka/1lz1_model1.pka,resname+resseq+chain,0.8881842302218831,0.2323637243094879,0.311493790221883,7.12,True,True,unflipped,7.265715324649253,True,True,True,True,False,False,0.1457153246492533,-0.6200000000000001
HIS,6.0,13.780355820115888,-21.9975,2,4,3,3,1.8299,1.9299,0.7992399910868984,1QT8,A,26,6.8,290,328,262,10,0.90421295,6.5,Existing_Structures/generated_pka/1qt8_model1.pka,resname+resseq+chain,0.8881842302218831,0.0889442391349847,-0.0160287197781169,6.8,True,True,unflipped,6.425036075646173,True,True,True,True,False,False,-0.3749639243538265,-0.2999999999999998
HIS,6.0,22.82706728936345,-26.4961,1,5,4,4,0.9524,1.1105,0.0306534300317155,1QT8,A,31,8.9,291,329,263,10,0.49322015,6.5,Existing_Structures/generated_pka/1qt8_model1.pka,resname+resseq+chain,0.8881842302218831,0.8575308001901676,0.394964080221883,8.9,True,False,flipped,7.41177852769608,False,True,True,False,False,True,-1.4882214723039207,-2.4000000000000004
LYS,10.5,1.6506475833310608,-23.2191,5,3,1,3,0.0,0.0,0.8881842302218831,1L54,A,102,6.5,300,338,272,5,0.46776596,10.5,Existing_Structures/generated_pka/1l54_model1.pka,resname+resseq+chain,0.0007936977781692,-0.8873905324437138,-0.4669722622218307,6.5,False,True,flipped,7.456074032809845,False,False,False,False,True,True,0.9560740328098447,4.0
HIS,6.0,23.34410570931908,-24.4503,2,4,5,4,0.914,1.0377,0.0195623038725795,2LZM,A,31,9.1,306,344,278,9,0.4038976,6.5,Existing_Structures/generated_pka/2lzm_model1.pka,resname+resseq+chain,0.8881842302218831,0.8686219263493036,0.484286630221883,9.1,True,False,flipped,7.56904959781308,False,True,True,False,False,True,-1.53095040218692,-2.5999999999999996
LYS,10.5,55.95306834228224,-1.5791,2,1,1,1,0.4677,0.4203,0.0003979487443048,4LZT,A,1,10.8,308,347,280,2,0.016046017,10.5,Existing_Structures/generated_pka/4lzt_model1.pka,resname+resseq+chain,0.0007936977781692,0.0003957490338644,-0.0152523192218307,10.8,False,False,unflipped,9.187607540087768,False,False,True,True,False,False,-1.6123924599122326,-0.3000000000000007
LYS,10.5,55.95306834228224,-1.5791,2,1,1,1,0.4677,0.4203,0.0003161277976296,4LZT,A,1,10.9,309,348,281,2,0.016046017,10.5,Existing_Structures/generated_pka/4lzt_model1.pka,resname+resseq+chain,0.0007936977781692,0.0004775699805396,-0.0152523192218307,10.9,False,False,unflipped,9.187607540087768,False,False,True,True,False,False,-1.7123924599122322,-0.40000000000000036
LYS,10.5,47.839373016216,-9.896,3,1,1,1,0.6248,0.6655,0.0007936977781692,4LZT,A,13,10.5,311,350,283,2,-0.0027335177,10.5,Existing_Structures/generated_pka/4lzt_model1.pka,resname+resseq+chain,0.0007936977781692,4.4452289071905676e-17,0.0035272154781692,10.5,False,False,unflipped,,,False,False,True,True,False,,0.0
LYS,10.5,47.839373016216,-9.896,3,1,1,1,0.6248,0.6655,0.0005009361708135,4LZT,A,13,10.7,312,351,284,2,-0.0027335177,10.5,Existing_Structures/generated_pka/4lzt_model1.pka,resname+resseq+chain,0.0007936977781692,0.0002927616073557,0.0035272154781692,10.7,False,False,unflipped,,,False,False,True,True,False,,-0.1999999999999993
HIS,6.0,29.772973126832348,-3.0495,1,3,2,1,1.8257,2.6922,0.9875672647455576,4LZT,A,15,5.5,313,352,285,2,0.87007725,6.5,Existing_Structures/generated_pka/4lzt_model1.pka,resname+resseq+chain,0.8881842302218831,-0.0993830345236744,0.018106980221883,5.5,True,True,unflipped,6.574127391193944,True,True,True,True,False,False,1.0741273911939437,1.0
HIS,6.0,29.772973126832348,-3.0495,1,3,2,1,1.8257,2.6922,0.9909623162617603,4LZT,A,15,5.36,314,353,286,2,0.87007725,6.5,Existing_Structures/generated_pka/4lzt_model1.pka,resname+resseq+chain,0.8881842302218831,-0.1027780860398772,0.018106980221883,5.36,True,True,unflipped,6.574127391193944,True,True,True,True,False,False,1.2141273911939434,1.1399999999999997
TYR,10.5,24.89164894766421,8.2237,1,2,2,0,4.2349,5.0409,0.0006305594883398,4LZT,A,20,10.6,316,355,288,2,0.07589609,10.0,Existing_Structures/generated_pka/4lzt_model1.pka,resname+resseq+chain,0.0025055926672857,0.0018750331789459,-0.0733904973327142,10.6,False,False,unflipped,8.48550140522959,False,False,True,True,False,False,-2.11449859477041,-0.5999999999999996
TYR,10.5,26.96196580912622,13.5722,2,3,1,0,1.8713,2.1904,0.0015823852808017,4LZT,A,23,10.2,317,356,289,2,0.16391832,10.0,Existing_Structures/generated_pka/4lzt_model1.pka,resname+resseq+chain,0.0025055926672857,0.000923207386484,-0.1614127273327142,10.2,False,False,unflipped,8.107621213062945,False,False,True,True,False,False,-2.0923787869370543,-0.1999999999999993
LYS,10.5,36.67774439379004,7.4666,2,1,0,2,0.1383,0.1431,0.0006305594883398,4LZT,A,33,10.6,318,357,290,2,0.06577969,10.5,Existing_Structures/generated_pka/4lzt_model1.pka,resname+resseq+chain,0.0007936977781692,0.0001631382898294,-0.0649859922218307,10.6,False,False,unflipped,8.5523574821884,False,False,True,True,False,False,-2.0476425178115996,-0.09999999999999964
LYS,10.5,36.67774439379004,7.4666,2,1,0,2,0.1383,0.1431,0.0006305594883398,4LZT,A,33,10.6,319,358,291,2,0.06577969,10.5,Existing_Structures/generated_pka/4lzt_model1.pka,resname+resseq+chain,0.0007936977781692,0.0001631382898294,-0.0649859922218307,10.6,False,False,unflipped,8.5523574821884,False,False,True,True,False,False,-2.0476425178115996,-0.09999999999999964
LYS,10.5,36.67774439379004,7.4666,2,1,0,2,0.1383,0.1431,0.0005009361708135,4LZT,A,33,10.7,320,359,292,2,0.06577969,10.5,Existing_Structures/generated_pka/4lzt_model1.pka,resname+resseq+chain,0.0007936977781692,0.0002927616073557,-0.0649859922218307,10.7,False,False,unflipped,8.5523574821884,False,False,True,True,False,False,-2.147642517811599,-0.1999999999999993
TYR,10.5,7.365068124137028,-13.4044,3,0,3,0,3.8249,5.0259,5.011621160218207e-05,4LZT,A,53,11.7,324,363,296,2,0.055138215,10.0,Existing_Structures/generated_pka/4lzt_model1.pka,resname+resseq+chain,0.0025055926672857,0.0024554764556835,-0.0526326223327142,11.7,False,False,unflipped,8.63391558177558,False,False,True,True,False,False,-3.0660844182244187,-1.6999999999999993
LYS,10.5,32.22507109840626,-9.6492,2,3,2,0,0.5936,0.5782,0.0003979487443048,4LZT,A,96,10.8,327,366,299,2,-0.028866448,10.5,Existing_Structures/generated_pka/4lzt_model1.pka,resname+resseq+chain,0.0007936977781692,0.0003957490338644,0.0296601457781692,10.8,False,False,unflipped,,,False,False,True,True,False,,-0.3000000000000007
LYS,10.5,32.22507109840626,-9.6492,2,3,2,0,0.5936,0.5782,0.0003161277976296,4LZT,A,96,10.9,328,367,300,2,-0.028866448,10.5,Existing_Structures/generated_pka/4lzt_model1.pka,resname+resseq+chain,0.0007936977781692,0.0004775699805396,0.0296601457781692,10.9,False,False,unflipped,,,False,False,True,True,False,,-0.40000000000000036
LYS,10.5,54.58149171489084,-1.7145,2,2,1,0,0.0,0.0,0.0012573425113552,4LZT,A,97,10.3,329,368,301,2,-0.008540723,10.5,Existing_Structures/generated_pka/4lzt_model1.pka,resname+resseq+chain,0.0007936977781692,-0.0004636447331859,0.0093344207781692,10.3,False,False,unflipped,,,False,False,True,True,False,,0.1999999999999993
LYS,10.5,54.58149171489084,-1.7145,2,2,1,0,0.0,0.0,0.0012573425113552,4LZT,A,97,10.3,330,369,302,2,-0.008540723,10.5,Existing_Structures/generated_pka/4lzt_model1.pka,resname+resseq+chain,0.0007936977781692,-0.0004636447331859,0.0093344207781692,10.3,False,False,unflipped,,,False,False,True,True,False,,0.1999999999999993
LYS,10.5,54.58149171489084,-1.7145,2,2,1,0,0.0,0.0,0.0007936977781692,4LZT,A,97,10.5,331,370,303,2,-0.008540723,10.5,Existing_Structures/generated_pka/4lzt_model1.pka,resname+resseq+chain,0.0007936977781692,4.4452289071905676e-17,0.0093344207781692,10.5,False,False,unflipped,,,False,False,True,True,False,,0.0
LYS,10.5,60.16409474520438,2.1221,2,1,0,0,0.0,0.0,0.0009990009990009,4LZT,A,116,10.4,334,373,306,2,-0.014369284,10.5,Existing_Structures/generated_pka/4lzt_model1.pka,resname+resseq+chain,0.0007936977781692,-0.0002053032208316,0.0151629817781692,10.4,False,False,unflipped,,,False,False,True,True,False,,0.09999999999999964
LYS,10.5,60.16409474520438,2.1221,2,1,0,0,0.0,0.0,0.0009990009990009,4LZT,A,116,10.4,335,374,307,2,-0.014369284,10.5,Existing_Structures/generated_pka/4lzt_model1.pka,resname+resseq+chain,0.0007936977781692,-0.0002053032208316,0.0151629817781692,10.4,False,False,unflipped,,,False,False,True,True,False,,0.09999999999999964
LYS,10.5,60.16409474520438,2.1221,2,1,0,0,0.0,0.0,0.0006305594883398,4LZT,A,116,10.6,336,375,308,2,-0.014369284,10.5,Existing_Structures/generated_pka/4lzt_model1.pka,resname+resseq+chain,0.0007936977781692,0.0001631382898294,0.0151629817781692,10.6,False,False,unflipped,,,False,False,True,True,False,,-0.09999999999999964
HIS,6.0,32.78661002801479,0.9917,4,2,2,2,1.0639,1.0839,0.994010494478932,6GST,A,83,5.18,346,386,316,6,0.82415044,6.5,Existing_Structures/generated_pka/6gst_model1.pka,resname+resseq+chain,0.8881842302218831,-0.1058262642570488,0.064033790221883,5.18,True,True,unflipped,6.729134791163069,True,True,True,True,False,False,1.5491347911630688,1.3200000000000003
HIS,6.0,95.14839093653704,-0.2802,4,2,0,3,0.0,0.0,0.676301669492737,6GST,A,84,7.08,347,387,317,6,0.75699013,6.5,Existing_Structures/generated_pka/6gst_model1.pka,resname+resseq+chain,0.8881842302218831,0.2118825607291461,0.131194100221883,7.08,True,True,unflipped,6.906533696104914,True,True,True,True,False,False,-0.17346630389508633,-0.5800000000000001
HIS,6.0,38.67551530560876,-11.6332,2,2,4,2,0.5576,0.6346,0.2990226013898924,6GST,A,167,7.77,348,388,318,6,0.44147086,6.5,Existing_Structures/generated_pka/6gst_model1.pka,resname+resseq+chain,0.8881842302218831,0.5891616288319907,0.446713370221883,7.77,True,False,flipped,7.502143793831126,False,True,True,False,False,True,-0.2678562061688732,-1.2699999999999996
LYS,10.5,70.55646784628375,-2.211,1,3,0,4,0.0,0.0,0.0909090909090909,1MUT,A,39,8.4,349,389,319,4,0.0016792269,10.5,Existing_Structures/generated_pka/1mut_model1.pka,resname+resseq+chain,0.0007936977781692,-0.0901153931309216,-0.0008855291218307,8.4,False,False,unflipped,10.17416072531124,False,False,True,True,False,False,1.7741607253112388,2.0999999999999996
HIS,6.0,51.7439502347657,-4.2595,0,1,2,3,0.9777,0.9683,0.8904506387229247,1A6K,A,12,6.49,350,390,320,6,0.76784295,6.5,Existing_Structures/generated_pka/1a6k_model1.pka,resname+resseq+chain,0.8881842302218831,-0.0022664085010416,0.120341280221883,6.49,True,True,unflipped,6.880509475464279,True,True,True,True,False,False,0.3905094754642784,0.009999999999999787
HIS,6.0,51.7439502347657,-4.2595,0,1,2,3,0.9777,0.9683,0.9090909090909092,1A6K,A,12,6.4,351,391,321,6,0.76784295,6.5,Existing_Structures/generated_pka/1a6k_model1.pka,resname+resseq+chain,0.8881842302218831,-0.020906678869026,0.120341280221883,6.4,True,True,unflipped,6.880509475464279,True,True,True,True,False,False,0.48050947546427825,0.09999999999999964
HIS,6.0,51.7439502347657,-4.2595,0,1,2,3,0.9777,0.9683,0.9090909090909092,1A6K,A,12,6.4,352,392,322,6,0.76784295,6.5,Existing_Structures/generated_pka/1a6k_model1.pka,resname+resseq+chain,0.8881842302218831,-0.020906678869026,0.120341280221883,6.4,True,True,unflipped,6.880509475464279,True,True,True,True,False,False,0.48050947546427825,0.09999999999999964
HIS,6.0,76.22808768468438,1.2013,0,2,2,3,0.6801,1.3222,0.9264124438824266,1MBC,A,12,6.3,353,393,323,6,0.8159604,6.5,Existing_Structures/generated_pka/1mbc_model1.pka,resname+resseq+chain,0.8881842302218831,-0.0382282136605435,0.072223830221883,6.3,True,True,unflipped,6.753242198491792,True,True,True,True,False,False,0.45324219849179226,0.20000000000000018
HIS,6.0,0.726048374768216,-16.3967,1,2,3,1,2.3217,3.1981,0.9406490568972324,1MBC,A,24,6.2,357,397,324,6,0.737054,6.5,Existing_Structures/generated_pka/1mbc_model1.pka,resname+resseq+chain,0.8881842302218831,-0.0524648266753493,0.1511302302218831,6.2,True,True,unflipped,6.9523672611480345,True,True,True,True,False,False,0.7523672611480343,0.2999999999999998
HIS,6.0,28.07975752952789,-10.0777,1,3,0,4,0.6806,1.4624,0.2082511624918155,1A6K,A,36,7.98,358,398,325,6,0.7807382,6.5,Existing_Structures/generated_pka/1a6k_model1.pka,resname+resseq+chain,0.8881842302218831,0.6799330677300676,0.107446030221883,7.98,True,False,flipped,6.848457546000848,True,True,False,False,True,True,-1.1315424539991525,-1.4800000000000004
HIS,6.0,28.07975752952789,-10.0777,1,3,0,4,0.6806,1.4624,0.1423366814461432,1A6K,A,36,8.18,359,399,326,6,0.7807382,6.5,Existing_Structures/generated_pka/1a6k_model1.pka,resname+resseq+chain,0.8881842302218831,0.7458475487757399,0.107446030221883,8.18,True,False,flipped,6.848457546000848,True,True,False,False,True,True,-1.3315424539991518,-1.6799999999999997
HIS,6.0,28.07975752952789,-10.0777,1,3,0,4,0.6806,1.4624,0.1368068886032102,1A6K,A,36,8.2,360,400,327,6,0.7807382,6.5,Existing_Structures/generated_pka/1a6k_model1.pka,resname+resseq+chain,0.8881842302218831,0.7513773416186729,0.107446030221883,8.2,True,False,flipped,6.848457546000848,True,True,False,False,True,True,-1.3515424539991514,-1.6999999999999993
HIS,6.0,31.90658873091318,-8.7353,1,3,0,4,0.5158,1.5796,0.2007600089131019,1MBC,A,36,8.0,361,401,328,6,0.6152757,6.5,Existing_Structures/generated_pka/1mbc_model1.pka,resname+resseq+chain,0.8881842302218831,0.6874242213087812,0.2729085302218831,8.0,True,False,flipped,7.196079854942976,True,True,False,False,True,True,-0.8039201450570239,-1.5
HIS,6.0,30.798231007332976,-10.9393,1,2,0,4,0.5542,0.5644,0.1368068886032102,1BVC,A,36,8.2,362,402,329,8,0.39346117,6.5,Existing_Structures/generated_pka/1bvc_model1.pka,resname+resseq+chain,0.8881842302218831,0.7513773416186729,0.494723060221883,8.2,True,False,flipped,7.587956730143191,False,True,True,False,False,True,-0.6120432698568079,-1.6999999999999993
HIS,6.0,71.67325227591179,-0.1729,1,5,2,4,0.9567,1.3434,0.9860713716585464,1A6K,A,48,5.55,363,403,330,6,0.8921997,6.5,Existing_Structures/generated_pka/1a6k_model1.pka,resname+resseq+chain,0.8881842302218831,-0.0978871414366633,-0.0040154697781169,5.55,True,True,unflipped,6.48215789658562,True,True,True,True,False,False,0.9321578965856201,0.9500000000000002
HIS,6.0,71.67325227591179,-0.1729,1,5,2,4,0.9567,1.3434,0.9875672647455576,1A6K,A,48,5.5,364,404,331,6,0.8921997,6.5,Existing_Structures/generated_pka/1a6k_model1.pka,resname+resseq+chain,0.8881842302218831,-0.0993830345236744,-0.0040154697781169,5.5,True,True,unflipped,6.48215789658562,True,True,True,True,False,False,0.9821578965856199,1.0
HIS,6.0,71.67325227591179,-0.1729,1,5,2,4,0.9567,1.3434,0.9875672647455576,1A6K,A,48,5.5,365,405,332,6,0.8921997,6.5,Existing_Structures/generated_pka/1a6k_model1.pka,resname+resseq+chain,0.8881842302218831,-0.0993830345236744,-0.0040154697781169,5.5,True,True,unflipped,6.48215789658562,True,True,True,True,False,False,0.9821578965856199,1.0
HIS,6.0,71.09148556664583,2.0269,1,5,2,3,0.487,1.5474,0.9921193161496696,1MBC,A,48,5.3,366,406,333,6,0.92865777,6.5,Existing_Structures/generated_pka/1mbc_model1.pka,resname+resseq+chain,0.8881842302218831,-0.1039350859277865,-0.0404735397781169,5.3,True,True,unflipped,6.285490983509007,True,True,True,True,False,False,0.9854909835090071,1.2000000000000002
HIS,6.0,93.2786218598781,1.6726,1,3,2,2,0.0,0.0,0.993729987658566,1BVC,A,48,5.2,367,407,334,8,0.82862395,6.5,Existing_Structures/generated_pka/1bvc_model1.pka,resname+resseq+chain,0.8881842302218831,-0.1055457574366829,0.059560280221883,5.2,True,True,unflipped,6.715592646969766,True,True,True,True,False,False,1.5155926469697656,1.2999999999999998
HIS,6.0,87.10212766346699,-2.4465,0,3,1,3,0.7596,0.9758,0.7680520031675842,1A6K,A,81,6.88,369,409,335,6,0.8244107,6.5,Existing_Structures/generated_pka/1a6k_model1.pka,resname+resseq+chain,0.8881842302218831,0.1201322270542989,0.063773530221883,6.88,True,True,unflipped,6.728354427651668,True,True,True,True,False,False,-0.15164557234833165,-0.3799999999999999
HIS,6.0,87.10212766346699,-2.4465,0,3,1,3,0.7596,0.9758,0.8336624691834381,1A6K,A,81,6.7,370,410,336,6,0.8244107,6.5,Existing_Structures/generated_pka/1a6k_model1.pka,resname+resseq+chain,0.8881842302218831,0.0545217610384449,0.063773530221883,6.7,True,True,unflipped,6.728354427651668,True,True,True,True,False,False,0.028354427651668068,-0.20000000000000018
HIS,6.0,87.10212766346699,-2.4465,0,3,1,3,0.7596,0.9758,0.8336624691834381,1A6K,A,81,6.7,371,411,337,6,0.8244107,6.5,Existing_Structures/generated_pka/1a6k_model1.pka,resname+resseq+chain,0.8881842302218831,0.0545217610384449,0.063773530221883,6.7,True,True,unflipped,6.728354427651668,True,True,True,True,False,False,0.028354427651668068,-0.20000000000000018
HIS,6.0,87.80435517636293,-6.7814,0,3,1,3,0.052,0.1056,0.8631931113967901,1MBC,A,81,6.6,372,412,338,6,0.67440826,6.5,Existing_Structures/generated_pka/1mbc_model1.pka,resname+resseq+chain,0.8881842302218831,0.0249911188250929,0.2137759702218831,6.6,True,True,unflipped,7.08375049786602,True,True,True,True,False,False,0.4837504978660201,-0.09999999999999964
HIS,6.0,49.83093925241047,4.6894,1,5,1,1,0.9725,1.0157,0.9843983377581704,1MBC,A,97,5.6,376,416,339,6,0.97493345,6.5,Existing_Structures/generated_pka/1mbc_model1.pka,resname+resseq+chain,0.8881842302218831,-0.0962141075362873,-0.0867492197781168,5.6,True,True,unflipped,5.810119593245387,True,True,True,True,False,False,0.21011959324538765,0.9000000000000004
HIS,6.0,46.42615233483857,-1.8467,2,2,1,3,0.0715,0.0403,0.9872813524037092,1A6K,A,113,5.51,378,418,340,6,0.73821056,6.5,Existing_Structures/generated_pka/1a6k_model1.pka,resname+resseq+chain,0.8881842302218831,-0.099097122181826,0.1499736702218831,5.51,True,True,unflipped,6.94977187067422,True,True,True,True,False,False,1.4397718706742202,0.9900000000000002
HIS,6.0,46.42615233483857,-1.8467,2,2,1,3,0.0715,0.0403,0.99009900990099,1A6K,A,113,5.4,380,420,341,6,0.73821056,6.5,Existing_Structures/generated_pka/1a6k_model1.pka,resname+resseq+chain,0.8881842302218831,-0.1019147796791068,0.1499736702218831,5.4,True,True,unflipped,6.94977187067422,True,True,True,True,False,False,1.5497718706742196,1.0999999999999996
HIS,6.0,52.61780627147831,0.2321,2,2,1,3,0.8929,1.2999,0.99009900990099,1MBC,A,113,5.4,381,421,342,6,0.8017454,6.5,Existing_Structures/generated_pka/1mbc_model1.pka,resname+resseq+chain,0.8881842302218831,-0.1019147796791068,0.086438830221883,5.4,True,True,unflipped,6.793186795968354,True,True,True,True,False,False,1.3931867959683535,1.0999999999999996
HIS,6.0,63.02790726704112,-6.3854,2,0,2,1,0.5718,0.4681,0.8336624691834381,1A6K,A,116,6.7,383,423,343,6,0.7598809,6.5,Existing_Structures/generated_pka/1a6k_model1.pka,resname+resseq+chain,0.8881842302218831,0.0545217610384449,0.1283033302218831,6.7,True,True,unflipped,6.899681178459718,True,True,True,True,False,False,0.1996811784597181,-0.20000000000000018
HIS,6.0,63.02790726704112,-6.3854,2,0,2,1,0.5718,0.4681,0.8631931113967901,1A6K,A,116,6.6,384,424,344,6,0.7598809,6.5,Existing_Structures/generated_pka/1a6k_model1.pka,resname+resseq+chain,0.8881842302218831,0.0249911188250929,0.1283033302218831,6.6,True,True,unflipped,6.899681178459718,True,True,True,True,False,False,0.29968117845971864,-0.09999999999999964
HIS,6.0,63.02790726704112,-6.3854,2,0,2,1,0.5718,0.4681,0.8631931113967901,1A6K,A,116,6.6,385,425,345,6,0.7598809,6.5,Existing_Structures/generated_pka/1a6k_model1.pka,resname+resseq+chain,0.8881842302218831,0.0249911188250929,0.1283033302218831,6.6,True,True,unflipped,6.899681178459718,True,True,True,True,False,False,0.29968117845971864,-0.09999999999999964
HIS,6.0,68.46996486439554,-6.0326,1,1,2,1,0.8615,1.1728,0.8881842302218831,1MBC,A,116,6.5,386,426,346,6,0.76501477,6.5,Existing_Structures/generated_pka/1mbc_model1.pka,resname+resseq+chain,0.8881842302218831,0.0,0.1231694602218831,6.5,True,True,unflipped,6.887370745465158,True,True,True,True,False,False,0.3873707454651578,0.0
HIS,6.0,58.877651007298496,-6.1538,2,1,2,1,1.3576,1.4937,0.8631931113967901,1BVC,A,116,6.6,387,427,347,8,0.7272939,6.5,Existing_Structures/generated_pka/1bvc_model1.pka,resname+resseq+chain,0.8881842302218831,0.0249911188250929,0.160890330221883,6.6,True,True,unflipped,6.973984907476574,True,True,True,True,False,False,0.373984907476574,-0.09999999999999964
HIS,6.0,15.89718761457141,-2.1675,1,1,3,1,1.1197,1.6377,0.932449971003424,1A6K,A,119,6.26,388,428,348,6,0.89076513,6.5,Existing_Structures/generated_pka/1a6k_model1.pka,resname+resseq+chain,0.8881842302218831,-0.0442657407815408,-0.0025808997781169,6.26,True,True,unflipped,6.488598088413518,True,True,True,True,False,False,0.22859808841351814,0.2400000000000002
HIS,6.0,15.89718761457141,-2.1675,1,1,3,1,1.1197,1.6377,0.9522732789657962,1A6K,A,119,6.1,389,429,349,6,0.89076513,6.5,Existing_Structures/generated_pka/1a6k_model1.pka,resname+resseq+chain,0.8881842302218831,-0.064089048743913,-0.0025808997781169,6.1,True,True,unflipped,6.488598088413518,True,True,True,True,False,False,0.3885980884135183,0.40000000000000036
HIS,6.0,15.89718761457141,-2.1675,1,1,3,1,1.1197,1.6377,0.9522732789657962,1A6K,A,119,6.1,390,430,350,6,0.89076513,6.5,Existing_Structures/generated_pka/1a6k_model1.pka,resname+resseq+chain,0.8881842302218831,-0.064089048743913,-0.0025808997781169,6.1,True,True,unflipped,6.488598088413518,True,True,True,True,False,False,0.3885980884135183,0.40000000000000036
HIS,6.0,16.46806294097182,-2.6004,1,1,3,1,0.8423,0.7036,0.9843983377581704,1BVC,A,119,5.6,391,431,351,8,0.9706273,6.5,Existing_Structures/generated_pka/1bvc_model1.pka,resname+resseq+chain,0.8881842302218831,-0.0962141075362873,-0.0824430697781168,5.6,True,True,unflipped,5.880891367435837,True,True,True,True,False,False,0.28089136743583776,0.9000000000000004
HIS,6.0,13.211176472635607,3.7394,1,1,3,1,1.7675,2.1508,0.9522732789657962,1MBC,A,119,6.1,392,432,352,6,0.69419354,6.5,Existing_Structures/generated_pka/1mbc_model1.pka,resname+resseq+chain,0.8881842302218831,-0.064089048743913,0.1939906902218831,6.1,True,True,unflipped,7.043966087501797,True,True,True,True,False,False,0.9439660875017974,0.40000000000000036
TYR,10.5,29.7523299283306,9.4264,0,6,0,3,1.585,2.0531,0.0006305594883398,1A6K,A,151,10.6,394,434,353,6,0.25496984,10.0,Existing_Structures/generated_pka/1a6k_model1.pka,resname+resseq+chain,0.0025055926672857,0.0018750331789459,-0.2524642473327143,10.6,False,False,unflipped,7.865685042603003,False,False,True,True,False,False,-2.7343149573969967,-0.5999999999999996
HIS,6.0,34.918577184276614,-11.5415,1,2,1,3,0.4205,0.9444,0.2847472489508016,1YMB,A,36,7.8,398,438,354,5,0.6382187,6.5,Existing_Structures/generated_pka/1ymb_model1.pka,resname+resseq+chain,0.8881842302218831,0.6034369812710815,0.249965530221883,7.8,True,False,flipped,7.153476589989894,True,True,False,False,True,True,-0.646523410010106,-1.2999999999999998
HIS,6.0,34.918577184276614,-11.5415,1,2,1,3,0.4205,0.9444,0.3087638475852371,1YMB,A,36,7.75,399,439,355,5,0.6382187,6.5,Existing_Structures/generated_pka/1ymb_model1.pka,resname+resseq+chain,0.8881842302218831,0.579420382636646,0.249965530221883,7.75,True,False,flipped,7.153476589989894,True,True,False,False,True,True,-0.5965234100101062,-1.25
HIS,6.0,34.918577184276614,-11.5415,1,2,1,3,0.4205,0.9444,0.2663662975861928,1YMB,A,36,7.84,400,440,356,5,0.6382187,6.5,Existing_Structures/generated_pka/1ymb_model1.pka,resname+resseq+chain,0.8881842302218831,0.6218179326356903,0.249965530221883,7.84,True,False,flipped,7.153476589989894,True,True,False,False,True,True,-0.6865234100101061,-1.3399999999999999
HIS,6.0,34.918577184276614,-11.5415,1,2,1,3,0.4205,0.9444,0.2847472489508016,1YMB,A,36,7.8,401,441,357,5,0.6382187,6.5,Existing_Structures/generated_pka/1ymb_model1.pka,resname+resseq+chain,0.8881842302218831,0.6034369812710815,0.249965530221883,7.8,True,False,flipped,7.153476589989894,True,True,False,False,True,True,-0.646523410010106,-1.2999999999999998
HIS,6.0,67.15887004446384,6.6073,0,6,2,4,0.0552,0.3316,0.9836750575334462,1YMB,A,48,5.62,402,442,358,5,0.93225396,6.5,Existing_Structures/generated_pka/1ymb_model1.pka,resname+resseq+chain,0.8881842302218831,-0.0954908273115631,-0.0440697297781169,5.62,True,True,unflipped,6.261349677391806,True,True,True,True,False,False,0.6413496773918057,0.8799999999999999
HIS,6.0,67.15887004446384,6.6073,0,6,2,4,0.0552,0.3316,0.9875672647455576,1YMB,A,48,5.5,403,443,359,5,0.93225396,6.5,Existing_Structures/generated_pka/1ymb_model1.pka,resname+resseq+chain,0.8881842302218831,-0.0993830345236744,-0.0440697297781169,5.5,True,True,unflipped,6.261349677391806,True,True,True,True,False,False,0.7613496773918058,1.0
HIS,6.0,67.15887004446384,6.6073,0,6,2,4,0.0552,0.3316,0.9875672647455576,1YMB,A,48,5.5,404,444,360,5,0.93225396,6.5,Existing_Structures/generated_pka/1ymb_model1.pka,resname+resseq+chain,0.8881842302218831,-0.0993830345236744,-0.0440697297781169,5.5,True,True,unflipped,6.261349677391806,True,True,True,True,False,False,0.7613496773918058,1.0
HIS,6.0,67.15887004446384,6.6073,0,6,2,4,0.0552,0.3316,0.9921193161496696,1YMB,A,48,5.3,405,445,361,5,0.93225396,6.5,Existing_Structures/generated_pka/1ymb_model1.pka,resname+resseq+chain,0.8881842302218831,-0.1039350859277865,-0.0440697297781169,5.3,True,True,unflipped,6.261349677391806,True,True,True,True,False,False,0.961349677391806,1.2000000000000002
HIS,6.0,92.55399821301503,-1.8973,0,3,2,2,0.0,0.0,0.7425355589430698,1YMB,A,81,6.94,406,446,362,5,0.8332736,6.5,Existing_Structures/generated_pka/1ymb_model1.pka,resname+resseq+chain,0.8881842302218831,0.1456486712788133,0.0549106302218831,6.94,True,True,unflipped,6.701216750264497,True,True,True,True,False,False,-0.23878324973550313,-0.4400000000000004
HIS,6.0,92.55399821301503,-1.8973,0,3,2,2,0.0,0.0,0.7761545753418307,1YMB,A,81,6.86,407,447,363,5,0.8332736,6.5,Existing_Structures/generated_pka/1ymb_model1.pka,resname+resseq+chain,0.8881842302218831,0.1120296548800523,0.0549106302218831,6.86,True,True,unflipped,6.701216750264497,True,True,True,True,False,False,-0.15878324973550306,-0.3600000000000003
HIS,6.0,92.55399821301503,-1.8973,0,3,2,2,0.0,0.0,0.8336624691834381,1YMB,A,81,6.7,408,448,364,5,0.8332736,6.5,Existing_Structures/generated_pka/1ymb_model1.pka,resname+resseq+chain,0.8881842302218831,0.0545217610384449,0.0549106302218831,6.7,True,True,unflipped,6.701216750264497,True,True,True,True,False,False,0.0012167502644970796,-0.20000000000000018
HIS,6.0,54.08668472988114,4.8281,1,1,1,3,0.4832,0.4864,0.971333904197582,1YMB,A,113,5.87,411,451,365,5,0.79444546,6.5,Existing_Structures/generated_pka/1ymb_model1.pka,resname+resseq+chain,0.8881842302218831,-0.0831496739756989,0.093738770221883,5.87,True,True,unflipped,6.812862985779443,True,True,True,True,False,False,0.9428629857794428,0.6299999999999999
HIS,6.0,54.08668472988114,4.8281,1,1,1,3,0.4832,0.4864,0.9776043775428296,1YMB,A,113,5.76,412,452,366,5,0.79444546,6.5,Existing_Structures/generated_pka/1ymb_model1.pka,resname+resseq+chain,0.8881842302218831,-0.0894201473209465,0.093738770221883,5.76,True,True,unflipped,6.812862985779443,True,True,True,True,False,False,1.0528629857794432,0.7400000000000002
HIS,6.0,54.08668472988114,4.8281,1,1,1,3,0.4832,0.4864,0.99009900990099,1YMB,A,113,5.4,413,453,367,5,0.79444546,6.5,Existing_Structures/generated_pka/1ymb_model1.pka,resname+resseq+chain,0.8881842302218831,-0.1019147796791068,0.093738770221883,5.4,True,True,unflipped,6.812862985779443,True,True,True,True,False,False,1.4128629857794426,1.0999999999999996
HIS,6.0,45.14482022925399,1.0773,1,2,3,0,0.663,0.7613,0.802909170153816,1YMB,A,116,6.79,415,455,368,5,0.86536604,6.5,Existing_Structures/generated_pka/1ymb_model1.pka,resname+resseq+chain,0.8881842302218831,0.085275060068067,0.0228181902218831,6.79,True,True,unflipped,6.591954771962613,True,True,True,True,False,False,-0.19804522803738678,-0.29000000000000004
HIS,6.0,45.14482022925399,1.0773,1,2,3,0,0.663,0.7613,0.8271780169631398,1YMB,A,116,6.72,416,456,369,5,0.86536604,6.5,Existing_Structures/generated_pka/1ymb_model1.pka,resname+resseq+chain,0.8881842302218831,0.0610062132587433,0.0228181902218831,6.72,True,True,unflipped,6.591954771962613,True,True,True,True,False,False,-0.1280452280373865,-0.21999999999999975
HIS,6.0,45.14482022925399,1.0773,1,2,3,0,0.663,0.7613,0.8336624691834381,1YMB,A,116,6.7,417,457,370,5,0.86536604,6.5,Existing_Structures/generated_pka/1ymb_model1.pka,resname+resseq+chain,0.8881842302218831,0.0545217610384449,0.0228181902218831,6.7,True,True,unflipped,6.591954771962613,True,True,True,True,False,False,-0.10804522803738692,-0.20000000000000018
HIS,6.0,45.14482022925399,1.0773,1,2,3,0,0.663,0.7613,0.7992399910868984,1YMB,A,116,6.8,418,458,371,5,0.86536604,6.5,Existing_Structures/generated_pka/1ymb_model1.pka,resname+resseq+chain,0.8881842302218831,0.0889442391349847,0.0228181902218831,6.8,True,True,unflipped,6.591954771962613,True,True,True,True,False,False,-0.20804522803738656,-0.2999999999999998
HIS,6.0,17.51759385515221,8.827,0,2,2,2,0.7714,0.786,0.8737104209450817,1YMB,A,119,6.56,419,459,372,5,1.0141035,6.5,Existing_Structures/generated_pka/1ymb_model1.pka,resname+resseq+chain,0.8881842302218831,0.0144738092768014,-0.1259192697781169,6.56,True,True,unflipped,,,True,False,True,True,False,,-0.05999999999999961
HIS,6.0,17.51759385515221,8.827,0,2,2,2,0.7714,0.786,0.8858769425858496,1YMB,A,119,6.51,420,460,373,5,1.0141035,6.5,Existing_Structures/generated_pka/1ymb_model1.pka,resname+resseq+chain,0.8881842302218831,0.0023072876360334,-0.1259192697781169,6.51,True,True,unflipped,,,True,False,True,True,False,,-0.009999999999999787
HIS,6.0,17.51759385515221,8.827,0,2,2,2,0.7714,0.786,0.9109760314653454,1YMB,A,119,6.39,421,461,374,5,1.0141035,6.5,Existing_Structures/generated_pka/1ymb_model1.pka,resname+resseq+chain,0.8881842302218831,-0.0227918012434623,-0.1259192697781169,6.39,True,True,unflipped,,,True,False,True,True,False,,0.11000000000000032
HIS,6.0,17.51759385515221,8.827,0,2,2,2,0.7714,0.786,0.9406490568972324,1YMB,A,119,6.2,422,462,375,5,1.0141035,6.5,Existing_Structures/generated_pka/1ymb_model1.pka,resname+resseq+chain,0.8881842302218831,-0.0524648266753493,-0.1259192697781169,6.2,True,True,unflipped,,,True,False,True,True,False,,0.2999999999999998
TYR,10.5,80.86181885504193,1.3598,1,0,0,0,0.0,0.0,0.0049868787366879,1ANS,A,7,9.7,424,465,376,7,0.05649475,10.0,Existing_Structures/generated_pka/1ans_model1.pka,resname+resseq+chain,0.0025055926672857,-0.0024812860694021,-0.0539891573327142,9.7,False,False,unflipped,8.622736229929755,False,False,True,True,False,False,-1.0772637700702443,0.3000000000000007
TYR,10.5,18.82022997439672,-7.1833,1,1,0,1,0.0,0.0,0.0019912891707283,1ANS,A,18,10.1,425,466,377,7,0.15049241,10.0,Existing_Structures/generated_pka/1ans_model1.pka,resname+resseq+chain,0.0025055926672857,0.0005143034965574,-0.1479868173327142,10.1,False,False,unflipped,8.151652666380086,False,False,True,True,False,False,-1.948347333619914,-0.09999999999999964
LYS,10.5,42.02485825214693,-7.1171,1,2,0,0,0.0199,0.092,0.0003713972419378,3FT7,B,12,10.83,427,473,379,6,-0.024733247,10.5,Existing_Structures/generated_pka/3ft7_model1.pka,resname+resseq+chain,0.0007936977781692,0.0004223005362314,0.0255269447781692,10.83,False,False,unflipped,,,False,False,True,True,False,,-0.33000000000000007
TYR,10.5,51.36706333428464,5.5511,1,2,0,0,0.0,0.0,0.0178717953722617,3FT7,B,16,9.14,428,474,380,6,0.05611651,10.0,Existing_Structures/generated_pka/3ft7_model1.pka,resname+resseq+chain,0.0025055926672857,-0.0153662027049759,-0.0536109173327142,9.14,False,False,unflipped,8.625827736127567,False,False,True,True,False,False,-0.5141722638724335,0.8599999999999994
HIS,6.0,17.24558398548635,-21.145,1,2,1,2,0.4247,0.4246,0.9975513019253108,3FT7,B,22,4.79,430,476,382,6,0.6607432,6.5,Existing_Structures/generated_pka/3ft7_model1.pka,resname+resseq+chain,0.8881842302218831,-0.1093670717034277,0.2274410302218831,4.79,True,True,unflipped,7.110495859026094,True,True,True,True,False,False,2.320495859026094,1.71
LYS,10.5,91.881882994208,-0.903,1,2,2,2,0.0,0.0,0.0001659311530268,3FT7,B,30,11.18,433,479,385,6,0.0019288306,10.5,Existing_Structures/generated_pka/3ft7_model1.pka,resname+resseq+chain,0.0007936977781692,0.0006277666251424,-0.0011351328218307,11.18,False,False,unflipped,10.113867423297748,False,False,True,True,False,False,-1.0661325767022518,-0.6799999999999997
LYS,10.5,46.02472566297843,-2.3768,1,2,3,3,0.647,0.7297,0.0009323841492796,3FT7,B,32,10.43,435,481,387,6,0.017486244,10.5,Existing_Structures/generated_pka/3ft7_model1.pka,resname+resseq+chain,0.0007936977781692,-0.0001386863711103,-0.0166925462218307,10.43,False,False,unflipped,9.14964210540554,False,False,True,True,False,False,-1.2803578945944594,0.07000000000000028
LYS,10.5,46.82708922255899,-6.9031,2,1,2,2,0.1846,0.6975,3.6306487268132894e-05,3FT7,B,45,11.84,438,484,389,6,-0.030661944,10.5,Existing_Structures/generated_pka/3ft7_model1.pka,resname+resseq+chain,0.0007936977781692,0.0007573912909011,0.0314556417781692,11.84,False,False,unflipped,,,False,False,True,True,False,,-1.3399999999999999
HIS,6.0,27.95395702242793,-8.4358,1,3,4,5,0.0419,0.0191,0.7425355589430698,3FT7,B,51,6.94,441,487,392,6,0.6095276,6.5,Existing_Structures/generated_pka/3ft7_model1.pka,resname+resseq+chain,0.8881842302218831,0.1456486712788133,0.2786566302218831,6.94,True,True,unflipped,7.206596966120736,True,True,True,True,False,False,0.26659696612073525,-0.4400000000000004
TYR,10.5,6.610720549725338,14.7796,1,2,1,2,0.2354,0.7966,0.0017347861159992,1PPF,I,11,10.16,445,494,396,9,0.29150864,10.0,Existing_Structures/generated_pka/1ppf_model1.pka,resname+resseq+chain,0.0025055926672857,0.0007708065512865,-0.2890030473327142,10.16,False,False,unflipped,7.785683127123203,False,False,True,True,False,False,-2.374316872876797,-0.16000000000000014
LYS,10.5,40.143054613235954,-4.6435,0,2,2,2,0.0009,0.0,0.003376998798311,1PPF,I,13,9.87,446,495,397,9,-0.017944219,10.5,Existing_Structures/generated_pka/1ppf_model1.pka,resname+resseq+chain,0.0007936977781692,-0.0025833010201417,0.0187379167781692,9.87,False,False,unflipped,,,False,False,True,True,False,,0.6300000000000008
TYR,10.5,12.278713321557948,10.1019,4,3,1,1,1.4573,1.4373,0.0002137505099015,1PPF,I,20,11.07,448,497,399,9,0.014948311,10.0,Existing_Structures/generated_pka/1ppf_model1.pka,resname+resseq+chain,0.0025055926672857,0.0022918421573842,-0.0124427183327142,11.07,False,False,unflipped,9.218866895219014,False,False,True,True,False,False,-1.8511331047809865,-1.0700000000000003
LYS,10.5,63.20098905150802,-0.5304,2,1,1,1,0.0001,0.0,0.0001905097709078,1PPF,I,29,11.12,450,499,401,9,0.009454934,10.5,Existing_Structures/generated_pka/1ppf_model1.pka,resname+resseq+chain,0.0007936977781692,0.0006031880072614,-0.0086612362218307,11.12,False,False,unflipped,9.420215737450018,False,False,True,True,False,False,-1.699784262549981,-0.6199999999999992
LYS,10.5,48.1971541250145,-9.0583,1,2,1,2,1.3192,1.4857,0.0018586262127003,1PPF,I,34,10.13,452,501,402,9,0.014788465,10.5,Existing_Structures/generated_pka/1ppf_model1.pka,resname+resseq+chain,0.0007936977781692,-0.001064928434531,-0.0139947672218307,10.13,False,False,unflipped,9.22360639015779,False,False,True,True,False,False,-0.9063936098422101,0.3699999999999992
HIS,6.0,48.847886915633325,-5.8863,1,2,1,0,0.1135,0.4264,0.4426883662377074,1PPF,I,52,7.5,454,503,404,9,0.78957945,6.5,Existing_Structures/generated_pka/1ppf_model1.pka,resname+resseq+chain,0.8881842302218831,0.4454958639841757,0.0986047802218831,7.5,True,False,flipped,6.825692314793666,True,True,False,False,True,True,-0.6743076852063341,-1.0
LYS,10.5,75.50474781875438,0.9009,3,2,0,0,0.9131,1.1166,0.0001994864287215,1PPF,I,55,11.1,455,504,405,9,0.0041204374,10.5,Existing_Structures/generated_pka/1ppf_model1.pka,resname+resseq+chain,0.0007936977781692,0.0005942113494477,-0.0033267396218307,11.1,False,False,unflipped,9.783263499408072,False,False,True,True,False,False,-1.3167365005919276,-0.5999999999999996
LYS,10.5,94.75321430954344,-0.9903,2,1,0,0,0.0,0.0,0.0006305594883398,1BPI,A,15,10.6,458,508,408,1,-0.026599942,10.5,Existing_Structures/generated_pka/1bpi_model1.pka,resname+resseq+chain,0.0007936977781692,0.0001631382898294,0.0273936397781692,10.6,False,False,unflipped,,,False,False,True,True,False,,-0.09999999999999964
LYS,10.5,103.58491645176086,0.0342,0,1,0,0,0.7705,0.8119,0.0006305594883398,1BPI,A,26,10.6,459,509,409,1,-0.021124236,10.5,Existing_Structures/generated_pka/1bpi_model1.pka,resname+resseq+chain,0.0007936977781692,0.0001631382898294,0.0219179337781692,10.6,False,False,unflipped,,,False,False,True,True,False,,-0.09999999999999964
LYS,10.5,54.36084960151386,-1.8828,2,1,1,1,1.225,1.7611,0.0003979487443048,1BPI,A,41,10.8,460,510,410,1,0.022169543,10.5,Existing_Structures/generated_pka/1bpi_model1.pka,resname+resseq+chain,0.0007936977781692,0.0003957490338644,-0.0213758452218307,10.8,False,False,unflipped,9.044506819619059,False,False,True,True,False,False,-1.7554931803809417,-0.3000000000000007
LYS,10.5,83.10392963128014,0.9877,2,2,1,0,0.3894,0.7554,0.0006305594883398,1BPI,A,46,10.6,461,511,411,1,-0.008650444,10.5,Existing_Structures/generated_pka/1bpi_model1.pka,resname+resseq+chain,0.0007936977781692,0.0001631382898294,0.0094441417781692,10.6,False,False,unflipped,,,False,False,True,True,False,,-0.09999999999999964
CYS,8.3,15.696187126554086,4.34,0,3,2,2,0.4567,0.9626,0.999916830540624,1PPN,A,25,3.32,464,515,414,4,0.7053069,9.0,Existing_Structures/generated_pka/1ppn_model1.pka,resname+resseq+chain,0.024503367550336,-0.975413462990288,-0.680803532449664,3.32,False,True,flipped,7.020991834758215,True,False,True,False,False,True,3.700991834758215,5.68
CYS,8.3,17.62397299176787,21.8438,1,4,1,3,0.3295,0.9754,0.9999698013947792,1PPO,A,25,2.88,465,516,415,9,0.87320787,9.0,Existing_Structures/generated_pka/1ppo_model1.pka,resname+resseq+chain,0.024503367550336,-0.9754664338444432,-0.848704502449664,2.88,False,True,flipped,6.5619746564407775,True,False,True,False,False,True,3.6819746564407776,6.12
HIS,6.0,46.38182867900859,-20.8795,0,2,3,1,0.2706,0.6342,0.5,1NLX,A,477,7.4,476,527,426,9,0.64278,6.5,Existing_Structures/generated_pka/1nlx_model1.pka,resname+resseq+chain,0.8881842302218831,0.3881842302218831,0.245404230221883,7.4,True,False,flipped,7.144873410840021,True,True,False,False,True,True,-0.2551265891599792,-0.9000000000000004
HIS,6.0,11.115176894767677,-21.506,2,1,2,5,1.5952,2.8602,0.557311633762293,1NLX,A,490,7.3,480,531,430,9,0.52262646,6.5,Existing_Structures/generated_pka/1nlx_model1.pka,resname+resseq+chain,0.8881842302218831,0.3308725964595901,0.365557770221883,7.3,True,True,unflipped,7.360666949338946,True,True,True,True,False,False,0.06066694933894645,-0.7999999999999998
HIS,6.0,51.792274569297525,-3.2843,1,1,2,6,0.6344,0.6457,0.8881842302218831,1NLX,A,505,6.5,483,534,433,9,0.7367728,6.5,Existing_Structures/generated_pka/1nlx_model1.pka,resname+resseq+chain,0.8881842302218831,0.0,0.151411430221883,6.5,True,True,unflipped,6.952997179813468,True,True,True,True,False,False,0.452997179813468,0.0
HIS,6.0,40.78772623725031,6.0312,0,4,1,4,0.7886,1.1282,0.9617134961177454,1POH,A,76,6.0,484,535,434,7,0.94968325,6.5,Existing_Structures/generated_pka/1poh_model1.pka,resname+resseq+chain,0.8881842302218831,-0.0735292658958622,-0.0614990197781168,6.0,True,True,unflipped,6.124133803687626,True,True,True,True,False,False,0.12413380368762628,0.5
HIS,6.0,18.35537954692168,-44.8469,2,5,4,2,0.4362,0.5221,0.3868631798468573,1GYM,A,32,7.6,485,536,435,10,0.48439428,6.5,Existing_Structures/generated_pka/1gym_model1.pka,resname+resseq+chain,0.8881842302218831,0.5013210503750258,0.4037899502218831,7.6,True,False,flipped,7.427118720553816,False,True,True,False,False,True,-0.1728812794461838,-1.0999999999999996
HIS,6.0,33.99685553564355,-18.8498,3,5,4,1,0.0374,0.0011,0.7597469266479578,1GYM,A,82,6.9,486,537,436,10,0.5397931,6.5,Existing_Structures/generated_pka/1gym_model1.pka,resname+resseq+chain,0.8881842302218831,0.1284373035739252,0.348391130221883,6.9,True,True,unflipped,7.330725797059341,True,True,True,True,False,False,0.430725797059341,-0.40000000000000036
HIS,6.0,62.12764968572628,9.8325,1,3,2,3,0.465,0.5444,0.99009900990099,1GYM,A,92,5.4,487,538,437,10,0.9219217,6.5,Existing_Structures/generated_pka/1gym_model1.pka,resname+resseq+chain,0.8881842302218831,-0.1019147796791068,-0.0337374697781168,5.4,True,True,unflipped,6.327836311432334,True,True,True,True,False,False,0.9278363114323334,1.0999999999999996
HIS,6.0,13.298648816943675,-17.4498,2,0,3,2,1.7653,1.8474,0.7597469266479578,1GYM,A,227,6.9,488,539,438,10,0.6309425,6.5,Existing_Structures/generated_pka/1gym_model1.pka,resname+resseq+chain,0.8881842302218831,0.1284373035739252,0.2572417302218831,6.9,True,True,unflipped,7.167104253231066,True,True,True,True,False,False,0.26710425323106524,-0.40000000000000036
LYS,10.5,26.03688709812292,-1.5674,3,1,6,3,0.0142,0.0752,0.0124327352544423,1FEZ,A,53,9.3,489,540,439,8,-0.102806725,10.5,Existing_Structures/generated_pka/1fez_model1.pka,resname+resseq+chain,0.0007936977781692,-0.011639037476273,0.1036004227781692,9.3,False,False,unflipped,,,False,False,True,True,False,,1.1999999999999993
HIS,6.0,0.0,-4.1896,1,0,1,0,1.131,1.2419,0.9999292104330793,3SSI,A,43,3.25,515,566,465,9,0.80979955,6.5,Existing_Structures/generated_pka/3ssi_model1.pka,resname+resseq+chain,0.8881842302218831,-0.1117449802111961,0.078384680221883,3.25,True,True,unflipped,6.7708340090127574,True,True,True,True,False,False,3.5208340090127574,3.25
HIS,6.0,14.437047094701194,-6.9885,2,0,3,4,0.3706,0.4443,0.9617134961177454,3SSI,A,106,6.0,516,567,466,9,0.77877176,6.5,Existing_Structures/generated_pka/3ssi_model1.pka,resname+resseq+chain,0.8881842302218831,-0.0735292658958622,0.109412470221883,6.0,True,True,unflipped,6.853430369636818,True,True,True,True,False,False,0.8534303696368184,0.5
CYS,8.3,8.84801837100354,44.4756,4,1,1,1,1.7843,2.7178,0.9854245035095256,2HNP,A,215,5.57,525,576,475,3,0.9920744,9.0,Existing_Structures/generated_pka/2hnp_model1.pka,resname+resseq+chain,0.024503367550336,-0.9609211359591896,-0.967571032449664,5.57,False,True,flipped,5.302487906965564,True,False,True,False,False,True,-0.2675120930344361,3.4299999999999997
CYS,8.3,7.52241539667422,40.6105,4,1,1,2,1.6761,2.8487,0.9981413737872996,1YPT,A,403,4.67,526,577,476,7,0.9964066,9.0,Existing_Structures/generated_pka/1ypt_model1.pka,resname+resseq+chain,0.024503367550336,-0.9736380062369636,-0.971903232449664,4.67,False,True,flipped,4.957068967913208,True,False,True,False,False,True,0.2870689679132079,4.33
HIS,6.0,28.892298654091714,-24.7763,4,1,2,1,0.189,0.6142,0.1051372103559197,1DG9,A,66,8.33,527,578,477,4,0.46023226,6.5,Existing_Structures/generated_pka/1dg9_model1.pka,resname+resseq+chain,0.8881842302218831,0.7830470198659634,0.4279519702218831,8.33,True,False,flipped,7.469229867468089,False,True,True,False,False,True,-0.8607701325319113,-1.83
HIS,6.0,28.892298654091714,-24.7763,4,1,2,1,0.189,0.6142,0.0988131708783324,1DG9,A,66,8.36,528,579,478,4,0.46023226,6.5,Existing_Structures/generated_pka/1dg9_model1.pka,resname+resseq+chain,0.8881842302218831,0.7893710593435507,0.4279519702218831,8.36,True,False,flipped,7.469229867468089,False,True,True,False,False,True,-0.8907701325319106,-1.8599999999999994
HIS,6.0,28.892298654091714,-24.7763,4,1,2,1,0.189,0.6142,0.1141230574141507,1DG9,A,66,8.29,529,580,479,4,0.46023226,6.5,Existing_Structures/generated_pka/1dg9_model1.pka,resname+resseq+chain,0.8881842302218831,0.7740611728077323,0.4279519702218831,8.29,True,False,flipped,7.469229867468089,False,True,True,False,False,True,-0.8207701325319103,-1.7899999999999991
HIS,6.0,10.39671983383044,-23.2204,4,1,3,1,2.6126,2.9488,0.0159592718906025,1DG9,A,72,9.19,530,581,480,4,0.81014675,6.5,Existing_Structures/generated_pka/1dg9_model1.pka,resname+resseq+chain,0.8881842302218831,0.8722249583312806,0.078037480221883,9.19,True,False,flipped,6.769854341886571,True,True,False,False,True,True,-2.4201456581134284,-2.6899999999999995
HIS,6.0,10.39671983383044,-23.2204,4,1,3,1,2.6126,2.9488,0.0159592718906025,1DG9,A,72,9.19,531,582,481,4,0.81014675,6.5,Existing_Structures/generated_pka/1dg9_model1.pka,resname+resseq+chain,0.8881842302218831,0.8722249583312806,0.078037480221883,9.19,True,False,flipped,6.769854341886571,True,True,False,False,True,True,-2.4201456581134284,-2.6899999999999995
CYS,8.3,2.539602264148374,11.6485,1,2,0,3,0.7496,1.266,0.0382865038822547,1ST9,A,73,8.8,532,583,482,8,0.9647259,9.0,Existing_Structures/generated_pka/1st9_model1.pka,resname+resseq+chain,0.024503367550336,-0.0137831363319186,-0.940222532449664,8.8,False,False,unflipped,5.963052003587369,True,False,False,True,True,False,-2.836947996412632,0.1999999999999993
CYS,8.3,2.226065256198082,12.2983,1,2,0,2,0.2149,1.0496,0.9264124438824266,3C71,A,74,6.3,533,584,483,1,0.40231496,9.0,Existing_Structures/generated_pka/3c71_model1.pka,resname+resseq+chain,0.024503367550336,-0.9019090763320906,-0.377811592449664,6.3,False,True,flipped,7.57190620359639,False,False,False,False,True,True,1.27190620359639,2.7
CYS,8.3,4.572765516552963,4.9146,1,2,0,3,0.1817,0.9917,0.5,3C73,A,74,7.4,534,585,484,7,0.7256744,9.0,Existing_Structures/generated_pka/3c73_model1.pka,resname+resseq+chain,0.024503367550336,-0.475496632449664,-0.7011710324496641,7.4,False,False,unflipped,6.97752453523844,True,False,False,True,True,False,-0.4224754647615603,1.5999999999999996
CYS,8.3,0.9092921681893944,5.3869,1,2,0,3,0.2497,1.0633,0.0767893196971002,2H19,A,74,8.48,535,586,485,1,0.37688285,9.0,Existing_Structures/generated_pka/2h19_model1.pka,resname+resseq+chain,0.024503367550336,-0.0522859521467641,-0.352379482449664,8.48,False,False,unflipped,7.618363329077954,False,False,True,True,False,False,-0.8616366709220467,0.5199999999999996
CYS,8.3,0.8177268017509325,-13.6272,0,2,0,3,0.2792,0.3357,0.1368068886032102,1SU9,A,76,8.2,536,587,486,3,0.5022842,9.0,Existing_Structures/generated_pka/1su9_model1.pka,resname+resseq+chain,0.024503367550336,-0.1123035210528741,-0.4777808324496639,8.2,False,False,unflipped,7.39603191057255,True,False,False,True,True,False,-0.8039680894274497,0.8000000000000007
CYS,8.3,0.8177268017509325,-13.6272,0,2,0,3,0.2792,0.3357,0.1368068886032102,1SU9,A,76,8.2,537,588,487,3,0.5022842,9.0,Existing_Structures/generated_pka/1su9_model1.pka,resname+resseq+chain,0.024503367550336,-0.1123035210528741,-0.4777808324496639,8.2,False,False,unflipped,7.39603191057255,True,False,False,True,True,False,-0.8039680894274497,0.8000000000000007
CYS,8.3,0.8103211685530218,5.3476,0,2,0,2,0.2633,0.5551,0.9804376961274206,3C71,A,77,5.7,538,589,488,1,0.43303466,9.0,Existing_Structures/generated_pka/3c71_model1.pka,resname+resseq+chain,0.024503367550336,-0.9559343285770846,-0.408531292449664,5.7,False,True,flipped,7.517033851623165,False,False,False,False,True,True,1.8170338516231652,3.3
CYS,8.3,0.694440636421825,2.0802,0,2,0,3,0.151,0.4652,0.4426883662377074,3C73,A,77,7.5,539,590,489,7,0.538606,9.0,Existing_Structures/generated_pka/3c73_model1.pka,resname+resseq+chain,0.024503367550336,-0.4181849986873714,-0.514102632449664,7.5,False,False,unflipped,7.332800755539986,True,False,False,True,True,False,-0.1671992444600141,1.5
CYS,8.3,0.4199301235113675,-0.1493,0,2,2,2,0.2847,0.4506,0.5,2H1B,A,77,7.4,540,591,490,8,0.4570715,9.0,Existing_Structures/generated_pka/2h1b_model1.pka,resname+resseq+chain,0.024503367550336,-0.475496632449664,-0.432568132449664,7.4,False,False,unflipped,7.4747584973577235,False,False,True,True,False,False,0.07475849735772311,1.5999999999999996
CYS,8.3,0.8739265845947247,-3.055,1,2,0,3,0.438,1.4634,0.0988131708783324,2H1A,A,77,8.36,541,592,491,10,0.30616766,9.0,Existing_Structures/generated_pka/2h1a_model1.pka,resname+resseq+chain,0.024503367550336,-0.0743098033279963,-0.281664292449664,8.36,False,False,unflipped,7.755295223787021,False,False,True,True,False,False,-0.6047047762129782,0.6400000000000006
CYS,8.3,0.8739265845947247,-3.055,1,2,0,3,0.438,1.4634,0.1118157697781168,2H1A,A,77,8.3,542,593,492,10,0.30616766,9.0,Existing_Structures/generated_pka/2h1a_model1.pka,resname+resseq+chain,0.024503367550336,-0.0873124022277807,-0.281664292449664,8.3,False,False,unflipped,7.755295223787021,False,False,True,True,False,False,-0.5447047762129795,0.6999999999999993
HIS,6.0,80.96116738002077,-2.1128,0,1,0,2,0.0,0.0,0.7152527510491988,2RN2,A,62,7.0,549,600,499,7,0.7119215,6.5,Existing_Structures/generated_pka/2rn2_model1.pka,resname+resseq+chain,0.8881842302218831,0.1729314791726842,0.1762627302218831,7.0,True,True,unflipped,7.007078738224529,True,True,True,True,False,False,0.007078738224529424,-0.5
HIS,6.0,82.82495858692174,3.5539,0,1,3,1,0.0,0.0,0.6661394245831224,2RN2,A,124,7.1,558,609,505,7,0.75979334,6.5,Existing_Structures/generated_pka/2rn2_model1.pka,resname+resseq+chain,0.8881842302218831,0.2220448056387607,0.1283908902218831,7.1,True,True,unflipped,6.899889562128015,True,True,True,True,False,False,-0.20011043787198446,-0.5999999999999996
HIS,6.0,47.502191911015096,-1.3487,2,1,1,5,0.8123,1.1761,0.2402530733520421,2RN2,A,127,7.9,559,610,506,7,0.9118204,6.5,Existing_Structures/generated_pka/2rn2_model1.pka,resname+resseq+chain,0.8881842302218831,0.6479311568698409,-0.0236361697781168,7.9,True,False,flipped,6.385458820079712,True,True,False,False,True,True,-1.514541179920288,-1.4000000000000004
HIS,6.0,23.38609904949351,-12.4066,0,2,1,4,0.6919,0.981,0.4033708266942261,9RNT,A,27,7.57,569,621,515,5,0.5377621,6.5,Existing_Structures/generated_pka/9rnt_model1.pka,resname+resseq+chain,0.8881842302218831,0.484813403527657,0.350422130221883,7.57,True,False,flipped,7.334275360374608,True,True,False,False,True,True,-0.23572463962539203,-1.0700000000000003
HIS,6.0,38.803246434638105,-19.1796,1,1,1,2,1.1496,1.3593,0.4769904127024377,9RNT,A,40,7.44,573,625,519,5,0.7364355,6.5,Existing_Structures/generated_pka/9rnt_model1.pka,resname+resseq+chain,0.8881842302218831,0.4111938175194454,0.151748730221883,7.44,True,False,flipped,6.953752198340739,True,True,False,False,True,True,-0.4862478016592613,-0.9400000000000004
HIS,6.0,27.19145741297573,-24.7918,1,1,1,3,0.8567,1.5548,0.551623547310961,9RNT,A,92,7.31,580,632,526,5,0.27891305,6.5,Existing_Structures/generated_pka/9rnt_model1.pka,resname+resseq+chain,0.8881842302218831,0.3365606829109221,0.6092711802218831,7.31,True,True,unflipped,7.812518801061681,False,True,False,True,True,False,0.5025188010616812,-0.8099999999999996
HIS,6.0,50.98738417278901,-12.5571,0,2,1,1,0.0,0.0,0.9264124438824266,1DE3,A,35,6.3,585,637,531,8,0.7950942,6.5,Existing_Structures/generated_pka/1de3_model1.pka,resname+resseq+chain,0.8881842302218831,-0.0382282136605435,0.0930900302218831,6.3,True,True,unflipped,6.81113566617309,True,True,True,True,False,False,0.5111356661730904,0.20000000000000018
HIS,6.0,72.36049261611922,-3.3412,0,3,2,1,0.0001,0.0,0.7992399910868984,1DE3,A,36,6.8,586,638,532,8,0.84624374,6.5,Existing_Structures/generated_pka/1de3_model1.pka,resname+resseq+chain,0.8881842302218831,0.0889442391349847,0.041940490221883,6.8,True,True,unflipped,6.659337337524667,True,True,True,True,False,False,-0.1406626624753331,-0.2999999999999998
HIS,6.0,35.76694315424756,-1.1917,1,3,3,1,0.0,0.0,0.333860575416878,1DE3,A,50,7.7,588,640,533,8,0.8509875,6.5,Existing_Structures/generated_pka/1de3_model1.pka,resname+resseq+chain,0.8881842302218831,0.554323654805005,0.037196730221883,7.7,True,False,flipped,6.643299520125819,True,True,False,False,True,True,-1.0567004798741815,-1.2000000000000002
HIS,6.0,16.87207977360957,-26.0372,1,5,5,1,0.9286,0.8095,0.557311633762293,1DE3,A,82,7.3,593,645,537,8,0.34699613,6.5,Existing_Structures/generated_pka/1de3_model1.pka,resname+resseq+chain,0.8881842302218831,0.3308725964595901,0.541188100221883,7.3,True,True,unflipped,7.674591123919302,False,True,False,True,True,False,0.37459112391930205,-0.7999999999999998
HIS,6.0,37.655808505576665,-6.8846,1,5,5,0,0.8613,1.6195,0.7597469266479578,1DE3,A,92,6.9,596,648,539,8,0.6486083,6.5,Existing_Structures/generated_pka/1de3_model1.pka,resname+resseq+chain,0.8881842302218831,0.1284373035739252,0.239575930221883,6.9,True,True,unflipped,7.133808997208487,True,True,True,True,False,False,0.23380899720848625,-0.40000000000000036
HIS,6.0,49.99266839546448,3.2476,1,2,2,1,0.0154,0.0,0.8631931113967901,1DE3,A,104,6.6,599,651,541,8,0.89566076,6.5,Existing_Structures/generated_pka/1de3_model1.pka,resname+resseq+chain,0.8881842302218831,0.0249911188250929,-0.0074765297781168,6.6,True,True,unflipped,6.466304121370509,True,True,True,True,False,False,-0.1336958786294904,-0.09999999999999964
HIS,6.0,7.199935081971677,1.2288,1,2,1,3,0.3423,0.6503,0.975496632449664,1DE3,A,137,5.8,603,655,544,8,0.8930207,6.5,Existing_Structures/generated_pka/1de3_model1.pka,resname+resseq+chain,0.8881842302218831,-0.0873124022277809,-0.0048364697781169,5.8,True,True,unflipped,6.478438225995281,True,True,True,True,False,False,0.678438225995281,0.7000000000000002
HIS,6.0,46.70397753160293,3.7082,0,1,0,1,0.0,0.0,0.3868631798468573,1DE3,A,150,7.6,606,658,547,8,0.7648996,6.5,Existing_Structures/generated_pka/1de3_model1.pka,resname+resseq+chain,0.8881842302218831,0.5013210503750258,0.123284630221883,7.6,True,False,flipped,6.887648934224068,True,True,False,False,True,True,-0.7123510657759313,-1.0999999999999996
TYR,10.5,31.754882355818097,-1.1623,4,0,1,2,1.597,2.656,0.0001258766942425,1LNI,A,30,11.3,611,664,552,7,-0.030173594,10.0,Existing_Structures/generated_pka/1lni_model1.pka,resname+resseq+chain,0.0025055926672857,0.0023797159730432,0.0326791866672857,11.3,False,False,unflipped,,,False,False,True,True,False,,-1.3000000000000007
TYR,10.5,79.11330302666444,0.8415,2,0,0,1,0.7813,1.0537,0.0006305594883398,1LNI,A,49,10.6,614,667,555,7,0.035786062,10.0,Existing_Structures/generated_pka/1lni_model1.pka,resname+resseq+chain,0.0025055926672857,0.0018750331789459,-0.0332804693327142,10.6,False,False,unflipped,8.830459495028725,False,False,True,True,False,False,-1.7695405049712747,-0.5999999999999996
HIS,6.0,39.6196289378772,-7.241,0,0,3,3,1.2371,1.8336,0.1188622164463019,1LNI,A,53,8.27,616,669,556,7,0.7735954,6.5,Existing_Structures/generated_pka/1lni_model1.pka,resname+resseq+chain,0.8881842302218831,0.7693220137755812,0.114588830221883,8.27,True,False,flipped,6.866371367776712,True,True,False,False,True,True,-1.4036286322232874,-1.7699999999999996
HIS,6.0,62.5075500307622,1.8141,4,0,1,2,1.3509,1.5353,0.918168175244848,1LNI,A,85,6.35,625,678,562,7,0.84593844,6.5,Existing_Structures/generated_pka/1lni_model1.pka,resname+resseq+chain,0.8881842302218831,-0.0299839450229648,0.0422457902218831,6.35,True,True,unflipped,6.660355531100847,True,True,True,True,False,False,0.31035553110084724,0.15000000000000036
HIS,6.0,9.00362396593595,-19.4094,4,3,3,3,2.9873,3.6907,0.9543232189603376,7RSA,A,12,6.08,634,689,570,1,0.5655709,6.5,Existing_Structures/generated_pka/7rsa_model1.pka,resname+resseq+chain,0.8881842302218831,-0.0661389887384544,0.3226133302218831,6.08,True,True,unflipped,7.285431852682771,True,True,True,True,False,False,1.2054318526827705,0.41999999999999993
HIS,6.0,9.00362396593595,-19.4094,4,3,3,3,2.9873,3.6907,0.9590873001033208,7RSA,A,12,6.03,635,690,571,1,0.5655709,6.5,Existing_Structures/generated_pka/7rsa_model1.pka,resname+resseq+chain,0.8881842302218831,-0.0709030698814376,0.3226133302218831,6.03,True,True,unflipped,7.285431852682771,True,True,True,True,False,False,1.2554318526827704,0.46999999999999975
HIS,6.0,9.00362396593595,-19.4094,4,3,3,3,2.9873,3.6907,0.9406490568972324,7RSA,A,12,6.2,636,691,572,1,0.5655709,6.5,Existing_Structures/generated_pka/7rsa_model1.pka,resname+resseq+chain,0.8881842302218831,-0.0524648266753493,0.3226133302218831,6.2,True,True,unflipped,7.285431852682771,True,True,True,True,False,False,1.0854318526827704,0.2999999999999998
HIS,6.0,9.00362396593595,-19.4094,4,3,3,3,2.9873,3.6907,0.9617134961177454,7RSA,A,12,6.0,637,692,573,1,0.5655709,6.5,Existing_Structures/generated_pka/7rsa_model1.pka,resname+resseq+chain,0.8881842302218831,-0.0735292658958622,0.3226133302218831,6.0,True,True,unflipped,7.285431852682771,True,True,True,True,False,False,1.2854318526827706,0.5
HIS,6.0,0.0440432183843964,-37.6131,2,1,3,2,4.6299,5.1717,0.9617134961177454,7RSA,A,48,6.0,642,697,577,1,0.573038,6.5,Existing_Structures/generated_pka/7rsa_model1.pka,resname+resseq+chain,0.8881842302218831,-0.0735292658958622,0.315146230221883,6.0,True,True,unflipped,7.272205801755864,True,True,True,True,False,False,1.272205801755864,0.5
HIS,6.0,34.862553739731936,-12.5997,0,2,1,1,0.8067,0.652,0.8430219644140362,7RSA,A,105,6.67,655,710,590,1,0.42670637,6.5,Existing_Structures/generated_pka/7rsa_model1.pka,resname+resseq+chain,0.8881842302218831,0.0451622658078468,0.4614778602218831,6.67,True,True,unflipped,7.528247990068321,False,True,False,True,True,False,0.8582479900683211,-0.16999999999999993
HIS,6.0,34.862553739731936,-12.5997,0,2,1,1,0.8067,0.652,0.7917488375081845,7RSA,A,105,6.82,656,711,591,1,0.42670637,6.5,Existing_Structures/generated_pka/7rsa_model1.pka,resname+resseq+chain,0.8881842302218831,0.0964353927136986,0.4614778602218831,6.82,True,True,unflipped,7.528247990068321,False,True,False,True,True,False,0.7082479900683207,-0.3200000000000003
HIS,6.0,34.862553739731936,-12.5997,0,2,1,1,0.8067,0.652,0.8336624691834381,7RSA,A,105,6.7,657,712,592,1,0.42670637,6.5,Existing_Structures/generated_pka/7rsa_model1.pka,resname+resseq+chain,0.8881842302218831,0.0545217610384449,0.4614778602218831,6.7,True,True,unflipped,7.528247990068321,False,True,False,True,True,False,0.8282479900683208,-0.20000000000000018
HIS,6.0,34.862553739731936,-12.5997,0,2,1,1,0.8067,0.652,0.8881842302218831,7RSA,A,105,6.5,658,713,593,1,0.42670637,6.5,Existing_Structures/generated_pka/7rsa_model1.pka,resname+resseq+chain,0.8881842302218831,0.0,0.4614778602218831,6.5,True,True,unflipped,7.528247990068321,False,True,False,True,True,False,1.028247990068321,0.0
HIS,6.0,56.90951254192237,-1.6964,1,3,1,2,0.7635,1.3423,0.9248272212397116,7RSA,A,119,6.31,662,717,597,1,0.84316516,6.5,Existing_Structures/generated_pka/7rsa_model1.pka,resname+resseq+chain,0.8881842302218831,-0.0366429910178285,0.0450190702218831,6.31,True,True,unflipped,6.669529892227193,True,True,True,True,False,False,0.35952989222719367,0.1900000000000004
HIS,6.0,56.90951254192237,-1.6964,1,3,1,2,0.7635,1.3423,0.9215623250569782,7RSA,A,119,6.33,663,718,598,1,0.84316516,6.5,Existing_Structures/generated_pka/7rsa_model1.pka,resname+resseq+chain,0.8881842302218831,-0.0333780948350951,0.0450190702218831,6.33,True,True,unflipped,6.669529892227193,True,True,True,True,False,False,0.3395298922271932,0.16999999999999993
HIS,6.0,56.90951254192237,-1.6964,1,3,1,2,0.7635,1.3423,0.9522732789657962,7RSA,A,119,6.1,664,719,599,1,0.84316516,6.5,Existing_Structures/generated_pka/7rsa_model1.pka,resname+resseq+chain,0.8881842302218831,-0.064089048743913,0.0450190702218831,6.1,True,True,unflipped,6.669529892227193,True,True,True,True,False,False,0.5695298922271936,0.40000000000000036
HIS,6.0,56.90951254192237,-1.6964,1,3,1,2,0.7635,1.3423,0.8881842302218831,7RSA,A,119,6.5,665,720,600,1,0.84316516,6.5,Existing_Structures/generated_pka/7rsa_model1.pka,resname+resseq+chain,0.8881842302218831,0.0,0.0450190702218831,6.5,True,True,unflipped,6.669529892227193,True,True,True,True,False,False,0.16952989222719328,0.0
CYS,8.3,0.3297305120788461,-0.2328,2,2,2,4,0.6075,0.7945,0.7597469266479578,1AO6,A,34,6.9,697,753,632,9,0.4232439,9.0,Existing_Structures/generated_pka/1ao6_model1.pka,resname+resseq+chain,0.024503367550336,-0.7352435590976218,-0.398740532449664,6.9,False,True,flipped,7.5344014889275215,False,False,False,False,True,True,0.6344014889275211,2.0999999999999996
HIS,6.0,76.62032874082398,-4.1338,1,4,1,3,0.0,0.0,0.8835282880564395,1STN,A,8,6.52,698,754,633,6,0.8742219,6.5,Existing_Structures/generated_pka/1stn_model1.pka,resname+resseq+chain,0.8881842302218831,0.0046559421654436,0.013962330221883,6.52,True,True,unflipped,6.557983348268382,True,True,True,True,False,False,0.03798334826838268,-0.019999999999999574
HIS,6.0,76.62032874082398,-4.1338,1,4,1,3,0.0,0.0,0.7917488375081845,1STN,A,8,6.82,699,755,634,6,0.8742219,6.5,Existing_Structures/generated_pka/1stn_model1.pka,resname+resseq+chain,0.8881842302218831,0.0964353927136986,0.013962330221883,6.82,True,True,unflipped,6.557983348268382,True,True,True,True,False,False,-0.26201665173161803,-0.3200000000000003
HIS,6.0,81.45891120303325,-3.4921,1,3,1,3,0.0751,0.2244,0.8811377835536983,1EY7,A,8,6.53,700,756,635,1,0.86665004,6.5,Existing_Structures/generated_pka/1ey7_model1.pka,resname+resseq+chain,0.8881842302218831,0.0070464466681847,0.021534190221883,6.53,True,True,unflipped,6.587149128355181,True,True,True,True,False,False,0.0571491283551806,-0.03000000000000025
HIS,6.0,77.99648595312469,-6.9109,1,4,1,2,0.014,0.0705,0.9431684791599028,2QDB,A,8,6.18,701,757,636,7,0.7793714,6.5,Existing_Structures/generated_pka/2qdb_model1.pka,resname+resseq+chain,0.8881842302218831,-0.0549842489380196,0.108812830221883,6.18,True,True,unflipped,6.851917344404435,True,True,True,True,False,False,0.6719173444044353,0.3200000000000003
HIS,6.0,86.39781775486075,-2.5586,1,2,1,2,0.0,0.0,0.9264124438824266,2RDF,A,8,6.3,702,758,637,6,0.7835886,6.5,Existing_Structures/generated_pka/2rdf_model1.pka,resname+resseq+chain,0.8881842302218831,-0.0382282136605435,0.1045956302218831,6.3,True,True,unflipped,6.841192025504699,True,True,True,True,False,False,0.5411920255046994,0.20000000000000018
HIS,6.0,81.45170648702057,-0.1774,1,3,1,3,0.0724,0.1771,0.8881842302218831,3D6C,A,8,6.5,703,759,638,8,0.87061054,6.5,Existing_Structures/generated_pka/3d6c_model1.pka,resname+resseq+chain,0.8881842302218831,0.0,0.017573690221883,6.5,True,True,unflipped,6.57207497974842,True,True,True,True,False,False,0.07207497974841992,0.0
LYS,10.5,0.0,-3.1815,2,7,3,5,0.881,0.9554,0.557311633762293,3QOJ,A,23,7.3,714,770,649,10,0.9136029,10.5,Existing_Structures/generated_pka/3qoj_model1.pka,resname+resseq+chain,0.0007936977781692,-0.5565179359841237,-0.9128092022218308,7.3,False,True,flipped,6.375741695759075,True,False,True,False,False,True,-0.9242583042409249,3.2
LYS,10.5,0.0,-0.5724,3,9,3,5,0.0,0.0,0.9264124438824266,3ERQ,A,25,6.3,717,773,652,6,0.6209869,10.5,Existing_Structures/generated_pka/3erq_model1.pka,resname+resseq+chain,0.0007936977781692,-0.9256187461042572,-0.6201932022218307,6.3,False,True,flipped,7.185571782308365,True,False,True,False,False,True,0.8855717823083653,4.2
LYS,10.5,0.0097840363891732,0.7655,3,5,3,3,0.0,0.0,0.6661394245831224,3ITP,A,34,7.1,718,774,653,10,0.6398327,10.5,Existing_Structures/generated_pka/3itp_model1.pka,resname+resseq+chain,0.0007936977781692,-0.6653457268049531,-0.6390390022218307,7.1,False,True,flipped,7.150437848330939,True,False,True,False,False,True,0.05043784833093934,3.4000000000000004
LYS,10.5,0.0,-15.4297,2,7,3,6,0.8199,1.096,0.6131368201531431,3EJI,A,36,7.2,721,777,656,6,0.7521194,10.5,Existing_Structures/generated_pka/3eji_model1.pka,resname+resseq+chain,0.0007936977781692,-0.6123431223749738,-0.7513257022218307,7.2,False,True,flipped,6.917955747780155,True,False,True,False,False,True,-0.28204425221984497,3.3
LYS,10.5,2.560186218231055,-27.6094,2,5,2,4,0.4456,0.6699,0.0009990009990009,2RKS,A,38,10.4,724,780,659,3,0.49642944,10.5,Existing_Structures/generated_pka/2rks_model1.pka,resname+resseq+chain,0.0007936977781692,-0.0002053032208316,-0.4956357422218307,10.4,False,False,unflipped,7.406202803461203,False,False,True,True,False,False,-2.9937971965387975,0.09999999999999964
HIS,6.0,24.089950397799733,21.393,2,4,3,2,0.8011,1.1187,0.9719681328483034,1STN,A,46,5.86,732,788,667,6,0.9340962,6.5,Existing_Structures/generated_pka/1stn_model1.pka,resname+resseq+chain,0.8881842302218831,-0.0837839026264203,-0.0459119697781169,5.86,True,True,unflipped,6.248518851321123,True,True,True,True,False,False,0.3885188513211224,0.6399999999999997
HIS,6.0,24.089950397799733,21.393,2,4,3,2,0.8011,1.1187,0.975496632449664,1STN,A,46,5.8,733,789,668,6,0.9340962,6.5,Existing_Structures/generated_pka/1stn_model1.pka,resname+resseq+chain,0.8881842302218831,-0.0873124022277809,-0.0459119697781169,5.8,True,True,unflipped,6.248518851321123,True,True,True,True,False,False,0.4485188513211229,0.7000000000000002
HIS,6.0,58.28462748404518,16.2891,2,4,3,2,0.0,0.0,0.8904506387229247,1EY7,A,46,6.49,734,790,669,1,0.8788109,6.5,Existing_Structures/generated_pka/1ey7_model1.pka,resname+resseq+chain,0.8881842302218831,-0.0022664085010416,0.0093733302218831,6.49,True,True,unflipped,6.53956812534687,True,True,True,True,False,False,0.04956812534686961,0.009999999999999787
LYS,10.5,0.1140694162941679,-10.1874,2,6,3,5,1.8827,2.5038,0.1663375308165621,3DMU,A,62,8.1,744,802,679,4,0.49132732,10.5,Existing_Structures/generated_pka/3dmu_model1.pka,resname+resseq+chain,0.0007936977781692,-0.1655438330383928,-0.4905336222218308,8.1,False,False,unflipped,7.415067499467402,False,False,True,True,False,False,-0.6849325005325975,2.4000000000000004
LYS,10.5,0.0,-5.2212,1,8,3,4,1.1645,1.3709,0.9843983377581704,3HZX,A,66,5.6,747,805,682,3,0.78593254,10.5,Existing_Structures/generated_pka/3hzx_model1.pka,resname+resseq+chain,0.0007936977781692,-0.9836046399800012,-0.7851388422218307,5.6,False,True,flipped,6.835165385748379,True,False,True,False,False,True,1.2351653857483793,4.9
LYS,10.5,24.02710750573512,-23.6837,0,8,1,3,1.2145,2.9928,0.0593509431027676,2RBM,A,72,8.6,753,811,688,2,0.20226412,10.5,Existing_Structures/generated_pka/2rbm_model1.pka,resname+resseq+chain,0.0007936977781692,-0.0585572453245983,-0.2014704222218307,8.6,False,False,unflipped,7.995940276565076,False,False,True,True,False,False,-0.6040597234349239,1.9000000000000004
LYS,10.5,2.461791586201955,-7.9876,3,5,1,3,0.6965,0.9307,0.5,3RUZ,A,74,7.4,758,816,693,10,-0.082817964,10.5,Existing_Structures/generated_pka/3ruz_model1.pka,resname+resseq+chain,0.0007936977781692,-0.4992063022218307,0.0836116617781692,7.4,False,False,unflipped,,,False,False,True,True,False,,3.0999999999999996
LYS,10.5,1.6592623112960134,-4.1813,1,9,3,5,0.0053,0.0292,0.9921193161496696,5E3F,A,92,5.3,769,827,702,6,0.60426235,10.5,Existing_Structures/generated_pka/5e3f_model1.pka,resname+resseq+chain,0.0007936977781692,-0.9913256183715004,-0.6034686522218307,5.3,False,True,flipped,7.216181835138964,True,False,True,False,False,True,1.9161818351389641,5.2
LYS,10.5,0.2333419555976398,-4.3156,1,8,3,4,1.4587,2.3429,0.8881842302218831,4HMI,A,99,6.5,774,832,707,9,0.53339756,10.5,Existing_Structures/generated_pka/4hmi_model1.pka,resname+resseq+chain,0.0007936977781692,-0.8873905324437138,-0.5326038622218308,6.5,False,True,flipped,7.341895980815564,True,False,True,False,False,True,0.8418959808155639,4.0
LYS,10.5,0.0343793011595753,,2,6,3,5,1.5722,2.0361,0.1368068886032102,3E5S,A,103,8.2,779,837,712,3,0.54212546,10.5,Existing_Structures/generated_pka/3e5s_model1.pka,resname+resseq+chain,0.0007936977781692,-0.1360131908250409,-0.5413317622218307,8.2,False,False,unflipped,7.32664669170125,True,False,False,True,True,False,-0.873353308298749,2.3000000000000007
LYS,10.5,0.0,-24.3598,3,5,2,3,1.5789,2.3754,0.333860575416878,3C1F,A,104,7.7,782,840,715,3,0.5150777,10.5,Existing_Structures/generated_pka/3c1f_model1.pka,resname+resseq+chain,0.0007936977781692,-0.3330668776387088,-0.5142840022218307,7.7,False,False,unflipped,7.373799408614317,True,False,False,True,True,False,-0.3262005913856836,2.8
HIS,6.0,25.52818105171583,-1.4308,1,5,1,3,1.5482,1.7326,0.9921193161496696,1STN,A,121,5.3,785,843,718,6,0.88966936,6.5,Existing_Structures/generated_pka/1stn_model1.pka,resname+resseq+chain,0.8881842302218831,-0.1039350859277865,-0.0014851297781168,5.3,True,True,unflipped,6.4934675035901375,True,True,True,True,False,False,1.1934675035901376,1.2000000000000002
HIS,6.0,25.405318862319305,-3.7151,1,4,1,3,1.1302,1.1631,0.9929703085603608,1EY7,A,121,5.25,786,844,719,1,0.9651407,6.5,Existing_Structures/generated_pka/1ey7_model1.pka,resname+resseq+chain,0.8881842302218831,-0.1047860783384777,-0.0769564697781168,5.25,True,True,unflipped,5.957728031700081,True,True,True,True,False,False,0.7077280317000811,1.25
HIS,6.0,24.645801377476182,1.9744,1,5,1,2,1.4142,1.1954,0.9995736023736926,2QDB,A,121,4.03,787,845,720,7,0.9870984,6.5,Existing_Structures/generated_pka/2qdb_model1.pka,resname+resseq+chain,0.8881842302218831,-0.1113893721518095,-0.0989141697781169,4.03,True,True,unflipped,5.516283124985973,True,True,True,True,False,False,1.486283124985973,2.4699999999999998
HIS,6.0,25.96496539700226,3.0569,1,4,1,2,2.6131,2.7693,0.9993086473282712,2RDF,A,121,4.24,788,846,721,6,0.97654843,6.5,Existing_Structures/generated_pka/2rdf_model1.pka,resname+resseq+chain,0.8881842302218831,-0.1111244171063881,-0.0883641997781169,4.24,True,True,unflipped,5.780478136370871,True,True,True,True,False,False,1.5404781363708704,2.26
HIS,6.0,21.868437145059605,-13.1207,1,4,1,4,1.7038,1.646,0.9804376961274206,3D6C,A,121,5.7,789,847,722,8,0.6763553,6.5,Existing_Structures/generated_pka/3d6c_model1.pka,resname+resseq+chain,0.8881842302218831,-0.0922534659055375,0.2118289302218831,5.7,True,True,unflipped,7.07989360185484,True,True,True,True,False,False,1.3798936018548398,0.7999999999999998
HIS,6.0,61.6334467036599,-0.8123,2,3,0,4,0.8562,0.9524,0.9790678994786604,1STN,A,124,5.73,793,851,726,6,0.8450781,6.5,Existing_Structures/generated_pka/1stn_model1.pka,resname+resseq+chain,0.8881842302218831,-0.0908836692567772,0.043106130221883,5.73,True,True,unflipped,6.663215967428236,True,True,True,True,False,False,0.9332159674282359,0.7699999999999996
HIS,6.0,61.6334467036599,-0.8123,2,3,0,4,0.8562,0.9524,0.9625523674635552,1STN,A,124,5.99,794,852,727,6,0.8450781,6.5,Existing_Structures/generated_pka/1stn_model1.pka,resname+resseq+chain,0.8881842302218831,-0.0743681372416721,0.043106130221883,5.99,True,True,unflipped,6.663215967428236,True,True,True,True,False,False,0.6732159674282361,0.5099999999999998
HIS,6.0,56.61069147755785,-1.7925,2,3,0,4,0.8538,1.1059,0.979991148859336,1EY7,A,124,5.71,795,853,728,1,0.89215094,6.5,Existing_Structures/generated_pka/1ey7_model1.pka,resname+resseq+chain,0.8881842302218831,-0.0918069186374529,-0.0039667097781168,5.71,True,True,unflipped,6.482378026787375,True,True,True,True,False,False,0.7723780267873748,0.79
HIS,6.0,59.10862063616153,-1.5554,2,3,0,3,0.3367,0.5368,0.979991148859336,2QDB,A,124,5.71,796,854,729,7,0.89466655,6.5,Existing_Structures/generated_pka/2qdb_model1.pka,resname+resseq+chain,0.8881842302218831,-0.0918069186374529,-0.0064823197781168,5.71,True,True,unflipped,6.470905108776592,True,True,True,True,False,False,0.7609051087765923,0.79
HIS,6.0,60.03686920651901,-3.7012,2,3,1,3,0.5395,0.5858,0.9829188284532066,2RDF,A,124,5.64,797,855,730,6,0.8273254,6.5,Existing_Structures/generated_pka/2rdf_model1.pka,resname+resseq+chain,0.8881842302218831,-0.0947345982313234,0.0608588302218831,5.64,True,True,unflipped,6.719552100682524,True,True,True,True,False,False,1.0795521006825242,0.8600000000000003
LYS,10.5,0.0,-8.5178,3,7,3,5,0.6952,1.2157,0.9406490568972324,3C1E,A,125,6.2,798,856,731,5,0.59170395,10.5,Existing_Structures/generated_pka/3c1e_model1.pka,resname+resseq+chain,0.0007936977781692,-0.9398553591190631,-0.5909102522218307,6.2,False,True,flipped,7.238870709946893,True,False,True,False,False,True,1.0388707099468926,4.3
HIS,6.0,78.64497172478525,-3.6023,0,2,6,1,0.0014,0.0,0.9406490568972324,2TRX,A,6,6.2,828,898,756,1,0.776111,6.5,Existing_Structures/generated_pka/2trx_model1.pka,resname+resseq+chain,0.8881842302218831,-0.0524648266753493,0.112073230221883,6.2,True,True,unflipped,6.860108917732941,True,True,True,True,False,False,0.6601089177329404,0.2999999999999998
CYS,8.3,4.782131291755124,7.496,1,3,2,1,0.3938,1.5602,0.9198816569709808,2FD3,A,32,6.34,831,901,759,9,0.63953805,9.0,Existing_Structures/generated_pka/2fd3_model1.pka,resname+resseq+chain,0.024503367550336,-0.8953782894206448,-0.615034682449664,6.34,False,True,flipped,7.150993039389408,True,False,True,False,False,True,0.810993039389408,2.66
CYS,8.3,3.3348563996909304,7.3396,1,3,2,1,1.0051,2.1626,0.6661394245831224,2TRX,A,32,7.1,832,902,760,1,0.93805856,9.0,Existing_Structures/generated_pka/2trx_model1.pka,resname+resseq+chain,0.024503367550336,-0.6416360570327864,-0.913555192449664,7.1,False,True,flipped,6.219751346671065,True,False,True,False,False,True,-0.8802486533289349,1.9000000000000004
CYS,8.3,0.0382592575096746,-0.3295,1,3,2,1,0.625,1.783,0.0031523091832602,2TRX,A,35,9.9,833,903,761,1,0.6031353,9.0,Existing_Structures/generated_pka/2trx_model1.pka,resname+resseq+chain,0.024503367550336,0.0213510583670758,-0.578631932449664,9.9,False,False,unflipped,7.218227723966923,True,False,False,True,True,False,-2.6817722760330778,-0.9000000000000004
CYS,8.3,13.798517926910876,11.6304,0,3,3,1,0.1718,0.8793,0.9264124438824266,1ERT,A,32,6.3,847,918,775,4,0.3805827,9.0,Existing_Structures/generated_pka/1ert_model1.pka,resname+resseq+chain,0.024503367550336,-0.9019090763320906,-0.356079332449664,6.3,False,True,flipped,7.611534287962969,False,False,False,False,True,True,1.311534287962969,2.7
HIS,6.0,47.59932251735575,-2.7558,0,4,1,2,0.0,0.0,0.9875672647455576,1ERT,A,43,5.5,848,919,776,4,0.7684516,6.5,Existing_Structures/generated_pka/1ert_model1.pka,resname+resseq+chain,0.8881842302218831,-0.0993830345236744,0.119732630221883,5.5,True,True,unflipped,6.879025265182951,True,True,True,True,False,False,1.3790252651829507,1.0
CYS,8.3,13.87120240987329,17.4049,0,2,3,0,0.1955,0.9561,0.9090909090909092,2O89,A,29,6.4,872,944,798,6,0.93327993,9.0,Existing_Structures/generated_pka/2o89_model1.pka,resname+resseq+chain,0.024503367550336,-0.8845875415405732,-0.908776562449664,6.4,False,True,flipped,6.254244566762143,True,False,True,False,False,True,-0.14575543323785745,2.5999999999999996
CYS,8.3,8.110866100672569,-3.2383,1,3,2,1,0.5794,0.9056,0.6661394245831224,1XOB,A,32,7.1,873,945,799,10,0.6652559,9.0,Existing_Structures/generated_pka/1xob_model1.pka,resname+resseq+chain,0.024503367550336,-0.6416360570327864,-0.640752532449664,7.1,False,True,flipped,7.101724196238449,True,False,True,False,False,True,0.001724196238449771,1.9000000000000004
CYS,8.3,12.645749212961594,6.6159,2,0,2,0,0.74,1.5567,0.993729987658566,2PPT,A,73,5.2,874,946,800,8,0.6832292,9.0,Existing_Structures/generated_pka/2ppt_model1.pka,resname+resseq+chain,0.024503367550336,-0.96922662010823,-0.658725832449664,5.2,False,True,flipped,7.066178722353594,True,False,True,False,False,True,1.8661787223535935,3.8
HIS,6.0,83.1663825913611,-4.7983,4,1,3,5,0.0,0.0,0.5629847281035959,1YPI,A,103,7.29,876,948,801,9,0.7204864,6.5,Existing_Structures/generated_pka/1ypi_model1.pka,resname+resseq+chain,0.8881842302218831,0.3251995021182872,0.1676978302218831,7.29,True,True,unflipped,6.98877715632229,True,True,True,True,False,False,-0.30122284367771,-0.79
CYS,8.3,13.529030687754288,15.1341,2,0,1,2,1.4475,2.8548,0.6131368201531431,1O73,A,40,7.2,877,949,802,6,1.0705031,9.0,Existing_Structures/generated_pka/1o73_model1.pka,resname+resseq+chain,0.024503367550336,-0.5886334526028071,-1.045999732449664,7.2,False,True,flipped,,,False,False,False,True,True,,1.7999999999999998
TYR,10.5,42.01546112395167,4.06,2,2,0,1,0.0,0.0,0.0009990009990009,4PTI,A,10,10.4,880,953,805,5,-0.014338919,10.0,Existing_Structures/generated_pka/4pti_model1.pka,resname+resseq+chain,0.0025055926672857,0.0015065916682848,0.0168445116672857,10.4,False,False,unflipped,,,False,False,True,True,False,,-0.40000000000000036
LYS,10.5,96.08137903407614,-0.6194,1,1,0,0,0.0,0.0,0.0006305594883398,4PTI,A,15,10.6,881,954,806,5,-0.013145186,10.5,Existing_Structures/generated_pka/4pti_model1.pka,resname+resseq+chain,0.0007936977781692,0.0001631382898294,0.0139388837781692,10.6,False,False,unflipped,,,False,False,True,True,False,,-0.09999999999999964
TYR,10.5,34.04330064530065,1.7467,1,1,1,1,0.0,0.0,0.0001994864287215,4PTI,A,21,11.1,882,955,807,5,-0.026588408,10.0,Existing_Structures/generated_pka/4pti_model1.pka,resname+resseq+chain,0.0025055926672857,0.0023061062385642,0.0290940006672857,11.1,False,False,unflipped,,,False,False,True,True,False,,-1.0999999999999996
TYR,10.5,3.8940342871577207,6.9145,2,1,2,2,1.3647,1.616,5.011621160218207e-05,4PTI,A,23,11.7,883,956,808,5,0.1675207,10.0,Existing_Structures/generated_pka/4pti_model1.pka,resname+resseq+chain,0.0025055926672857,0.0024554764556835,-0.1650151073327142,11.7,False,False,unflipped,8.096304964294195,False,False,True,True,False,False,-3.6036950357058046,-1.6999999999999993
LYS,10.5,101.50454879807128,-0.174,0,1,0,1,0.0,0.0,0.0006305594883398,4PTI,A,26,10.6,884,957,809,5,0.001238485,10.5,Existing_Structures/generated_pka/4pti_model1.pka,resname+resseq+chain,0.0007936977781692,0.0001631382898294,-0.0004447872218307,10.6,False,False,unflipped,10.306571048488184,False,False,True,True,False,False,-0.2934289515118156,-0.09999999999999964
TYR,10.5,8.21113202605146,18.8037,4,3,0,1,1.6277,1.88,0.0001994864287215,4PTI,A,35,11.1,885,958,810,5,0.74162835,10.0,Existing_Structures/generated_pka/4pti_model1.pka,resname+resseq+chain,0.0025055926672857,0.0023061062385642,-0.7391227573327143,11.1,False,False,unflipped,6.942058535592258,True,False,False,True,True,False,-4.157941464407742,-1.0999999999999996
LYS,10.5,56.33946960426126,-1.9825,2,1,1,1,0.0,0.0,0.0003979487443048,4PTI,A,41,10.8,886,959,811,5,-0.0015522075,10.5,Existing_Structures/generated_pka/4pti_model1.pka,resname+resseq+chain,0.0007936977781692,0.0003957490338644,0.0023459052781692,10.8,False,False,unflipped,,,False,False,True,True,False,,-0.3000000000000007
LYS,10.5,84.2309744125659,0.9393,2,2,1,0,0.0,0.0,0.0006305594883398,4PTI,A,46,10.6,887,960,812,5,0.008797769,10.5,Existing_Structures/generated_pka/4pti_model1.pka,resname+resseq+chain,0.0007936977781692,0.0001631382898294,-0.0080040712218307,10.6,False,False,unflipped,9.451789716210566,False,False,True,True,False,False,-1.1482102837894335,-0.09999999999999964
HIS,6.0,14.205106496317429,-36.6684,1,2,3,2,2.435,2.7963,0.9985230761422984,2TGA,A,40,4.57,890,964,815,10,0.6097184,6.5,Existing_Structures/generated_pka/2tga_model1.pka,resname+resseq+chain,0.8881842302218831,-0.1103388459204153,0.2784658302218831,4.57,True,True,unflipped,7.206248775456713,True,True,True,True,False,False,2.6362487754567123,1.9299999999999997
HIS,6.0,25.741124266457128,-28.0924,0,2,2,0,2.3869,3.1336,0.5402082283237458,2TGA,A,57,7.33,891,965,816,10,0.5152233,6.5,Existing_Structures/generated_pka/2tga_model1.pka,resname+resseq+chain,0.8881842302218831,0.3479760018981372,0.372960930221883,7.33,True,True,unflipped,7.373546243062156,True,True,True,True,False,False,0.043546243062156265,-0.8300000000000001
CYS,8.3,0.0,-5.0141,1,2,2,2,0.4791,0.5016,0.0003161277976296,1I7K,A,102,10.9,892,966,817,9,0.45002273,9.0,Existing_Structures/generated_pka/1i7k_model1.pka,resname+resseq+chain,0.024503367550336,0.0241872397527064,-0.425519362449664,10.9,False,False,unflipped,7.487110290998692,False,False,True,True,False,False,-3.412889709001308,-1.9000000000000004
CYS,8.3,41.5270385574979,-2.9093,2,1,4,0,0.2357,0.2874,0.0001994864287215,1JBB,A,87,11.1,903,978,828,1,0.76946926,9.0,Existing_Structures/generated_pka/1jbb_model1.pka,resname+resseq+chain,0.024503367550336,0.0243038811216145,-0.744965892449664,11.1,False,False,unflipped,6.876537569738709,True,False,False,True,True,False,-4.22346243026129,-2.0999999999999996
CYS,8.3,23.130049663163497,2.01,2,0,2,0,0.0497,0.0,0.0015823852808017,1JAS,A,88,10.2,904,979,829,6,0.73813725,9.0,Existing_Structures/generated_pka/1jas_model1.pka,resname+resseq+chain,0.024503367550336,0.0229209822695343,-0.713633882449664,10.2,False,False,unflipped,6.949936601894664,True,False,False,True,True,False,-3.2500633981053353,-1.1999999999999993
TYR,10.5,16.433729594950282,20.8722,1,3,0,4,0.2435,0.3634,0.8304449113532373,1KVR,A,149,6.71,905,980,830,1,0.7003818,10.0,Existing_Structures/generated_pka/1kvr_model1.pka,resname+resseq+chain,0.0025055926672857,-0.8279393186859515,-0.6978762073327143,6.71,False,True,flipped,7.031233338544254,True,False,True,False,False,True,0.3212333385442543,3.29
TYR,10.5,16.59515878698094,18.2483,1,3,0,4,0.2096,0.2784,0.7761545753418307,1KVT,A,149,6.86,906,981,831,4,0.74897885,10.0,Existing_Structures/generated_pka/1kvt_model1.pka,resname+resseq+chain,0.0025055926672857,-0.773648982674545,-0.7464732573327142,6.86,False,True,flipped,6.925240760802108,True,False,True,False,False,True,0.06524076080210772,3.1399999999999997
TYR,10.5,17.164112097674632,17.5991,2,3,0,4,0.1939,0.267,0.9294909043747704,1KVS,A,149,6.28,907,982,832,1,0.327292,10.0,Existing_Structures/generated_pka/1kvs_model1.pka,resname+resseq+chain,0.0025055926672857,-0.9269853117074848,-0.3247864073327143,6.28,False,True,flipped,7.712891202468967,False,False,False,False,True,True,1.4328912024689666,3.7199999999999998
HIS,6.0,38.56301445569276,21.6407,1,1,2,1,3.1392,3.887,0.8835282880564395,1QH7,A,11,6.52,913,989,838,4,0.8439134,6.5,Existing_Structures/generated_pka/1qh7_model1.pka,resname+resseq+chain,0.8881842302218831,0.0046559421654436,0.044270830221883,6.52,True,True,unflipped,6.6670677377338405,True,True,True,True,False,False,0.14706773773384096,-0.019999999999999574
HIS,6.0,84.9246177214738,3.2093,0,1,1,0,0.7582,1.0325,0.8399506946347537,1QH7,A,32,6.68,918,994,843,4,0.8462062,6.5,Existing_Structures/generated_pka/1qh7_model1.pka,resname+resseq+chain,0.8881842302218831,0.0482335355871293,0.041978030221883,6.68,True,True,unflipped,6.659462624788541,True,True,True,True,False,False,-0.020537375211458375,-0.17999999999999972
HIS,6.0,1.6349406334373435,-4.392,2,1,0,2,2.0737,2.5628,0.9995927856133058,1QH7,A,60,4.01,920,996,845,4,0.8434382,6.5,Existing_Structures/generated_pka/1qh7_model1.pka,resname+resseq+chain,0.8881842302218831,-0.1114085553914226,0.044746030221883,4.01,True,True,unflipped,6.668632539113705,True,True,True,True,False,False,2.6586325391137056,2.49
