resname,ref_pka,sasa,electrostatic_potential,arg_count,lys_count,asp_count,glu_count,hbonds_weighted,hbonds_strict_flexible,label,pdb,chain,resseq,expt_pka,pkadr_rownum,pkadr_index,row_id,fold,prediction,propka_pka,propka_file,propka_merge_keys,propka_deprot_probability,propka_delta_vs_label,propka_delta_vs_prediction,experimental_pka,reference_state_deprot,experimental_state_deprot,flip_state_group,model_predicted_pka,model_state_deprot,propka_state_deprot,model_state_correct,propka_state_correct,model_flipped_vs_experiment,propka_flipped_vs_experiment,pka_delta_model_vs_expt,pka_delta_propka_vs_expt
CYS,8.3,2.179376038353717,29.3837,2,3,0,4,2.4859,3.3312,0.9921193161496696,1EH6,A,145,5.3,0,1,0,9,0.6392841,9.0,Existing_Structures/generated_pka/1eh6_model1.pka,resname+resseq+chain,0.024503367550336,-0.9676159485993336,-0.614780732449664,5.3,False,True,flipped,7.151471383029313,True,False,True,False,False,True,1.8514713830293132,3.7
CYS,8.3,22.62748485165837,17.4991,1,4,2,2,0.0838,0.0477,0.7761545753418307,1QLP,A,232,6.86,1,2,1,6,0.79098356,9.0,Existing_Structures/generated_pka/1qlp_model1.pka,resname+resseq+chain,0.024503367550336,-0.7516512077914947,-0.766480192449664,6.86,False,True,flipped,6.822012989389738,True,False,True,False,False,True,-0.03798701061026222,2.1399999999999997
HIS,6.0,6.969990109588629,-30.4368,1,2,6,1,1.1231,1.3056,0.6131368201531431,1YPH,C,40,7.2,2,3,2,2,0.6407314,6.5,Existing_Structures/generated_pka/1yph_model1.pka,resname+resseq+chain,0.8881842302218831,0.27504741006874,0.2474528302218831,7.2,True,True,unflipped,7.148743253853358,True,True,True,True,False,False,-0.051256746146641774,-0.7000000000000002
HIS,6.0,1.5521089669708803,,2,1,2,0,1.8558,2.1625,0.9479085506726252,1YPH,C,57,6.14,3,4,3,2,0.88870615,6.5,Existing_Structures/generated_pka/1yph_model1.pka,resname+resseq+chain,0.8881842302218831,-0.0597243204507421,-0.0005219197781168,6.14,True,True,unflipped,6.497712980696229,True,True,True,True,False,False,0.35771298069622937,0.3600000000000003
LYS,10.5,70.93448511081624,-2.424,3,2,1,2,0.4105,0.4105,0.0009990009990009,1GS9,A,69,10.4,5,7,5,7,-0.23558967,10.5,Existing_Structures/generated_pka/1gs9_model1.pka,resname+resseq+chain,0.0007936977781692,-0.0002053032208316,0.2363833677781692,10.4,False,False,unflipped,,,False,False,True,True,False,,0.09999999999999964
LYS,10.5,72.77569269237097,-2.8803,3,2,1,2,0.0,0.0,0.0019912891707283,1LE2,A,69,10.1,6,8,6,4,0.00034889698,10.5,Existing_Structures/generated_pka/1le2_model1.pka,resname+resseq+chain,0.0007936977781692,-0.001197591392559,0.0004448007981692,10.1,False,False,unflipped,10.85715123925115,False,False,True,True,False,False,0.7571512392511508,0.40000000000000036
LYS,10.5,64.94151877187171,-8.2973,1,3,1,4,0.8313,0.9129,0.0025055926672857,1GS9,A,72,10.0,7,9,7,7,0.042828813,10.5,Existing_Structures/generated_pka/1gs9_model1.pka,resname+resseq+chain,0.0007936977781692,-0.0017118948891164,-0.0420351152218307,10.0,False,False,unflipped,8.749253578802588,False,False,True,True,False,False,-1.2507464211974124,0.5
LYS,10.5,53.93650821175461,-7.1214,3,3,2,4,0.0,0.0,0.0025055926672857,1LE2,A,72,10.0,8,10,8,4,0.025126608,10.5,Existing_Structures/generated_pka/1le2_model1.pka,resname+resseq+chain,0.0007936977781692,-0.0017118948891164,-0.0243329102218307,10.0,False,False,unflipped,8.988814352619107,False,False,True,True,False,False,-1.0111856473808931,0.5
LYS,10.5,13.981204572551906,-14.0879,3,4,0,7,2.3077,3.214,0.0019912891707283,1GS9,A,75,10.1,9,11,9,7,0.06657122,10.5,Existing_Structures/generated_pka/1gs9_model1.pka,resname+resseq+chain,0.0007936977781692,-0.001197591392559,-0.0657775222218307,10.1,False,False,unflipped,8.546794671158274,False,False,True,True,False,False,-1.5532053288417256,0.40000000000000036
LYS,10.5,28.143352237337748,-7.5997,3,4,0,5,0.0,0.0,0.0025055926672857,1LE2,A,75,10.0,10,12,10,4,-0.018621167,10.5,Existing_Structures/generated_pka/1le2_model1.pka,resname+resseq+chain,0.0007936977781692,-0.0017118948891164,0.0194148647781692,10.0,False,False,unflipped,,,False,False,True,True,False,,0.5
LYS,10.5,95.89410042640984,-0.2447,3,1,0,2,0.395,0.98,0.0019912891707283,1GS9,A,95,10.1,11,13,11,7,-0.0010136715,10.5,Existing_Structures/generated_pka/1gs9_model1.pka,resname+resseq+chain,0.0007936977781692,-0.001197591392559,0.0018073692781692,10.1,False,False,unflipped,,,False,False,True,True,False,,0.40000000000000036
LYS,10.5,80.30096522944875,0.391,2,1,0,3,0.0,0.0,0.0015823852808017,1LE2,A,95,10.2,12,14,12,4,-0.018696088,10.5,Existing_Structures/generated_pka/1le2_model1.pka,resname+resseq+chain,0.0007936977781692,-0.0007886875026324,0.0194897857781692,10.2,False,False,unflipped,,,False,False,True,True,False,,0.3000000000000007
LYS,10.5,81.16419533672583,1.5026,5,2,0,0,0.0053,0.0,0.0078806838503302,1GS9,A,143,9.5,13,15,13,7,0.0545665,10.5,Existing_Structures/generated_pka/1gs9_model1.pka,resname+resseq+chain,0.0007936977781692,-0.0070869860721609,-0.0537728022218307,9.5,False,False,unflipped,8.638704888609633,False,False,True,True,False,False,-0.8612951113903673,1.0
LYS,10.5,62.65015904540032,1.9225,6,2,0,0,0.0,0.0,0.0099009900990099,1LE2,A,143,9.4,14,16,14,4,0.05756876,10.5,Existing_Structures/generated_pka/1le2_model1.pka,resname+resseq+chain,0.0007936977781692,-0.0091072923208406,-0.0567750622218307,9.4,False,False,unflipped,8.614062798721136,False,False,True,True,False,False,-0.7859372012788644,1.0999999999999996
LYS,10.5,79.27511322301135,1.7197,4,2,0,0,0.0,0.0,0.0156016622418296,1GS9,A,146,9.2,15,17,15,7,-0.0180567,10.5,Existing_Structures/generated_pka/1gs9_model1.pka,resname+resseq+chain,0.0007936977781692,-0.0148079644636603,0.0188503977781692,9.2,False,False,unflipped,,,False,False,True,True,False,,1.3000000000000007
LYS,10.5,75.82226444082427,3.3862,6,2,0,0,0.0,0.0,0.0031523091832602,1LE2,A,146,9.9,16,18,16,4,0.0482803,10.5,Existing_Structures/generated_pka/1le2_model1.pka,resname+resseq+chain,0.0007936977781692,-0.0023586114050909,-0.0474866022218307,9.9,False,False,unflipped,8.694739099011874,False,False,True,True,False,False,-1.2052609009881259,0.5999999999999996
LYS,10.5,86.99947960805429,-1.7856,4,2,3,1,0.0,0.0,0.0001994864287215,1GS9,A,157,11.1,17,19,17,7,0.024149504,10.5,Existing_Structures/generated_pka/1gs9_model1.pka,resname+resseq+chain,0.0007936977781692,0.0005942113494477,-0.0233558062218307,11.1,False,False,unflipped,9.006475071875268,False,False,True,True,False,False,-2.0935249281247312,-0.5999999999999996
LYS,10.5,75.80978500243751,-2.758,1,1,3,1,0.0,0.0,0.0003161277976296,1LE2,A,157,10.9,18,20,18,4,-0.020731213,10.5,Existing_Structures/generated_pka/1le2_model1.pka,resname+resseq+chain,0.0007936977781692,0.0004775699805396,0.0215249107781692,10.9,False,False,unflipped,,,False,False,True,True,False,,-0.40000000000000036
LYS,10.5,70.9425952514782,-3.9575,0,2,1,2,0.2466,0.2555,0.0003161277976296,1PGB,A,28,10.9,27,30,23,1,-0.0024867118,10.5,Existing_Structures/generated_pka/1pgb_model1.pka,resname+resseq+chain,0.0007936977781692,0.0004775699805396,0.0032804095781692,10.9,False,False,unflipped,,,False,False,True,True,False,,-0.40000000000000036
HIS,6.0,59.84803690933752,-1.993,0,1,2,0,0.1089,0.0,0.3087638475852371,1A2P,A,18,7.75,40,43,33,7,0.4690799,6.5,Existing_Structures/generated_pka/1a2p_model1.pka,resname+resseq+chain,0.8881842302218831,0.579420382636646,0.4191043302218831,7.75,True,False,flipped,7.4537823436265125,False,True,True,False,False,True,-0.2962176563734875,-1.25
HIS,6.0,61.09564658563339,2.4191,2,1,3,1,0.2384,0.3959,0.9264124438824266,1A2P,A,102,6.3,51,54,43,7,0.56455433,6.5,Existing_Structures/generated_pka/1a2p_model1.pka,resname+resseq+chain,0.8881842302218831,-0.0382282136605435,0.3236299002218831,6.3,True,True,unflipped,7.287228233666686,True,True,True,True,False,False,0.987228233666686,0.20000000000000018
HIS,6.0,54.18412949012732,-1.8349,2,1,0,0,0.3921,0.3983,0.2402530733520421,2KIX,A,27,7.9,53,56,44,1,0.6836511,6.5,Existing_Structures/generated_pka/2kix_model1.pka,resname+resseq+chain,0.8881842302218831,0.6479311568698409,0.2045331302218831,7.9,True,False,flipped,7.065331811760856,True,True,False,False,True,True,-0.834668188239144,-1.4000000000000004
LYS,10.5,31.21614587933952,-4.0544,0,3,0,3,0.0,0.0,0.000660257220388,4ICB,A,1,10.58,62,65,53,3,-0.027268661,10.5,Existing_Structures/generated_pka/4icb_model1.pka,resname+resseq+chain,0.0007936977781692,0.0001334405577812,0.0280623587781692,10.58,False,False,unflipped,,,False,False,True,True,False,,-0.08000000000000007
LYS,10.5,31.21614587933952,-4.0544,0,3,0,3,0.0,0.0,0.0006162150467435,4ICB,A,1,10.61,63,66,54,3,-0.027268661,10.5,Existing_Structures/generated_pka/4icb_model1.pka,resname+resseq+chain,0.0007936977781692,0.0001774827314257,0.0280623587781692,10.61,False,False,unflipped,,,False,False,True,True,False,,-0.10999999999999943
LYS,10.5,31.21614587933952,-4.0544,0,3,0,3,0.0,0.0,0.0006452376286309,4ICB,A,1,10.59,64,67,55,3,-0.027268661,10.5,Existing_Structures/generated_pka/4icb_model1.pka,resname+resseq+chain,0.0007936977781692,0.0001484601495383,0.0280623587781692,10.59,False,False,unflipped,,,False,False,True,True,False,,-0.08999999999999986
LYS,10.5,46.408422890443966,-5.4352,0,2,0,5,0.0,0.0,0.0001230117433306,4ICB,A,7,11.31,67,70,58,3,-0.014167538,10.5,Existing_Structures/generated_pka/4icb_model1.pka,resname+resseq+chain,0.0007936977781692,0.0006706860348386,0.0149612357781692,11.31,False,False,unflipped,,,False,False,True,True,False,,-0.8100000000000005
LYS,10.5,46.408422890443966,-5.4352,0,2,0,5,0.0,0.0,0.000102318829014,4ICB,A,7,11.39,68,71,59,3,-0.014167538,10.5,Existing_Structures/generated_pka/4icb_model1.pka,resname+resseq+chain,0.0007936977781692,0.0006913789491552,0.0149612357781692,11.39,False,False,unflipped,,,False,False,True,True,False,,-0.8900000000000006
LYS,10.5,46.408422890443966,-5.4352,0,2,0,5,0.0,0.0,0.000109635798288,4ICB,A,7,11.36,69,72,60,3,-0.014167538,10.5,Existing_Structures/generated_pka/4icb_model1.pka,resname+resseq+chain,0.0007936977781692,0.0006840619798812,0.0149612357781692,11.36,False,False,unflipped,,,False,False,True,True,False,,-0.8599999999999994
LYS,10.5,66.19164733559177,-3.5622,0,4,0,4,0.0,0.0,0.0002187283098547,4ICB,A,12,11.06,71,74,62,3,0.013736269,10.5,Existing_Structures/generated_pka/4icb_model1.pka,resname+resseq+chain,0.0007936977781692,0.0005749694683145,-0.0129425712218307,11.06,False,False,unflipped,9.256124275502836,False,False,True,True,False,False,-1.8038757244971642,-0.5600000000000005
LYS,10.5,48.40177847499852,-5.7063,0,3,1,5,0.0915,0.0942,0.0019018368425677,4ICB,A,16,10.12,72,75,63,3,0.024456363,10.5,Existing_Structures/generated_pka/4icb_model1.pka,resname+resseq+chain,0.0007936977781692,-0.0011081390643984,-0.0236626652218307,10.12,False,False,unflipped,9.000854828676673,False,False,True,True,False,False,-1.1191451713233267,0.3800000000000008
LYS,10.5,48.40177847499852,-5.7063,0,3,1,5,0.0915,0.0942,0.0002187283098547,4ICB,A,16,11.06,73,76,64,3,0.024456363,10.5,Existing_Structures/generated_pka/4icb_model1.pka,resname+resseq+chain,0.0007936977781692,0.0005749694683145,-0.0236626652218307,11.06,False,False,unflipped,9.000854828676673,False,False,True,True,False,False,-2.059145171323328,-0.5600000000000005
LYS,10.5,45.79060830457637,-15.2233,0,2,3,7,0.0216,0.0222,4.786071847425361e-05,4ICB,A,25,11.72,75,78,66,3,0.037915673,10.5,Existing_Structures/generated_pka/4icb_model1.pka,resname+resseq+chain,0.0007936977781692,0.0007458370596949,-0.0371219752218307,11.72,False,False,unflipped,8.804394370675423,False,False,True,True,False,False,-2.9156056293245776,-1.2200000000000006
LYS,10.5,45.79060830457637,-15.2233,0,2,3,7,0.0216,0.0222,3.890300099706169e-05,4ICB,A,25,11.81,76,79,67,3,0.037915673,10.5,Existing_Structures/generated_pka/4icb_model1.pka,resname+resseq+chain,0.0007936977781692,0.0007547947771721,-0.0371219752218307,11.81,False,False,unflipped,8.804394370675423,False,False,True,True,False,False,-3.0056056293245774,-1.3100000000000005
LYS,10.5,50.789768714135306,-1.1659,0,3,1,5,0.0,0.0,0.0003310215099587,4ICB,A,29,10.88,78,81,69,3,0.041303147,10.5,Existing_Structures/generated_pka/4icb_model1.pka,resname+resseq+chain,0.0007936977781692,0.0004626762682105,-0.0405094492218307,10.88,False,False,unflipped,8.7656981587626,False,False,True,True,False,False,-2.114301841237401,-0.3800000000000008
LYS,10.5,50.789768714135306,-1.1659,0,3,1,5,0.0,0.0,0.0001318082981379,4ICB,A,29,11.28,79,82,70,3,0.041303147,10.5,Existing_Structures/generated_pka/4icb_model1.pka,resname+resseq+chain,0.0007936977781692,0.0006618894800313,-0.0405094492218307,11.28,False,False,unflipped,8.7656981587626,False,False,True,True,False,False,-2.5143018412373994,-0.7799999999999994
LYS,10.5,89.21757319525155,-5.2355,0,2,1,1,0.0,0.0,0.0003713972419378,4ICB,A,41,10.83,80,83,71,3,0.016175285,10.5,Existing_Structures/generated_pka/4icb_model1.pka,resname+resseq+chain,0.0007936977781692,0.0004223005362314,-0.0153815872218307,10.83,False,False,unflipped,9.184065786973706,False,False,True,True,False,False,-1.645934213026294,-0.33000000000000007
LYS,10.5,89.21757319525155,-5.2355,0,2,1,1,0.0,0.0,0.000295033852004,4ICB,A,41,10.93,81,84,72,3,0.016175285,10.5,Existing_Structures/generated_pka/4icb_model1.pka,resname+resseq+chain,0.0007936977781692,0.0004986639261652,-0.0153815872218307,10.93,False,False,unflipped,9.184065786973706,False,False,True,True,False,False,-1.7459342130262936,-0.4299999999999997
LYS,10.5,61.94784341355321,-8.9987,0,3,2,5,1.041,1.5771,0.0001174759532729,4ICB,A,55,11.33,84,87,75,3,0.031125553,10.5,Existing_Structures/generated_pka/4icb_model1.pka,resname+resseq+chain,0.0007936977781692,0.0006762218248963,-0.0303318552218307,11.33,False,False,unflipped,8.893150425841842,False,False,True,True,False,False,-2.436849574158158,-0.8300000000000001
LYS,10.5,61.94784341355321,-8.9987,0,3,2,5,1.041,1.5771,1.905424410849593e-05,4ICB,A,55,12.12,85,88,76,3,0.031125553,10.5,Existing_Structures/generated_pka/4icb_model1.pka,resname+resseq+chain,0.0007936977781692,0.0007746435340607,-0.0303318552218307,12.12,False,False,unflipped,8.893150425841842,False,False,True,True,False,False,-3.226849574158157,-1.6199999999999992
LYS,10.5,80.29507750232314,-0.6448,0,2,0,1,0.0,0.0,0.0004675164674062,4ICB,A,71,10.73,87,90,78,3,0.001253482,10.5,Existing_Structures/generated_pka/4icb_model1.pka,resname+resseq+chain,0.0007936977781692,0.000326181310763,-0.0004597842218307,10.73,False,False,unflipped,10.30133717634261,False,False,True,True,False,False,-0.4286628236573904,-0.23000000000000043
LYS,10.5,80.29507750232314,-0.6448,0,2,0,1,0.0,0.0,0.0004784011151527,4ICB,A,71,10.72,88,91,79,3,0.001253482,10.5,Existing_Structures/generated_pka/4icb_model1.pka,resname+resseq+chain,0.0007936977781692,0.0003152966630165,-0.0004597842218307,10.72,False,False,unflipped,10.30133717634261,False,False,True,True,False,False,-0.4186628236573906,-0.22000000000000064
LYS,10.5,39.574189422507374,-3.9176,0,4,2,4,0.4622,0.5115,0.0003089340734957,4ICB,A,72,10.91,89,92,80,3,-0.060335554,10.5,Existing_Structures/generated_pka/4icb_model1.pka,resname+resseq+chain,0.0007936977781692,0.0004847637046735,0.0611292517781692,10.91,False,False,unflipped,,,False,False,True,True,False,,-0.41000000000000014
LYS,10.5,39.574189422507374,-3.9176,0,4,2,4,0.4622,0.5115,0.0002454106503973,4ICB,A,72,11.01,90,93,81,3,-0.060335554,10.5,Existing_Structures/generated_pka/4icb_model1.pka,resname+resseq+chain,0.0007936977781692,0.0005482871277719,0.0611292517781692,11.01,False,False,unflipped,,,False,False,True,True,False,,-0.5099999999999998
LYS,10.5,39.574189422507374,-3.9176,0,4,2,4,0.4622,0.5115,0.0001174759532729,4ICB,A,72,11.33,91,94,82,3,-0.060335554,10.5,Existing_Structures/generated_pka/4icb_model1.pka,resname+resseq+chain,0.0007936977781692,0.0006762218248963,0.0611292517781692,11.33,False,False,unflipped,,,False,False,True,True,False,,-0.8300000000000001
HIS,6.0,65.99752091029517,-1.6256,1,2,3,2,0.0,0.0,0.9679482219721288,4BYA,A,34,5.92,93,96,83,4,0.8228129,6.5,Existing_Structures/generated_pka/4bya_model1.pka,resname+resseq+chain,0.8881842302218831,-0.0797639917502457,0.0653713302218831,5.92,True,True,unflipped,6.733131008241078,True,True,True,True,False,False,0.8131310082410783,0.5800000000000001
HIS,6.0,27.12662246395068,-12.107,1,2,3,5,0.3454,0.4754,0.802909170153816,4BYA,A,71,6.79,94,97,84,4,0.78860533,6.5,Existing_Structures/generated_pka/4bya_model1.pka,resname+resseq+chain,0.8881842302218831,0.085275060068067,0.0995789002218831,6.79,True,True,unflipped,6.8282343249820165,True,True,True,True,False,False,0.03823432498201651,-0.29000000000000004
LYS,10.5,66.49786263267565,-3.9045,0,1,0,6,0.5583,0.7878,0.0020375777448726,1PRW,A,13,10.09,95,98,85,8,-0.010100859,10.5,Existing_Structures/generated_pka/1prw_model1.pka,resname+resseq+chain,0.0007936977781692,-0.0012438799667033,0.0108945567781692,10.09,False,False,unflipped,,,False,False,True,True,False,,0.41000000000000014
LYS,10.5,46.77226446906888,-5.9693,1,2,3,3,1.3622,1.8697,0.0033003826208403,1PRW,A,21,9.88,96,99,86,8,0.03456407,10.5,Existing_Structures/generated_pka/1prw_model1.pka,resname+resseq+chain,0.0007936977781692,-0.002506684842671,-0.0337703722218307,9.88,False,False,unflipped,8.846098581630294,False,False,True,True,False,False,-1.033901418369707,0.6199999999999992
LYS,10.5,94.63197160655707,-0.8273,1,2,1,2,0.0,0.0,0.0036176456701732,1PRW,A,30,9.84,97,100,87,8,-0.0006915198,10.5,Existing_Structures/generated_pka/1prw_model1.pka,resname+resseq+chain,0.0007936977781692,-0.0028239478920039,0.0014852175781692,9.84,False,False,unflipped,,,False,False,True,True,False,,0.6600000000000001
LYS,10.5,25.263605029753457,-30.398,3,2,3,6,0.8331,0.9055,0.0127186475962907,1PRW,A,75,9.29,98,101,88,8,0.02412624,10.5,Existing_Structures/generated_pka/1prw_model1.pka,resname+resseq+chain,0.0007936977781692,-0.0119249498181214,-0.0233325422218307,9.29,False,False,unflipped,9.006903996805637,False,False,True,True,False,False,-0.28309600319436257,1.2100000000000009
LYS,10.5,65.4396278289237,-3.935,1,3,2,0,1.7148,1.7803,0.0014769238577015,1PRW,A,77,10.23,99,102,89,8,0.030178554,10.5,Existing_Structures/generated_pka/1prw_model1.pka,resname+resseq+chain,0.0007936977781692,-0.0006832260795322,-0.0293848562218307,10.23,False,False,unflipped,8.90699335679518,False,False,True,True,False,False,-1.3230066432048204,0.2699999999999996
LYS,10.5,38.5623998486526,-15.2582,4,1,2,2,1.1543,1.1823,0.0055919673088347,1PRW,A,94,9.65,100,103,90,8,0.024471235,10.5,Existing_Structures/generated_pka/1prw_model1.pka,resname+resseq+chain,0.0007936977781692,-0.0047982695306654,-0.0236775372218307,9.65,False,False,unflipped,9.000584192150008,False,False,True,True,False,False,-0.6494158078499925,0.8499999999999996
LYS,10.5,51.225272704496646,-9.1561,0,2,0,3,0.8287,1.3689,0.0025055926672857,1PRW,A,148,10.0,101,104,91,8,0.045934822,10.5,Existing_Structures/generated_pka/1prw_model1.pka,resname+resseq+chain,0.0007936977781692,-0.0017118948891164,-0.0451411242218307,10.0,False,False,unflipped,8.717436007218165,False,False,True,True,False,False,-1.282563992781835,0.5
HIS,6.0,13.67419869339767,-10.0812,1,7,1,0,1.2315,1.8723,0.9843983377581704,1KXI,A,4,5.6,102,105,92,4,0.89645797,6.5,Existing_Structures/generated_pka/1kxi_model1.pka,resname+resseq+chain,0.8881842302218831,-0.0962141075362873,-0.0082737397781169,5.6,True,True,unflipped,6.462586742630027,True,True,True,True,False,False,0.8625867426300271,0.9000000000000004
CYS,8.3,21.381356321611463,-7.634,2,0,2,4,0.3517,0.6905,0.9998415357956376,1THE,A,29,3.6,106,109,96,3,0.7228622,9.0,Existing_Structures/generated_pka/1the_model1.pka,resname+resseq+chain,0.024503367550336,-0.9753381682453016,-0.698358832449664,3.6,False,True,flipped,6.983640249928978,True,False,True,False,False,True,3.383640249928978,5.4
HIS,6.0,7.781105557392117,-24.2241,2,0,2,3,1.1741,1.2772,0.7597469266479578,1THE,A,110,6.9,107,110,97,3,0.79370546,6.5,Existing_Structures/generated_pka/1the_model1.pka,resname+resseq+chain,0.8881842302218831,0.1284373035739252,0.0944787702218831,6.9,True,True,unflipped,6.814828365765689,True,True,True,True,False,False,-0.08517163423431118,-0.40000000000000036
HIS,6.0,53.93586236962528,-2.1059,1,1,4,2,0.0372,0.0,0.333860575416878,1THE,A,111,7.7,108,111,98,3,0.7433427,6.5,Existing_Structures/generated_pka/1the_model1.pka,resname+resseq+chain,0.8881842302218831,0.554323654805005,0.144841530221883,7.7,True,False,flipped,6.938164540441132,True,True,False,False,True,True,-0.7618354595588679,-1.2000000000000002
HIS,6.0,6.516245268673586,-23.3632,2,0,1,3,1.3648,1.5835,0.0593509431027676,1THE,A,199,8.6,109,112,99,3,0.91418624,6.5,Existing_Structures/generated_pka/1the_model1.pka,resname+resseq+chain,0.8881842302218831,0.8288332871191155,-0.0260020097781169,8.6,True,False,flipped,6.372522251196778,True,True,False,False,True,True,-2.2274777488032216,-2.0999999999999996
CYS,8.3,40.16935364895817,21.5591,5,1,1,2,0.3636,0.5579,0.9843983377581704,1QK1,A,278,5.6,124,129,114,7,0.6106032,9.0,Existing_Structures/generated_pka/1qk1_model1.pka,resname+resseq+chain,0.024503367550336,-0.9598949702078344,-0.586099832449664,5.6,False,True,flipped,7.204633302252683,True,False,True,False,False,True,1.604633302252683,3.4000000000000004
CYS,8.3,44.60370720392238,17.1282,4,0,2,2,0.8938,1.0101,0.9843983377581704,1I0E,A,283,5.6,125,130,115,5,0.81486154,9.0,Existing_Structures/generated_pka/1i0e_model1.pka,resname+resseq+chain,0.024503367550336,-0.9598949702078344,-0.790358172449664,5.6,False,True,flipped,6.7564128265350485,True,False,True,False,False,True,1.1564128265350488,3.4000000000000004
HIS,6.0,61.352664646006495,2.5023,2,3,1,0,0.1237,0.2225,0.9731959575961598,2CPL,A,70,5.84,126,131,116,1,0.73526907,6.5,Existing_Structures/generated_pka/2cpl_model1.pka,resname+resseq+chain,0.8881842302218831,-0.0850117273742767,0.1529151602218831,5.84,True,True,unflipped,6.956358388103848,True,True,True,True,False,False,1.1163583881038486,0.6600000000000001
HIS,6.0,17.194574240704267,-15.3725,1,2,2,3,1.1806,1.3896,0.9198816569709808,2CPL,A,126,6.34,127,132,117,1,0.8107037,6.5,Existing_Structures/generated_pka/2cpl_model1.pka,resname+resseq+chain,0.8881842302218831,-0.0316974267490977,0.077480530221883,6.34,True,True,unflipped,6.768279970179374,True,True,True,True,False,False,0.428279970179374,0.16000000000000014
HIS,6.0,17.23918621752755,-1.7755,1,4,0,1,0.0178,0.0579,0.9999874109043696,1HRC,A,18,2.5,128,133,118,5,0.839669,6.5,Existing_Structures/generated_pka/1hrc_model1.pka,resname+resseq+chain,0.8881842302218831,-0.1118031806824865,0.048515230221883,2.5,True,True,unflipped,6.680909381685019,True,True,True,True,False,False,4.180909381685019,4.0
HIS,6.0,19.29181423023031,-13.1721,1,4,0,2,0.5442,1.3646,0.9090909090909092,1HRC,A,33,6.4,130,135,119,5,0.57806665,6.5,Existing_Structures/generated_pka/1hrc_model1.pka,resname+resseq+chain,0.8881842302218831,-0.020906678869026,0.310117580221883,6.4,True,True,unflipped,7.2632659391275665,True,True,True,True,False,False,0.8632659391275661,0.09999999999999964
TYR,10.5,11.835579041138809,17.8751,2,8,0,2,0.6601,0.7218,0.0002511255632614,1HRC,A,67,11.0,131,136,120,5,0.25868702,10.0,Existing_Structures/generated_pka/1hrc_model1.pka,resname+resseq+chain,0.0025055926672857,0.0022544671040243,-0.2561814273327142,11.0,False,False,unflipped,7.857226966554346,False,False,True,True,False,False,-3.1427730334456543,-1.0
LYS,10.5,54.9211976919084,-4.8412,0,3,1,0,0.7861,1.2062,0.024503367550336,1HRC,A,79,9.0,132,137,121,5,-0.0004043147,10.5,Existing_Structures/generated_pka/1hrc_model1.pka,resname+resseq+chain,0.0007936977781692,-0.0237096697721667,0.0011980124781692,9.0,False,False,unflipped,,,False,False,True,True,False,,1.5
CYS,8.3,15.45357990442274,-5.7162,3,2,1,3,0.64,1.2718,0.99009900990099,1P5F,A,106,5.4,133,141,122,10,0.79110956,9.0,Existing_Structures/generated_pka/1p5f_model1.pka,resname+resseq+chain,0.024503367550336,-0.965595642350654,-0.766606192449664,5.4,False,True,flipped,6.821681931993188,True,False,True,False,False,True,1.421681931993188,3.5999999999999996
CYS,8.3,15.787856657211956,21.5835,3,2,0,2,0.3139,0.32,0.9090909090909092,3CZ9,A,106,6.4,134,145,123,2,0.8544522,9.0,Existing_Structures/generated_pka/3cz9_model1.pka,resname+resseq+chain,0.024503367550336,-0.8845875415405732,-0.829948832449664,6.4,False,True,flipped,6.631317873014129,True,False,True,False,False,True,0.23131787301412832,2.5999999999999996
LYS,10.5,50.93242141080956,-13.1423,0,2,0,4,0.0,0.0,0.0014769238577015,1XSN,A,265,10.23,135,149,124,6,0.02187889,10.5,Existing_Structures/generated_pka/1xsn_model1.pka,resname+resseq+chain,0.0007936977781692,-0.0006832260795322,-0.0210851922218307,10.23,False,False,unflipped,9.050367347239728,False,False,True,True,False,False,-1.1796326527602723,0.2699999999999996
LYS,10.5,64.79448486849516,-5.8676,2,4,1,0,0.0093,0.0,0.0021334009591299,1XSN,A,273,10.07,136,150,125,6,0.01566792,10.5,Existing_Structures/generated_pka/1xsn_model1.pka,resname+resseq+chain,0.0007936977781692,-0.0013397031809606,-0.0148742222218307,10.07,False,False,unflipped,9.198130293881036,False,False,True,True,False,False,-0.8718697061189644,0.4299999999999997
LYS,10.5,57.35352281166344,-3.8987,3,3,0,0,0.3728,0.6083,0.0024486980746892,1XSN,A,281,10.01,137,151,126,6,0.03376148,10.5,Existing_Structures/generated_pka/1xsn_model1.pka,resname+resseq+chain,0.0007936977781692,-0.0016550002965199,-0.0329677822218307,10.01,False,False,unflipped,8.856662870537885,False,False,True,True,False,False,-1.1533371294621144,0.4900000000000002
LYS,10.5,16.20434511260653,0.8445,3,4,2,3,0.3971,0.553,0.0065635694070481,1XSN,A,312,9.58,138,155,127,6,0.4727531,10.5,Existing_Structures/generated_pka/1xsn_model1.pka,resname+resseq+chain,0.0007936977781692,-0.0057698716288788,-0.4719594022218307,9.58,False,False,unflipped,7.447379649601507,False,False,True,True,False,False,-2.1326203503984935,0.9199999999999999
LYS,10.5,42.82172149331282,2.7164,3,5,2,2,0.8251,0.9927,0.0013471456331351,1XSN,A,324,10.27,139,156,128,6,0.04555346,10.5,Existing_Structures/generated_pka/1xsn_model1.pka,resname+resseq+chain,0.0007936977781692,-0.0005534478549658,-0.0447597622218307,10.27,False,False,unflipped,8.721230238642777,False,False,True,True,False,False,-1.5487697613572227,0.23000000000000043
CYS,8.3,3.22528511926256,15.3977,1,1,0,3,1.3426,2.5186,0.9998741233057576,1DSB,A,30,3.5,140,159,129,10,0.84025913,9.0,Existing_Structures/generated_pka/1dsb_model1.pka,resname+resseq+chain,0.024503367550336,-0.9753707557554216,-0.815755762449664,3.5,False,True,flipped,6.6790028053310735,True,False,True,False,False,True,3.1790028053310735,5.5
CYS,8.3,3.612963491661874,13.6338,1,1,0,3,1.191,2.7411,0.9997761779936488,1FVJ,A,30,3.75,141,160,130,7,0.8899604,9.0,Existing_Structures/generated_pka/1fvj_model1.pka,resname+resseq+chain,0.024503367550336,-0.9752728104433128,-0.865457032449664,3.75,False,True,flipped,6.492178320485766,True,False,True,False,False,True,2.742178320485766,5.25
CYS,8.3,3.0319962927108066,15.0498,1,1,0,3,1.0263,1.9068,0.9989539667831926,1AC1,A,30,4.42,142,161,131,1,0.95888036,9.0,Existing_Structures/generated_pka/1ac1_model1.pka,resname+resseq+chain,0.024503367550336,-0.9744505992328566,-0.934376992449664,4.42,False,True,flipped,6.032284880378496,True,False,True,False,False,True,1.6122848803784962,4.58
CYS,8.3,6.889980374076754,7.3692,0,1,0,2,1.1615,2.8473,0.995013121263312,1BED,A,30,5.1,143,162,132,7,0.87367797,9.0,Existing_Structures/generated_pka/1bed_model1.pka,resname+resseq+chain,0.024503367550336,-0.970509753712976,-0.849174602449664,5.1,False,True,flipped,6.560127711175674,True,False,True,False,False,True,1.4601277111756747,3.9000000000000004
CYS,8.3,2.917360159741229,23.1233,1,1,1,1,2.168,5.0217,0.9991095426827856,1EEJ,A,98,4.35,144,163,133,9,1.0370488,9.0,Existing_Structures/generated_pka/1eej_model1.pka,resname+resseq+chain,0.024503367550336,-0.9746061751324496,-1.012545432449664,4.35,False,True,flipped,,,False,False,False,True,True,,4.65
CYS,8.3,2.917360159741229,23.1233,1,1,1,1,2.168,5.0217,0.9984176147191982,1EEJ,A,98,4.6,145,164,134,9,1.0370488,9.0,Existing_Structures/generated_pka/1eej_model1.pka,resname+resseq+chain,0.024503367550336,-0.9739142471688622,-1.012545432449664,4.6,False,True,flipped,,,False,False,False,True,True,,4.4
CYS,8.3,2.917360159741229,23.1233,1,1,1,1,2.168,5.0217,0.9994990638291864,1EEJ,A,98,4.1,146,165,135,9,1.0370488,9.0,Existing_Structures/generated_pka/1eej_model1.pka,resname+resseq+chain,0.024503367550336,-0.9749956962788504,-1.012545432449664,4.1,False,True,flipped,,,False,False,False,True,True,,4.9
CYS,8.3,10.050333606607254,10.7853,0,2,2,2,0.4215,1.3251,0.0007936977781692,2FWF,A,461,10.5,147,166,136,8,0.67886513,9.0,Existing_Structures/generated_pka/2fwf_model1.pka,resname+resseq+chain,0.024503367550336,0.0237096697721668,-0.654361762449664,10.5,False,False,unflipped,7.074903963759944,True,False,False,True,True,False,-3.425096036240056,-1.5
CYS,8.3,10.050333606607254,10.7853,0,2,2,2,0.4215,1.3251,0.0124327352544423,2FWF,A,461,9.3,148,167,137,8,0.67886513,9.0,Existing_Structures/generated_pka/2fwf_model1.pka,resname+resseq+chain,0.024503367550336,0.0120706322958937,-0.654361762449664,9.3,False,False,unflipped,7.074903963759944,True,False,False,True,True,False,-2.225096036240057,-0.3000000000000007
CYS,8.3,7.17312704975692,27.4322,0,2,1,1,2.0442,3.5341,0.9998741233057576,1V57,A,109,3.5,150,169,138,2,0.9398919,9.0,Existing_Structures/generated_pka/1v57_model1.pka,resname+resseq+chain,0.024503367550336,-0.9753707557554216,-0.915388532449664,3.5,False,True,flipped,6.205855093397846,True,False,True,False,False,True,2.7058550933978456,5.5
HIS,6.0,9.919135222467476,-14.5308,0,0,1,1,0.664,0.7299,0.7992399910868984,1EGF,A,22,6.8,153,173,141,2,0.6135615,6.5,Existing_Structures/generated_pka/1egf_model1.pka,resname+resseq+chain,0.8881842302218831,0.0889442391349847,0.2746227302218831,6.8,True,True,unflipped,7.199222287169226,True,True,True,True,False,False,0.39922228716922614,-0.2999999999999998
HIS,6.0,7.44143930576396,20.1744,1,2,0,2,0.8217,1.1624,0.9999748817666264,3EBX,A,6,2.8,159,180,146,2,0.7941094,6.5,Existing_Structures/generated_pka/3ebx_model1.pka,resname+resseq+chain,0.8881842302218831,-0.1117906515447433,0.0940748302218831,2.8,True,True,unflipped,6.813756182354993,True,True,True,True,False,False,4.013756182354993,3.7
HIS,6.0,24.4247273977585,-9.8134,1,2,0,1,0.3169,0.0,0.975496632449664,3EBX,A,26,5.8,160,181,147,2,0.6478497,6.5,Existing_Structures/generated_pka/3ebx_model1.pka,resname+resseq+chain,0.8881842302218831,-0.0873124022277809,0.2403345302218831,5.8,True,True,unflipped,7.135253800713554,True,True,True,True,False,False,1.335253800713554,0.7000000000000002
HIS,6.0,70.00838622190736,-0.2501,0,0,1,0,0.0,0.0,0.8858769425858496,1FKS,A,87,6.51,171,192,157,3,0.56352806,6.5,Existing_Structures/generated_pka/1fks_model1.pka,resname+resseq+chain,0.8881842302218831,0.0023072876360334,0.3246561702218831,6.51,True,True,unflipped,7.289040782987633,True,True,True,True,False,False,0.7790407829876331,-0.009999999999999787
HIS,6.0,77.10717404177049,2.7116,0,0,1,1,0.0,0.0,0.9731959575961598,1FKS,A,94,5.84,172,193,158,3,0.70764315,6.5,Existing_Structures/generated_pka/1fks_model1.pka,resname+resseq+chain,0.8881842302218831,-0.0850117273742767,0.1805410802218831,5.84,True,True,unflipped,7.016098966883063,True,True,True,True,False,False,1.176098966883063,0.6600000000000001
LYS,10.5,79.08108491093444,-0.9593,0,2,1,0,0.4992,0.551,0.0019912891707283,1BEO,A,61,10.1,178,200,161,7,0.000129782,10.5,Existing_Structures/generated_pka/1beo_model1.pka,resname+resseq+chain,0.0007936977781692,-0.001197591392559,0.0006639157781692,10.1,False,False,unflipped,11.286729170184767,False,False,True,True,False,False,1.1867291701847673,0.40000000000000036
TYR,10.5,46.05217109312007,0.9334,0,1,0,0,0.2542,0.274,0.0011207609398445,1BEO,A,85,10.35,180,202,163,7,-0.0016282063,10.0,Existing_Structures/generated_pka/1beo_model1.pka,resname+resseq+chain,0.0025055926672857,0.0013848317274412,0.0041337989672857,10.35,False,False,unflipped,,,False,False,True,True,False,,-0.34999999999999964
LYS,10.5,59.88161018071859,-1.2977,0,2,0,0,0.8948,1.0396,0.0099009900990099,1BEO,A,94,9.4,182,204,164,7,-0.039450493,10.5,Existing_Structures/generated_pka/1beo_model1.pka,resname+resseq+chain,0.0007936977781692,-0.0091072923208406,0.0402441907781692,9.4,False,False,unflipped,,,False,False,True,True,False,,1.0999999999999996
CYS,8.3,14.298663650441323,17.79,3,2,1,1,0.3937,1.6471,0.9997488744367388,1KTE,A,22,3.8,194,225,173,3,0.84352446,9.0,Existing_Structures/generated_pka/1kte_model1.pka,resname+resseq+chain,0.024503367550336,-0.9752455068864028,-0.819021092449664,3.8,False,True,flipped,6.668348778476042,True,False,True,False,False,True,2.868348778476042,5.2
HIS,6.0,18.898790052672823,-16.4825,0,0,2,0,1.5637,1.9603,0.557311633762293,1B2V,A,32,7.3,200,231,174,3,0.70776993,6.5,Existing_Structures/generated_pka/1b2v_model1.pka,resname+resseq+chain,0.8881842302218831,0.3308725964595901,0.1804143002218831,7.3,True,True,unflipped,7.015832794644771,True,True,True,True,False,False,-0.2841672053552289,-0.7999999999999998
HIS,6.0,52.29389839604449,-3.3834,0,0,0,1,0.5934,0.6788,0.9843983377581704,1B2V,A,83,5.6,201,232,175,3,0.58162224,6.5,Existing_Structures/generated_pka/1b2v_model1.pka,resname+resseq+chain,0.8881842302218831,-0.0962141075362873,0.3065619902218831,5.6,True,True,unflipped,7.256927585708737,True,True,True,True,False,False,1.656927585708737,0.9000000000000004
HIS,6.0,60.86714147004154,-4.4986,0,0,1,1,1.2965,1.4688,0.6661394245831224,1B2V,A,128,7.1,202,233,176,3,0.79193074,6.5,Existing_Structures/generated_pka/1b2v_model1.pka,resname+resseq+chain,0.8881842302218831,0.2220448056387607,0.0962534902218831,7.1,True,True,unflipped,6.819520721506623,True,True,True,True,False,False,-0.2804792784933765,-0.5999999999999996
HIS,6.0,96.73162386905648,3.7942,0,4,1,2,0.4636,0.6794,0.8336624691834381,4HHB,B,2,6.7,204,240,177,5,0.9434111,6.5,Existing_Structures/generated_pka/4hhb_model1.pka,resname+resseq+chain,0.8881842302218831,0.0545217610384449,-0.0552268697781168,6.7,True,True,unflipped,6.178030270241611,True,True,True,True,False,False,-0.5219697297583892,-0.20000000000000018
HIS,6.0,86.0568761432044,2.3978,0,2,1,2,0.0,0.0,0.8336624691834381,1HHO,B,2,6.7,205,241,178,4,0.8097999,6.5,Existing_Structures/generated_pka/1hho_model1.pka,resname+resseq+chain,0.8881842302218831,0.0545217610384449,0.078384330221883,6.7,True,True,unflipped,6.770833022134479,True,True,True,True,False,False,0.07083302213447862,-0.20000000000000018
HIS,6.0,55.88273858828061,-12.3932,0,3,0,2,0.5921,0.6329,0.3868631798468573,4HHB,A,20,7.6,206,242,179,5,0.68347967,6.5,Existing_Structures/generated_pka/4hhb_model1.pka,resname+resseq+chain,0.8881842302218831,0.5013210503750258,0.2047045602218831,7.6,True,False,flipped,7.065676008773608,True,True,False,False,True,True,-0.5343239912263913,-1.0999999999999996
HIS,6.0,63.61803241239314,-9.225,0,4,0,2,0.0067,0.0,0.7152527510491988,1HHO,A,20,7.0,207,243,180,4,0.8542561,6.5,Existing_Structures/generated_pka/1hho_model1.pka,resname+resseq+chain,0.8881842302218831,0.1729314791726842,0.0339281302218831,7.0,True,True,unflipped,6.632002298091137,True,True,True,True,False,False,-0.3679977019088634,-0.5
HIS,6.0,85.31157691809949,-18.6442,1,2,1,3,0.0255,0.0288,0.6131368201531431,4HHB,A,50,7.2,208,244,181,5,0.88379717,6.5,Existing_Structures/generated_pka/4hhb_model1.pka,resname+resseq+chain,0.8881842302218831,0.27504741006874,0.004387060221883,7.2,True,True,unflipped,6.518864098399471,True,True,True,True,False,False,-0.6811359016005296,-0.7000000000000002
HIS,6.0,87.291571480958,-16.3098,1,2,1,3,0.1379,0.2008,0.6661394245831224,1HHO,A,50,7.1,209,245,182,4,0.85062194,6.5,Existing_Structures/generated_pka/1hho_model1.pka,resname+resseq+chain,0.8881842302218831,0.2220448056387607,0.037562290221883,7.1,True,True,unflipped,6.644550234644783,True,True,True,True,False,False,-0.4554497653552163,-0.5999999999999996
HIS,6.0,59.38840407180423,-3.3542,0,2,3,0,0.0918,0.0,0.557311633762293,4HHB,A,72,7.3,210,246,183,5,0.5208766,6.5,Existing_Structures/generated_pka/4hhb_model1.pka,resname+resseq+chain,0.8881842302218831,0.3308725964595901,0.367307630221883,7.3,True,True,unflipped,7.363712534458743,True,True,True,True,False,False,0.06371253445874281,-0.7999999999999998
HIS,6.0,67.44444024798763,-19.4391,0,1,3,0,0.0184,0.0,0.6661394245831224,1HHO,A,72,7.1,211,247,184,4,0.6398173,6.5,Existing_Structures/generated_pka/1hho_model1.pka,resname+resseq+chain,0.8881842302218831,0.2220448056387607,0.248366930221883,7.1,True,True,unflipped,7.150466870526353,True,True,True,True,False,False,0.05046687052635335,-0.5999999999999996
HIS,6.0,60.24446982779374,-6.7126,0,2,2,0,0.5284,0.8274,0.2847472489508016,4HHB,B,77,7.8,212,248,185,5,0.7137391,6.5,Existing_Structures/generated_pka/4hhb_model1.pka,resname+resseq+chain,0.8881842302218831,0.6034369812710815,0.1744451302218831,7.8,True,False,flipped,7.003222543464854,True,True,False,False,True,True,-0.7967774565351462,-1.2999999999999998
HIS,6.0,65.81314109695356,-5.706,0,2,2,0,0.1123,0.1251,0.2847472489508016,1HHO,B,77,7.8,213,249,186,4,0.6815932,6.5,Existing_Structures/generated_pka/1hho_model1.pka,resname+resseq+chain,0.8881842302218831,0.6034369812710815,0.206591030221883,7.8,True,False,flipped,7.069457085113079,True,True,False,False,True,True,-0.7305429148869207,-1.2999999999999998
HIS,6.0,65.79548274160389,-1.1154,3,3,1,1,0.0,0.0,0.6131368201531431,4HHB,A,89,7.2,214,250,187,5,0.9190952,6.5,Existing_Structures/generated_pka/4hhb_model1.pka,resname+resseq+chain,0.8881842302218831,0.27504741006874,-0.0309109697781169,7.2,True,True,unflipped,6.3446137906344795,True,True,True,True,False,False,-0.8553862093655207,-0.7000000000000002
HIS,6.0,50.050041316939854,-4.4651,2,2,1,0,0.2141,0.2788,0.9843983377581704,1HHO,A,89,5.6,215,251,188,4,0.768033,6.5,Existing_Structures/generated_pka/1hho_model1.pka,resname+resseq+chain,0.8881842302218831,-0.0962141075362873,0.1201512302218831,5.6,True,True,unflipped,6.880046325129275,True,True,True,True,False,False,1.280046325129275,0.9000000000000004
HIS,6.0,31.17422587815882,-14.4963,1,2,0,5,2.2058,3.2101,0.1663375308165621,4HHB,A,112,8.1,216,252,189,5,0.78011197,6.5,Existing_Structures/generated_pka/4hhb_model1.pka,resname+resseq+chain,0.8881842302218831,0.721846699405321,0.1080722602218831,8.1,True,False,flipped,6.85004464665798,True,True,False,False,True,True,-1.2499553533420196,-1.5999999999999996
HIS,6.0,13.253752489291054,-7.4364,1,2,0,5,0.5946,0.6675,0.1663375308165621,1HHO,A,112,8.1,217,253,190,4,0.6417071,6.5,Existing_Structures/generated_pka/1hho_model1.pka,resname+resseq+chain,0.8881842302218831,0.721846699405321,0.2464771302218831,8.1,True,False,flipped,7.146901357734403,True,True,False,False,True,True,-0.9530986422655969,-1.5999999999999996
HIS,6.0,50.05900080936792,7.4294,0,2,0,1,0.0,0.0,0.9843983377581704,4HHB,B,143,5.6,218,254,191,5,0.7876802,6.5,Existing_Structures/generated_pka/4hhb_model1.pka,resname+resseq+chain,0.8881842302218831,-0.0962141075362873,0.100504030221883,5.6,True,True,unflipped,6.83064056772542,True,True,True,True,False,False,1.2306405677254206,0.9000000000000004
HIS,6.0,78.06740656505477,0.1669,0,4,1,2,0.3791,0.3805,0.1663375308165621,4HHB,B,146,8.1,219,255,192,5,0.9877954,6.5,Existing_Structures/generated_pka/4hhb_model1.pka,resname+resseq+chain,0.8881842302218831,0.721846699405321,-0.0996111697781169,8.1,True,False,flipped,5.491856550797377,True,True,False,False,True,True,-2.6081434492026228,-1.5999999999999996
HIS,6.0,61.75060563822448,5.4776,1,2,2,2,1.0742,1.6993,0.7152527510491988,1HHO,B,146,7.0,220,256,193,4,0.9188828,6.5,Existing_Structures/generated_pka/1hho_model1.pka,resname+resseq+chain,0.8881842302218831,0.1729314791726842,-0.0306985697781169,7.0,True,True,unflipped,6.345852828977891,True,True,True,True,False,False,-0.6541471710221094,-0.5
HIS,6.0,2.128027572900958,-8.2764,2,4,2,2,1.4208,1.4084,0.9693465699682844,2RVQ,D,49,5.9,227,263,200,5,0.9679075,6.5,Existing_Structures/generated_pka/2rvq_model1.pka,resname+resseq+chain,0.8881842302218831,-0.0811623397464013,-0.0797232697781169,5.9,True,True,unflipped,5.920569694797699,True,True,True,True,False,False,0.020569694797698546,0.5999999999999996
HIS,6.0,43.22475649669386,-11.2753,1,4,0,6,0.1088,0.0,0.8881842302218831,2RVQ,D,109,6.5,231,267,204,5,0.5570283,6.5,Existing_Structures/generated_pka/2rvq_model1.pka,resname+resseq+chain,0.8881842302218831,0.0,0.331155930221883,6.5,True,True,unflipped,7.300498721264581,True,True,True,True,False,False,0.8004987212645807,0.0
CYS,8.3,0.8633360094597299,24.03,3,1,4,3,1.6592,3.0279,0.9664882894516288,4MA9,A,46,5.94,239,275,211,4,0.48683906,9.0,Existing_Structures/generated_pka/4ma9_model1.pka,resname+resseq+chain,0.024503367550336,-0.9419849219012928,-0.462335692449664,5.94,False,True,flipped,7.422868176790383,False,False,False,False,True,True,1.4828681767903822,3.0599999999999996
LYS,10.5,70.42195862830417,-0.2337,0,3,1,0,0.2308,0.2335,0.0005009361708135,1IGD,A,24,10.7,241,277,213,10,-0.021044452,10.5,Existing_Structures/generated_pka/1igd_model1.pka,resname+resseq+chain,0.0007936977781692,0.0002927616073557,0.0218381497781692,10.7,False,False,unflipped,,,False,False,True,True,False,,-0.1999999999999993
CYS,8.3,3.467793250453004,8.6683,1,2,1,2,0.6702,1.6722,0.9987426574886448,1MEK,A,36,4.5,250,286,222,10,0.6086272,9.0,Existing_Structures/generated_pka/1mek_model1.pka,resname+resseq+chain,0.024503367550336,-0.9742392899383088,-0.584123832449664,4.5,False,True,flipped,7.208239281961137,True,False,True,False,False,True,2.708239281961137,4.5
LYS,10.5,76.13532498839635,4.1748,1,2,1,2,0.0,0.0,0.0004166956758008,2ZTA,A,3,10.78,252,289,224,6,0.016595177,10.5,Existing_Structures/generated_pka/2zta_model1.pka,resname+resseq+chain,0.0007936977781692,0.0003770021023684,-0.0158014792218307,10.78,False,False,unflipped,9.172750445063079,False,False,True,True,False,False,-1.6072495549369208,-0.27999999999999936
LYS,10.5,49.98554445979614,-6.8893,1,4,1,7,0.1779,0.3644,0.000138019374483,2ZTA,A,8,11.26,255,292,227,6,0.049494725,10.5,Existing_Structures/generated_pka/2zta_model1.pka,resname+resseq+chain,0.0007936977781692,0.0006556784036862,-0.0487010272218307,11.26,False,False,unflipped,8.683395615812687,False,False,True,True,False,False,-2.5766043841873127,-0.7599999999999998
LYS,10.5,53.67635444321463,-2.3292,0,3,1,3,0.393,0.8049,0.000602196726664,2ZTA,A,15,10.62,258,295,230,6,-0.007895152,10.5,Existing_Structures/generated_pka/2zta_model1.pka,resname+resseq+chain,0.0007936977781692,0.0001915010515052,0.0086888497781692,10.62,False,False,unflipped,,,False,False,True,True,False,,-0.11999999999999922
TYR,10.5,68.13047751928853,-0.32,0,3,0,3,0.3539,0.5266,0.0037874943114472,2ZTA,A,17,9.82,259,296,231,6,0.28171426,10.0,Existing_Structures/generated_pka/2zta_model1.pka,resname+resseq+chain,0.0025055926672857,-0.0012819016441614,-0.2792086673327142,9.82,False,False,unflipped,7.806488413597749,False,False,True,True,False,False,-2.0135115864022515,0.17999999999999972
HIS,6.0,72.39307634518765,-3.8717,1,3,0,6,0.2821,0.7748,0.9352934990460784,2ZTA,A,18,6.24,260,297,232,6,0.79685783,6.5,Existing_Structures/generated_pka/2zta_model1.pka,resname+resseq+chain,0.8881842302218831,-0.0471092688241953,0.0913264002218831,6.24,True,True,unflipped,6.8064192429351635,True,True,True,True,False,False,0.5664192429351633,0.2599999999999998
LYS,10.5,61.26013180561887,-7.0148,2,4,0,4,0.0471,0.1118,0.0001994864287215,2ZTA,A,27,11.1,263,300,235,6,0.041209817,10.5,Existing_Structures/generated_pka/2zta_model1.pka,resname+resseq+chain,0.0007936977781692,0.0005942113494477,-0.0404161192218307,11.1,False,False,unflipped,8.766722892705102,False,False,True,True,False,False,-2.3332771072948972,-0.5999999999999996
LYS,10.5,83.37430882901644,-0.9301,1,2,0,1,0.0,0.0,0.0005751089966521,2ZTA,A,28,10.64,264,301,236,6,0.013133276,10.5,Existing_Structures/generated_pka/2zta_model1.pka,resname+resseq+chain,0.0007936977781692,0.0002185887815171,-0.0123395782218307,10.64,False,False,unflipped,9.275885434117491,False,False,True,True,False,False,-1.3641145658825096,-0.14000000000000057
HIS,6.0,69.95959269410143,-4.2302,3,3,0,2,0.0,0.0,0.7801296039931588,1A93,A,29,6.85,265,303,237,8,0.8517628,6.5,Existing_Structures/generated_pka/1a93_model1.pka,resname+resseq+chain,0.8881842302218831,0.1080546262287243,0.036421430221883,6.85,True,True,unflipped,6.6406385344357,True,True,True,True,False,False,-0.20936146556429946,-0.34999999999999964
HIS,6.0,89.23831924860822,-3.1567,1,0,0,4,0.0,0.0,0.802909170153816,1U2U,A,28,6.79,283,321,255,8,0.85442126,6.5,Existing_Structures/generated_pka/1u2u_model1.pka,resname+resseq+chain,0.8881842302218831,0.085275060068067,0.0337629702218831,6.79,True,True,unflipped,6.631425910112019,True,True,True,True,False,False,-0.15857408988798127,-0.29000000000000004
HIS,6.0,88.45531145469423,-4.4702,3,1,2,0,0.0,0.0,0.6558205059123952,1LZ1,A,78,7.12,286,324,258,8,0.5988154,6.5,Existing_Structures/generated_pka/1lz1_model1.pka,resname+resseq+chain,0.8881842302218831,0.2323637243094879,0.2893688302218831,7.12,True,True,unflipped,7.226051292944301,True,True,True,True,False,False,0.10605129294430071,-0.6200000000000001
HIS,6.0,13.780355820115888,-21.9975,2,4,3,3,1.8299,1.9299,0.7992399910868984,1QT8,A,26,6.8,290,328,262,10,0.9889782,6.5,Existing_Structures/generated_pka/1qt8_model1.pka,resname+resseq+chain,0.8881842302218831,0.0889442391349847,-0.1007939697781169,6.8,True,True,unflipped,5.4470658075458225,True,True,True,True,False,False,-1.3529341924541773,-0.2999999999999998
HIS,6.0,22.82706728936345,-26.4961,1,5,4,4,0.9524,1.1105,0.0306534300317155,1QT8,A,31,8.9,291,329,263,10,0.6617344,6.5,Existing_Structures/generated_pka/1qt8_model1.pka,resname+resseq+chain,0.8881842302218831,0.8575308001901676,0.2264498302218831,8.9,True,False,flipped,7.108574122497135,True,True,False,False,True,True,-1.7914258775028653,-2.4000000000000004
LYS,10.5,1.6506475833310608,-23.2191,5,3,1,3,0.0,0.0,0.8881842302218831,1L54,A,102,6.5,300,338,272,5,0.6874258,10.5,Existing_Structures/generated_pka/1l54_model1.pka,resname+resseq+chain,0.0007936977781692,-0.8873905324437138,-0.6866321022218307,6.5,False,True,flipped,7.0577273005678105,True,False,True,False,False,True,0.5577273005678105,4.0
HIS,6.0,23.34410570931908,-24.4503,2,4,5,4,0.914,1.0377,0.0195623038725795,2LZM,A,31,9.1,306,344,278,9,0.52668893,6.5,Existing_Structures/generated_pka/2lzm_model1.pka,resname+resseq+chain,0.8881842302218831,0.8686219263493036,0.361495300221883,9.1,True,False,flipped,7.353592471641222,True,True,False,False,True,True,-1.7464075283587777,-2.5999999999999996
LYS,10.5,55.95306834228224,-1.5791,2,1,1,1,0.4677,0.4203,0.0003979487443048,4LZT,A,1,10.8,308,347,280,2,0.054907598,10.5,Existing_Structures/generated_pka/4lzt_model1.pka,resname+resseq+chain,0.0007936977781692,0.0003957490338644,-0.0541139002218307,10.8,False,False,unflipped,8.635841826319874,False,False,True,True,False,False,-2.1641581736801268,-0.3000000000000007
LYS,10.5,55.95306834228224,-1.5791,2,1,1,1,0.4677,0.4203,0.0003161277976296,4LZT,A,1,10.9,309,348,281,2,0.054907598,10.5,Existing_Structures/generated_pka/4lzt_model1.pka,resname+resseq+chain,0.0007936977781692,0.0004775699805396,-0.0541139002218307,10.9,False,False,unflipped,8.635841826319874,False,False,True,True,False,False,-2.2641581736801264,-0.40000000000000036
LYS,10.5,47.839373016216,-9.896,3,1,1,1,0.6248,0.6655,0.0007936977781692,4LZT,A,13,10.5,311,350,283,2,0.06960786,10.5,Existing_Structures/generated_pka/4lzt_model1.pka,resname+resseq+chain,0.0007936977781692,4.4452289071905676e-17,-0.0688141622218307,10.5,False,False,unflipped,8.526007750627562,False,False,True,True,False,False,-1.9739922493724382,0.0
LYS,10.5,47.839373016216,-9.896,3,1,1,1,0.6248,0.6655,0.0005009361708135,4LZT,A,13,10.7,312,351,284,2,0.06960786,10.5,Existing_Structures/generated_pka/4lzt_model1.pka,resname+resseq+chain,0.0007936977781692,0.0002927616073557,-0.0688141622218307,10.7,False,False,unflipped,8.526007750627562,False,False,True,True,False,False,-2.1739922493724375,-0.1999999999999993
HIS,6.0,29.772973126832348,-3.0495,1,3,2,1,1.8257,2.6922,0.9875672647455576,4LZT,A,15,5.5,313,352,285,2,0.7398545,6.5,Existing_Structures/generated_pka/4lzt_model1.pka,resname+resseq+chain,0.8881842302218831,-0.0993830345236744,0.1483297302218831,5.5,True,True,unflipped,6.946069998216182,True,True,True,True,False,False,1.4460699982161822,1.0
HIS,6.0,29.772973126832348,-3.0495,1,3,2,1,1.8257,2.6922,0.9909623162617603,4LZT,A,15,5.36,314,353,286,2,0.7398545,6.5,Existing_Structures/generated_pka/4lzt_model1.pka,resname+resseq+chain,0.8881842302218831,-0.1027780860398772,0.1483297302218831,5.36,True,True,unflipped,6.946069998216182,True,True,True,True,False,False,1.5860699982161819,1.1399999999999997
TYR,10.5,24.89164894766421,8.2237,1,2,2,0,4.2349,5.0409,0.0006305594883398,4LZT,A,20,10.6,316,355,288,2,0.09938729,10.0,Existing_Structures/generated_pka/4lzt_model1.pka,resname+resseq+chain,0.0025055926672857,0.0018750331789459,-0.0968816973327142,10.6,False,False,unflipped,8.357207222874896,False,False,True,True,False,False,-2.2427927771251035,-0.5999999999999996
TYR,10.5,26.96196580912622,13.5722,2,3,1,0,1.8713,2.1904,0.0015823852808017,4LZT,A,23,10.2,317,356,289,2,0.06609982,10.0,Existing_Structures/generated_pka/4lzt_model1.pka,resname+resseq+chain,0.0025055926672857,0.000923207386484,-0.0635942273327142,10.2,False,False,unflipped,8.550100182271716,False,False,True,True,False,False,-1.6498998177282829,-0.1999999999999993
LYS,10.5,36.67774439379004,7.4666,2,1,0,2,0.1383,0.1431,0.0006305594883398,4LZT,A,33,10.6,318,357,290,2,-0.025802808,10.5,Existing_Structures/generated_pka/4lzt_model1.pka,resname+resseq+chain,0.0007936977781692,0.0001631382898294,0.0265965057781692,10.6,False,False,unflipped,,,False,False,True,True,False,,-0.09999999999999964
LYS,10.5,36.67774439379004,7.4666,2,1,0,2,0.1383,0.1431,0.0006305594883398,4LZT,A,33,10.6,319,358,291,2,-0.025802808,10.5,Existing_Structures/generated_pka/4lzt_model1.pka,resname+resseq+chain,0.0007936977781692,0.0001631382898294,0.0265965057781692,10.6,False,False,unflipped,,,False,False,True,True,False,,-0.09999999999999964
LYS,10.5,36.67774439379004,7.4666,2,1,0,2,0.1383,0.1431,0.0005009361708135,4LZT,A,33,10.7,320,359,292,2,-0.025802808,10.5,Existing_Structures/generated_pka/4lzt_model1.pka,resname+resseq+chain,0.0007936977781692,0.0002927616073557,0.0265965057781692,10.7,False,False,unflipped,,,False,False,True,True,False,,-0.1999999999999993
TYR,10.5,7.365068124137028,-13.4044,3,0,3,0,3.8249,5.0259,5.011621160218207e-05,4LZT,A,53,11.7,324,363,296,2,0.14142628,10.0,Existing_Structures/generated_pka/4lzt_model1.pka,resname+resseq+chain,0.0025055926672857,0.0024554764556835,-0.1389206873327142,11.7,False,False,unflipped,8.183247472990727,False,False,True,True,False,False,-3.516752527009272,-1.6999999999999993
LYS,10.5,32.22507109840626,-9.6492,2,3,2,0,0.5936,0.5782,0.0003979487443048,4LZT,A,96,10.8,327,366,299,2,-0.017172294,10.5,Existing_Structures/generated_pka/4lzt_model1.pka,resname+resseq+chain,0.0007936977781692,0.0003957490338644,0.0179659917781692,10.8,False,False,unflipped,,,False,False,True,True,False,,-0.3000000000000007
LYS,10.5,32.22507109840626,-9.6492,2,3,2,0,0.5936,0.5782,0.0003161277976296,4LZT,A,96,10.9,328,367,300,2,-0.017172294,10.5,Existing_Structures/generated_pka/4lzt_model1.pka,resname+resseq+chain,0.0007936977781692,0.0004775699805396,0.0179659917781692,10.9,False,False,unflipped,,,False,False,True,True,False,,-0.40000000000000036
LYS,10.5,54.58149171489084,-1.7145,2,2,1,0,0.0,0.0,0.0012573425113552,4LZT,A,97,10.3,329,368,301,2,-0.00018835539,10.5,Existing_Structures/generated_pka/4lzt_model1.pka,resname+resseq+chain,0.0007936977781692,-0.0004636447331859,0.0009820531681692,10.3,False,False,unflipped,,,False,False,True,True,False,,0.1999999999999993
LYS,10.5,54.58149171489084,-1.7145,2,2,1,0,0.0,0.0,0.0012573425113552,4LZT,A,97,10.3,330,369,302,2,-0.00018835539,10.5,Existing_Structures/generated_pka/4lzt_model1.pka,resname+resseq+chain,0.0007936977781692,-0.0004636447331859,0.0009820531681692,10.3,False,False,unflipped,,,False,False,True,True,False,,0.1999999999999993
LYS,10.5,54.58149171489084,-1.7145,2,2,1,0,0.0,0.0,0.0007936977781692,4LZT,A,97,10.5,331,370,303,2,-0.00018835539,10.5,Existing_Structures/generated_pka/4lzt_model1.pka,resname+resseq+chain,0.0007936977781692,4.4452289071905676e-17,0.0009820531681692,10.5,False,False,unflipped,,,False,False,True,True,False,,0.0
LYS,10.5,60.16409474520438,2.1221,2,1,0,0,0.0,0.0,0.0009990009990009,4LZT,A,116,10.4,334,373,306,2,-0.01231487,10.5,Existing_Structures/generated_pka/4lzt_model1.pka,resname+resseq+chain,0.0007936977781692,-0.0002053032208316,0.0131085677781692,10.4,False,False,unflipped,,,False,False,True,True,False,,0.09999999999999964
LYS,10.5,60.16409474520438,2.1221,2,1,0,0,0.0,0.0,0.0009990009990009,4LZT,A,116,10.4,335,374,307,2,-0.01231487,10.5,Existing_Structures/generated_pka/4lzt_model1.pka,resname+resseq+chain,0.0007936977781692,-0.0002053032208316,0.0131085677781692,10.4,False,False,unflipped,,,False,False,True,True,False,,0.09999999999999964
LYS,10.5,60.16409474520438,2.1221,2,1,0,0,0.0,0.0,0.0006305594883398,4LZT,A,116,10.6,336,375,308,2,-0.01231487,10.5,Existing_Structures/generated_pka/4lzt_model1.pka,resname+resseq+chain,0.0007936977781692,0.0001631382898294,0.0131085677781692,10.6,False,False,unflipped,,,False,False,True,True,False,,-0.09999999999999964
HIS,6.0,32.78661002801479,0.9917,4,2,2,2,1.0639,1.0839,0.994010494478932,6GST,A,83,5.18,346,386,316,6,0.6406883,6.5,Existing_Structures/generated_pka/6gst_model1.pka,resname+resseq+chain,0.8881842302218831,-0.1058262642570488,0.2474959302218831,5.18,True,True,unflipped,7.148824565895797,True,True,True,True,False,False,1.9688245658957975,1.3200000000000003
HIS,6.0,95.14839093653704,-0.2802,4,2,0,3,0.0,0.0,0.676301669492737,6GST,A,84,7.08,347,387,317,6,0.69590926,6.5,Existing_Structures/generated_pka/6gst_model1.pka,resname+resseq+chain,0.8881842302218831,0.2118825607291461,0.1922749702218831,7.08,True,True,unflipped,7.040450580054208,True,True,True,True,False,False,-0.039549419945791975,-0.5800000000000001
HIS,6.0,38.67551530560876,-11.6332,2,2,4,2,0.5576,0.6346,0.2990226013898924,6GST,A,167,7.77,348,388,318,6,0.25591356,6.5,Existing_Structures/generated_pka/6gst_model1.pka,resname+resseq+chain,0.8881842302218831,0.5891616288319907,0.6322706702218831,7.77,True,False,flipped,7.863530091859237,False,True,True,False,False,True,0.093530091859237,-1.2699999999999996
LYS,10.5,70.55646784628375,-2.211,1,3,0,4,0.0,0.0,0.0909090909090909,1MUT,A,39,8.4,349,389,319,4,0.0068642367,10.5,Existing_Structures/generated_pka/1mut_model1.pka,resname+resseq+chain,0.0007936977781692,-0.0901153931309216,-0.0060705389218307,8.4,False,False,unflipped,9.560416370418253,False,False,True,True,False,False,1.1604163704182522,2.0999999999999996
HIS,6.0,51.7439502347657,-4.2595,0,1,2,3,0.9777,0.9683,0.8904506387229247,1A6K,A,12,6.49,350,390,320,6,0.6429164,6.5,Existing_Structures/generated_pka/1a6k_model1.pka,resname+resseq+chain,0.8881842302218831,-0.0022664085010416,0.245267830221883,6.49,True,True,unflipped,7.1446154003223405,True,True,True,True,False,False,0.6546154003223403,0.009999999999999787
HIS,6.0,51.7439502347657,-4.2595,0,1,2,3,0.9777,0.9683,0.9090909090909092,1A6K,A,12,6.4,351,391,321,6,0.6429164,6.5,Existing_Structures/generated_pka/1a6k_model1.pka,resname+resseq+chain,0.8881842302218831,-0.020906678869026,0.245267830221883,6.4,True,True,unflipped,7.1446154003223405,True,True,True,True,False,False,0.7446154003223402,0.09999999999999964
HIS,6.0,51.7439502347657,-4.2595,0,1,2,3,0.9777,0.9683,0.9090909090909092,1A6K,A,12,6.4,352,392,322,6,0.6429164,6.5,Existing_Structures/generated_pka/1a6k_model1.pka,resname+resseq+chain,0.8881842302218831,-0.020906678869026,0.245267830221883,6.4,True,True,unflipped,7.1446154003223405,True,True,True,True,False,False,0.7446154003223402,0.09999999999999964
HIS,6.0,76.22808768468438,1.2013,0,2,2,3,0.6801,1.3222,0.9264124438824266,1MBC,A,12,6.3,353,393,323,6,0.6950195,6.5,Existing_Structures/generated_pka/1mbc_model1.pka,resname+resseq+chain,0.8881842302218831,-0.0382282136605435,0.193164730221883,6.3,True,True,unflipped,7.042275082430588,True,True,True,True,False,False,0.7422750824305879,0.20000000000000018
HIS,6.0,0.726048374768216,-16.3967,1,2,3,1,2.3217,3.1981,0.9406490568972324,1MBC,A,24,6.2,357,397,324,6,0.8182449,6.5,Existing_Structures/generated_pka/1mbc_model1.pka,resname+resseq+chain,0.8881842302218831,-0.0524648266753493,0.069939330221883,6.2,True,True,unflipped,6.746603298795356,True,True,True,True,False,False,0.5466032987953557,0.2999999999999998
HIS,6.0,28.07975752952789,-10.0777,1,3,0,4,0.6806,1.4624,0.2082511624918155,1A6K,A,36,7.98,358,398,325,6,0.7382111,6.5,Existing_Structures/generated_pka/1a6k_model1.pka,resname+resseq+chain,0.8881842302218831,0.6799330677300676,0.149973130221883,7.98,True,False,flipped,6.94977065715689,True,True,False,False,True,True,-1.0302293428431106,-1.4800000000000004
HIS,6.0,28.07975752952789,-10.0777,1,3,0,4,0.6806,1.4624,0.1423366814461432,1A6K,A,36,8.18,359,399,326,6,0.7382111,6.5,Existing_Structures/generated_pka/1a6k_model1.pka,resname+resseq+chain,0.8881842302218831,0.7458475487757399,0.149973130221883,8.18,True,False,flipped,6.94977065715689,True,True,False,False,True,True,-1.23022934284311,-1.6799999999999997
HIS,6.0,28.07975752952789,-10.0777,1,3,0,4,0.6806,1.4624,0.1368068886032102,1A6K,A,36,8.2,360,400,327,6,0.7382111,6.5,Existing_Structures/generated_pka/1a6k_model1.pka,resname+resseq+chain,0.8881842302218831,0.7513773416186729,0.149973130221883,8.2,True,False,flipped,6.94977065715689,True,True,False,False,True,True,-1.2502293428431095,-1.6999999999999993
HIS,6.0,31.90658873091318,-8.7353,1,3,0,4,0.5158,1.5796,0.2007600089131019,1MBC,A,36,8.0,361,401,328,6,0.59556705,6.5,Existing_Structures/generated_pka/1mbc_model1.pka,resname+resseq+chain,0.8881842302218831,0.6874242213087812,0.2926171802218831,8.0,True,False,flipped,7.231915869023877,True,True,False,False,True,True,-0.7680841309761233,-1.5
HIS,6.0,30.798231007332976,-10.9393,1,2,0,4,0.5542,0.5644,0.1368068886032102,1BVC,A,36,8.2,362,402,329,8,0.52436775,6.5,Existing_Structures/generated_pka/1bvc_model1.pka,resname+resseq+chain,0.8881842302218831,0.7513773416186729,0.363816480221883,8.2,True,False,flipped,7.357635320475919,True,True,False,False,True,True,-0.8423646795240805,-1.6999999999999993
HIS,6.0,71.67325227591179,-0.1729,1,5,2,4,0.9567,1.3434,0.9860713716585464,1A6K,A,48,5.55,363,403,330,6,0.8404295,6.5,Existing_Structures/generated_pka/1a6k_model1.pka,resname+resseq+chain,0.8881842302218831,-0.0978871414366633,0.047754730221883,5.55,True,True,unflipped,6.678451317650047,True,True,True,True,False,False,1.1284513176500468,0.9500000000000002
HIS,6.0,71.67325227591179,-0.1729,1,5,2,4,0.9567,1.3434,0.9875672647455576,1A6K,A,48,5.5,364,404,331,6,0.8404295,6.5,Existing_Structures/generated_pka/1a6k_model1.pka,resname+resseq+chain,0.8881842302218831,-0.0993830345236744,0.047754730221883,5.5,True,True,unflipped,6.678451317650047,True,True,True,True,False,False,1.1784513176500466,1.0
HIS,6.0,71.67325227591179,-0.1729,1,5,2,4,0.9567,1.3434,0.9875672647455576,1A6K,A,48,5.5,365,405,332,6,0.8404295,6.5,Existing_Structures/generated_pka/1a6k_model1.pka,resname+resseq+chain,0.8881842302218831,-0.0993830345236744,0.047754730221883,5.5,True,True,unflipped,6.678451317650047,True,True,True,True,False,False,1.1784513176500466,1.0
HIS,6.0,71.09148556664583,2.0269,1,5,2,3,0.487,1.5474,0.9921193161496696,1MBC,A,48,5.3,366,406,333,6,0.84660095,6.5,Existing_Structures/generated_pka/1mbc_model1.pka,resname+resseq+chain,0.8881842302218831,-0.1039350859277865,0.041583280221883,5.3,True,True,unflipped,6.658143918561443,True,True,True,True,False,False,1.358143918561443,1.2000000000000002
HIS,6.0,93.2786218598781,1.6726,1,3,2,2,0.0,0.0,0.993729987658566,1BVC,A,48,5.2,367,407,334,8,0.846311,6.5,Existing_Structures/generated_pka/1bvc_model1.pka,resname+resseq+chain,0.8881842302218831,-0.1055457574366829,0.041873230221883,5.2,True,True,unflipped,6.65911279911292,True,True,True,True,False,False,1.45911279911292,1.2999999999999998
HIS,6.0,87.10212766346699,-2.4465,0,3,1,3,0.7596,0.9758,0.7680520031675842,1A6K,A,81,6.88,369,409,335,6,0.7406599,6.5,Existing_Structures/generated_pka/1a6k_model1.pka,resname+resseq+chain,0.8881842302218831,0.1201322270542989,0.147524330221883,6.88,True,True,unflipped,6.9442508417802955,True,True,True,True,False,False,0.06425084178029561,-0.3799999999999999
HIS,6.0,87.10212766346699,-2.4465,0,3,1,3,0.7596,0.9758,0.8336624691834381,1A6K,A,81,6.7,370,410,336,6,0.7406599,6.5,Existing_Structures/generated_pka/1a6k_model1.pka,resname+resseq+chain,0.8881842302218831,0.0545217610384449,0.147524330221883,6.7,True,True,unflipped,6.9442508417802955,True,True,True,True,False,False,0.24425084178029532,-0.20000000000000018
HIS,6.0,87.10212766346699,-2.4465,0,3,1,3,0.7596,0.9758,0.8336624691834381,1A6K,A,81,6.7,371,411,337,6,0.7406599,6.5,Existing_Structures/generated_pka/1a6k_model1.pka,resname+resseq+chain,0.8881842302218831,0.0545217610384449,0.147524330221883,6.7,True,True,unflipped,6.9442508417802955,True,True,True,True,False,False,0.24425084178029532,-0.20000000000000018
HIS,6.0,87.80435517636293,-6.7814,0,3,1,3,0.052,0.1056,0.8631931113967901,1MBC,A,81,6.6,372,412,338,6,0.8320494,6.5,Existing_Structures/generated_pka/1mbc_model1.pka,resname+resseq+chain,0.8881842302218831,0.0249911188250929,0.056134830221883,6.6,True,True,unflipped,6.705032447928304,True,True,True,True,False,False,0.10503244792830468,-0.09999999999999964
HIS,6.0,49.83093925241047,4.6894,1,5,1,1,0.9725,1.0157,0.9843983377581704,1MBC,A,97,5.6,376,416,339,6,0.86450714,6.5,Existing_Structures/generated_pka/1mbc_model1.pka,resname+resseq+chain,0.8881842302218831,-0.0962141075362873,0.0236770902218831,5.6,True,True,unflipped,6.595147825531898,True,True,True,True,False,False,0.9951478255318982,0.9000000000000004
HIS,6.0,46.42615233483857,-1.8467,2,2,1,3,0.0715,0.0403,0.9872813524037092,1A6K,A,113,5.51,378,418,340,6,0.67765135,6.5,Existing_Structures/generated_pka/1a6k_model1.pka,resname+resseq+chain,0.8881842302218831,-0.099097122181826,0.2105328802218831,5.51,True,True,unflipped,7.077319547865512,True,True,True,True,False,False,1.5673195478655124,0.9900000000000002
HIS,6.0,46.42615233483857,-1.8467,2,2,1,3,0.0715,0.0403,0.99009900990099,1A6K,A,113,5.4,380,420,341,6,0.67765135,6.5,Existing_Structures/generated_pka/1a6k_model1.pka,resname+resseq+chain,0.8881842302218831,-0.1019147796791068,0.2105328802218831,5.4,True,True,unflipped,7.077319547865512,True,True,True,True,False,False,1.6773195478655119,1.0999999999999996
HIS,6.0,52.61780627147831,0.2321,2,2,1,3,0.8929,1.2999,0.99009900990099,1MBC,A,113,5.4,381,421,342,6,0.75629383,6.5,Existing_Structures/generated_pka/1mbc_model1.pka,resname+resseq+chain,0.8881842302218831,-0.1019147796791068,0.1318904002218831,5.4,True,True,unflipped,6.908175967172079,True,True,True,True,False,False,1.508175967172079,1.0999999999999996
HIS,6.0,63.02790726704112,-6.3854,2,0,2,1,0.5718,0.4681,0.8336624691834381,1A6K,A,116,6.7,383,423,343,6,0.8650551,6.5,Existing_Structures/generated_pka/1a6k_model1.pka,resname+resseq+chain,0.8881842302218831,0.0545217610384449,0.0231291302218831,6.7,True,True,unflipped,6.593112704931956,True,True,True,True,False,False,-0.10688729506804417,-0.20000000000000018
HIS,6.0,63.02790726704112,-6.3854,2,0,2,1,0.5718,0.4681,0.8631931113967901,1A6K,A,116,6.6,384,424,344,6,0.8650551,6.5,Existing_Structures/generated_pka/1a6k_model1.pka,resname+resseq+chain,0.8881842302218831,0.0249911188250929,0.0231291302218831,6.6,True,True,unflipped,6.593112704931956,True,True,True,True,False,False,-0.006887295068043642,-0.09999999999999964
HIS,6.0,63.02790726704112,-6.3854,2,0,2,1,0.5718,0.4681,0.8631931113967901,1A6K,A,116,6.6,385,425,345,6,0.8650551,6.5,Existing_Structures/generated_pka/1a6k_model1.pka,resname+resseq+chain,0.8881842302218831,0.0249911188250929,0.0231291302218831,6.6,True,True,unflipped,6.593112704931956,True,True,True,True,False,False,-0.006887295068043642,-0.09999999999999964
HIS,6.0,68.46996486439554,-6.0326,1,1,2,1,0.8615,1.1728,0.8881842302218831,1MBC,A,116,6.5,386,426,346,6,0.83332866,6.5,Existing_Structures/generated_pka/1mbc_model1.pka,resname+resseq+chain,0.8881842302218831,0.0,0.054855570221883,6.5,True,True,unflipped,6.70104460864081,True,True,True,True,False,False,0.2010446086408102,0.0
HIS,6.0,58.877651007298496,-6.1538,2,1,2,1,1.3576,1.4937,0.8631931113967901,1BVC,A,116,6.6,387,427,347,8,0.8338403,6.5,Existing_Structures/generated_pka/1bvc_model1.pka,resname+resseq+chain,0.8881842302218831,0.0249911188250929,0.0543439302218831,6.6,True,True,unflipped,6.699442818403201,True,True,True,True,False,False,0.09944281840320102,-0.09999999999999964
HIS,6.0,15.89718761457141,-2.1675,1,1,3,1,1.1197,1.6377,0.932449971003424,1A6K,A,119,6.26,388,428,348,6,0.79387337,6.5,Existing_Structures/generated_pka/1a6k_model1.pka,resname+resseq+chain,0.8881842302218831,-0.0442657407815408,0.094310860221883,6.26,True,True,unflipped,6.814382868918742,True,True,True,True,False,False,0.5543828689187418,0.2400000000000002
HIS,6.0,15.89718761457141,-2.1675,1,1,3,1,1.1197,1.6377,0.9522732789657962,1A6K,A,119,6.1,389,429,349,6,0.79387337,6.5,Existing_Structures/generated_pka/1a6k_model1.pka,resname+resseq+chain,0.8881842302218831,-0.064089048743913,0.094310860221883,6.1,True,True,unflipped,6.814382868918742,True,True,True,True,False,False,0.7143828689187419,0.40000000000000036
HIS,6.0,15.89718761457141,-2.1675,1,1,3,1,1.1197,1.6377,0.9522732789657962,1A6K,A,119,6.1,390,430,350,6,0.79387337,6.5,Existing_Structures/generated_pka/1a6k_model1.pka,resname+resseq+chain,0.8881842302218831,-0.064089048743913,0.094310860221883,6.1,True,True,unflipped,6.814382868918742,True,True,True,True,False,False,0.7143828689187419,0.40000000000000036
HIS,6.0,16.46806294097182,-2.6004,1,1,3,1,0.8423,0.7036,0.9843983377581704,1BVC,A,119,5.6,391,431,351,8,0.9346821,6.5,Existing_Structures/generated_pka/1bvc_model1.pka,resname+resseq+chain,0.8881842302218831,-0.0962141075362873,-0.0464978697781168,5.6,True,True,unflipped,6.244368287884486,True,True,True,True,False,False,0.6443682878844861,0.9000000000000004
HIS,6.0,13.211176472635607,3.7394,1,1,3,1,1.7675,2.1508,0.9522732789657962,1MBC,A,119,6.1,392,432,352,6,0.6157047,6.5,Existing_Structures/generated_pka/1mbc_model1.pka,resname+resseq+chain,0.8881842302218831,-0.064089048743913,0.2724795302218831,6.1,True,True,unflipped,7.1952926041940435,True,True,True,True,False,False,1.0952926041940438,0.40000000000000036
TYR,10.5,29.7523299283306,9.4264,0,6,0,3,1.585,2.0531,0.0006305594883398,1A6K,A,151,10.6,394,434,353,6,0.21509996,10.0,Existing_Structures/generated_pka/1a6k_model1.pka,resname+resseq+chain,0.0025055926672857,0.0018750331789459,-0.2125943673327142,10.6,False,False,unflipped,7.96217402158973,False,False,True,True,False,False,-2.6378259784102696,-0.5999999999999996
HIS,6.0,34.918577184276614,-11.5415,1,2,1,3,0.4205,0.9444,0.2847472489508016,1YMB,A,36,7.8,398,438,354,5,0.73798186,6.5,Existing_Structures/generated_pka/1ymb_model1.pka,resname+resseq+chain,0.8881842302218831,0.6034369812710815,0.1502023702218831,7.8,True,False,flipped,6.950285672613062,True,True,False,False,True,True,-0.8497143273869376,-1.2999999999999998
HIS,6.0,34.918577184276614,-11.5415,1,2,1,3,0.4205,0.9444,0.3087638475852371,1YMB,A,36,7.75,399,439,355,5,0.73798186,6.5,Existing_Structures/generated_pka/1ymb_model1.pka,resname+resseq+chain,0.8881842302218831,0.579420382636646,0.1502023702218831,7.75,True,False,flipped,6.950285672613062,True,True,False,False,True,True,-0.7997143273869378,-1.25
HIS,6.0,34.918577184276614,-11.5415,1,2,1,3,0.4205,0.9444,0.2663662975861928,1YMB,A,36,7.84,400,440,356,5,0.73798186,6.5,Existing_Structures/generated_pka/1ymb_model1.pka,resname+resseq+chain,0.8881842302218831,0.6218179326356903,0.1502023702218831,7.84,True,False,flipped,6.950285672613062,True,True,False,False,True,True,-0.8897143273869377,-1.3399999999999999
HIS,6.0,34.918577184276614,-11.5415,1,2,1,3,0.4205,0.9444,0.2847472489508016,1YMB,A,36,7.8,401,441,357,5,0.73798186,6.5,Existing_Structures/generated_pka/1ymb_model1.pka,resname+resseq+chain,0.8881842302218831,0.6034369812710815,0.1502023702218831,7.8,True,False,flipped,6.950285672613062,True,True,False,False,True,True,-0.8497143273869376,-1.2999999999999998
HIS,6.0,67.15887004446384,6.6073,0,6,2,4,0.0552,0.3316,0.9836750575334462,1YMB,A,48,5.62,402,442,358,5,0.8626045,6.5,Existing_Structures/generated_pka/1ymb_model1.pka,resname+resseq+chain,0.8881842302218831,-0.0954908273115631,0.025579730221883,5.62,True,True,unflipped,6.602160789446609,True,True,True,True,False,False,0.9821607894466089,0.8799999999999999
HIS,6.0,67.15887004446384,6.6073,0,6,2,4,0.0552,0.3316,0.9875672647455576,1YMB,A,48,5.5,403,443,359,5,0.8626045,6.5,Existing_Structures/generated_pka/1ymb_model1.pka,resname+resseq+chain,0.8881842302218831,-0.0993830345236744,0.025579730221883,5.5,True,True,unflipped,6.602160789446609,True,True,True,True,False,False,1.102160789446609,1.0
HIS,6.0,67.15887004446384,6.6073,0,6,2,4,0.0552,0.3316,0.9875672647455576,1YMB,A,48,5.5,404,444,360,5,0.8626045,6.5,Existing_Structures/generated_pka/1ymb_model1.pka,resname+resseq+chain,0.8881842302218831,-0.0993830345236744,0.025579730221883,5.5,True,True,unflipped,6.602160789446609,True,True,True,True,False,False,1.102160789446609,1.0
HIS,6.0,67.15887004446384,6.6073,0,6,2,4,0.0552,0.3316,0.9921193161496696,1YMB,A,48,5.3,405,445,361,5,0.8626045,6.5,Existing_Structures/generated_pka/1ymb_model1.pka,resname+resseq+chain,0.8881842302218831,-0.1039350859277865,0.025579730221883,5.3,True,True,unflipped,6.602160789446609,True,True,True,True,False,False,1.3021607894466092,1.2000000000000002
HIS,6.0,92.55399821301503,-1.8973,0,3,2,2,0.0,0.0,0.7425355589430698,1YMB,A,81,6.94,406,446,362,5,0.8459022,6.5,Existing_Structures/generated_pka/1ymb_model1.pka,resname+resseq+chain,0.8881842302218831,0.1456486712788133,0.042282030221883,6.94,True,True,unflipped,6.660476284030676,True,True,True,True,False,False,-0.279523715969324,-0.4400000000000004
HIS,6.0,92.55399821301503,-1.8973,0,3,2,2,0.0,0.0,0.7761545753418307,1YMB,A,81,6.86,407,447,363,5,0.8459022,6.5,Existing_Structures/generated_pka/1ymb_model1.pka,resname+resseq+chain,0.8881842302218831,0.1120296548800523,0.042282030221883,6.86,True,True,unflipped,6.660476284030676,True,True,True,True,False,False,-0.19952371596932394,-0.3600000000000003
HIS,6.0,92.55399821301503,-1.8973,0,3,2,2,0.0,0.0,0.8336624691834381,1YMB,A,81,6.7,408,448,364,5,0.8459022,6.5,Existing_Structures/generated_pka/1ymb_model1.pka,resname+resseq+chain,0.8881842302218831,0.0545217610384449,0.042282030221883,6.7,True,True,unflipped,6.660476284030676,True,True,True,True,False,False,-0.0395237159693238,-0.20000000000000018
HIS,6.0,54.08668472988114,4.8281,1,1,1,3,0.4832,0.4864,0.971333904197582,1YMB,A,113,5.87,411,451,365,5,0.77268326,6.5,Existing_Structures/generated_pka/1ymb_model1.pka,resname+resseq+chain,0.8881842302218831,-0.0831496739756989,0.1155009702218831,5.87,True,True,unflipped,6.868629915643698,True,True,True,True,False,False,0.998629915643698,0.6299999999999999
HIS,6.0,54.08668472988114,4.8281,1,1,1,3,0.4832,0.4864,0.9776043775428296,1YMB,A,113,5.76,412,452,366,5,0.77268326,6.5,Existing_Structures/generated_pka/1ymb_model1.pka,resname+resseq+chain,0.8881842302218831,-0.0894201473209465,0.1155009702218831,5.76,True,True,unflipped,6.868629915643698,True,True,True,True,False,False,1.1086299156436983,0.7400000000000002
HIS,6.0,54.08668472988114,4.8281,1,1,1,3,0.4832,0.4864,0.99009900990099,1YMB,A,113,5.4,413,453,367,5,0.77268326,6.5,Existing_Structures/generated_pka/1ymb_model1.pka,resname+resseq+chain,0.8881842302218831,-0.1019147796791068,0.1155009702218831,5.4,True,True,unflipped,6.868629915643698,True,True,True,True,False,False,1.4686299156436977,1.0999999999999996
HIS,6.0,45.14482022925399,1.0773,1,2,3,0,0.663,0.7613,0.802909170153816,1YMB,A,116,6.79,415,455,368,5,0.6833937,6.5,Existing_Structures/generated_pka/1ymb_model1.pka,resname+resseq+chain,0.8881842302218831,0.085275060068067,0.2047905302218831,6.79,True,True,unflipped,7.065848581582539,True,True,True,True,False,False,0.27584858158253933,-0.29000000000000004
HIS,6.0,45.14482022925399,1.0773,1,2,3,0,0.663,0.7613,0.8271780169631398,1YMB,A,116,6.72,416,456,369,5,0.6833937,6.5,Existing_Structures/generated_pka/1ymb_model1.pka,resname+resseq+chain,0.8881842302218831,0.0610062132587433,0.2047905302218831,6.72,True,True,unflipped,7.065848581582539,True,True,True,True,False,False,0.3458485815825396,-0.21999999999999975
HIS,6.0,45.14482022925399,1.0773,1,2,3,0,0.663,0.7613,0.8336624691834381,1YMB,A,116,6.7,417,457,370,5,0.6833937,6.5,Existing_Structures/generated_pka/1ymb_model1.pka,resname+resseq+chain,0.8881842302218831,0.0545217610384449,0.2047905302218831,6.7,True,True,unflipped,7.065848581582539,True,True,True,True,False,False,0.3658485815825392,-0.20000000000000018
HIS,6.0,45.14482022925399,1.0773,1,2,3,0,0.663,0.7613,0.7992399910868984,1YMB,A,116,6.8,418,458,371,5,0.6833937,6.5,Existing_Structures/generated_pka/1ymb_model1.pka,resname+resseq+chain,0.8881842302218831,0.0889442391349847,0.2047905302218831,6.8,True,True,unflipped,7.065848581582539,True,True,True,True,False,False,0.26584858158253954,-0.2999999999999998
HIS,6.0,17.51759385515221,8.827,0,2,2,2,0.7714,0.786,0.8737104209450817,1YMB,A,119,6.56,419,459,372,5,0.91376895,6.5,Existing_Structures/generated_pka/1ymb_model1.pka,resname+resseq+chain,0.8881842302218831,0.0144738092768014,-0.0255847197781169,6.56,True,True,unflipped,6.37482727777635,True,True,True,True,False,False,-0.18517272222364944,-0.05999999999999961
HIS,6.0,17.51759385515221,8.827,0,2,2,2,0.7714,0.786,0.8858769425858496,1YMB,A,119,6.51,420,460,373,5,0.91376895,6.5,Existing_Structures/generated_pka/1ymb_model1.pka,resname+resseq+chain,0.8881842302218831,0.0023072876360334,-0.0255847197781169,6.51,True,True,unflipped,6.37482727777635,True,True,True,True,False,False,-0.13517272222364962,-0.009999999999999787
HIS,6.0,17.51759385515221,8.827,0,2,2,2,0.7714,0.786,0.9109760314653454,1YMB,A,119,6.39,421,461,374,5,0.91376895,6.5,Existing_Structures/generated_pka/1ymb_model1.pka,resname+resseq+chain,0.8881842302218831,-0.0227918012434623,-0.0255847197781169,6.39,True,True,unflipped,6.37482727777635,True,True,True,True,False,False,-0.015172722223649515,0.11000000000000032
HIS,6.0,17.51759385515221,8.827,0,2,2,2,0.7714,0.786,0.9406490568972324,1YMB,A,119,6.2,422,462,375,5,0.91376895,6.5,Existing_Structures/generated_pka/1ymb_model1.pka,resname+resseq+chain,0.8881842302218831,-0.0524648266753493,-0.0255847197781169,6.2,True,True,unflipped,6.37482727777635,True,True,True,True,False,False,0.17482727777635,0.2999999999999998
TYR,10.5,80.86181885504193,1.3598,1,0,0,0,0.0,0.0,0.0049868787366879,1ANS,A,7,9.7,424,465,376,7,0.09062243,10.0,Existing_Structures/generated_pka/1ans_model1.pka,resname+resseq+chain,0.0025055926672857,-0.0024812860694021,-0.0881168373327142,9.7,False,False,unflipped,8.40150853461928,False,False,True,True,False,False,-1.2984914653807191,0.3000000000000007
TYR,10.5,18.82022997439672,-7.1833,1,1,0,1,0.0,0.0,0.0019912891707283,1ANS,A,18,10.1,425,466,377,7,0.1350902,10.0,Existing_Structures/generated_pka/1ans_model1.pka,resname+resseq+chain,0.0025055926672857,0.0005143034965574,-0.1325846073327142,10.1,False,False,unflipped,8.206346973326724,False,False,True,True,False,False,-1.8936530266732756,-0.09999999999999964
LYS,10.5,42.02485825214693,-7.1171,1,2,0,0,0.0199,0.092,0.0003713972419378,3FT7,B,12,10.83,427,473,379,6,-0.011165658,10.5,Existing_Structures/generated_pka/3ft7_model1.pka,resname+resseq+chain,0.0007936977781692,0.0004223005362314,0.0119593557781692,10.83,False,False,unflipped,,,False,False,True,True,False,,-0.33000000000000007
TYR,10.5,51.36706333428464,5.5511,1,2,0,0,0.0,0.0,0.0178717953722617,3FT7,B,16,9.14,428,474,380,6,0.00903619,10.0,Existing_Structures/generated_pka/3ft7_model1.pka,resname+resseq+chain,0.0025055926672857,-0.0153662027049759,-0.0065305973327142,9.14,False,False,unflipped,9.440072440275939,False,False,True,True,False,False,0.3000724402759385,0.8599999999999994
HIS,6.0,17.24558398548635,-21.145,1,2,1,2,0.4247,0.4246,0.9975513019253108,3FT7,B,22,4.79,430,476,382,6,0.5949849,6.5,Existing_Structures/generated_pka/3ft7_model1.pka,resname+resseq+chain,0.8881842302218831,-0.1093670717034277,0.293199330221883,4.79,True,True,unflipped,7.232965271129198,True,True,True,True,False,False,2.4429652711291983,1.71
LYS,10.5,91.881882994208,-0.903,1,2,2,2,0.0,0.0,0.0001659311530268,3FT7,B,30,11.18,433,479,385,6,0.0052941134,10.5,Existing_Structures/generated_pka/3ft7_model1.pka,resname+resseq+chain,0.0007936977781692,0.0006277666251424,-0.0045004156218307,11.18,False,False,unflipped,9.673901448413533,False,False,True,True,False,False,-1.5060985515864669,-0.6799999999999997
LYS,10.5,46.02472566297843,-2.3768,1,2,3,3,0.647,0.7297,0.0009323841492796,3FT7,B,32,10.43,435,481,387,6,0.04382432,10.5,Existing_Structures/generated_pka/3ft7_model1.pka,resname+resseq+chain,0.0007936977781692,-0.0001386863711103,-0.0430306222218307,10.43,False,False,unflipped,8.738822507280876,False,False,True,True,False,False,-1.6911774927191239,0.07000000000000028
LYS,10.5,46.82708922255899,-6.9031,2,1,2,2,0.1846,0.6975,3.6306487268132894e-05,3FT7,B,45,11.84,438,484,389,6,-0.0627028,10.5,Existing_Structures/generated_pka/3ft7_model1.pka,resname+resseq+chain,0.0007936977781692,0.0007573912909011,0.0634964977781692,11.84,False,False,unflipped,,,False,False,True,True,False,,-1.3399999999999999
HIS,6.0,27.95395702242793,-8.4358,1,3,4,5,0.0419,0.0191,0.7425355589430698,3FT7,B,51,6.94,441,487,392,6,0.44222575,6.5,Existing_Structures/generated_pka/3ft7_model1.pka,resname+resseq+chain,0.8881842302218831,0.1456486712788133,0.4459584802218831,6.94,True,True,unflipped,7.50081443375851,False,True,False,True,True,False,0.5608144337585097,-0.4400000000000004
TYR,10.5,6.610720549725338,14.7796,1,2,1,2,0.2354,0.7966,0.0017347861159992,1PPF,I,11,10.16,445,494,396,9,0.27277017,10.0,Existing_Structures/generated_pka/1ppf_model1.pka,resname+resseq+chain,0.0025055926672857,0.0007708065512865,-0.2702645773327142,10.16,False,False,unflipped,7.825874810392264,False,False,True,True,False,False,-2.334125189607736,-0.16000000000000014
LYS,10.5,40.143054613235954,-4.6435,0,2,2,2,0.0009,0.0,0.003376998798311,1PPF,I,13,9.87,446,495,397,9,-0.013431923,10.5,Existing_Structures/generated_pka/1ppf_model1.pka,resname+resseq+chain,0.0007936977781692,-0.0025833010201417,0.0142256207781692,9.87,False,False,unflipped,,,False,False,True,True,False,,0.6300000000000008
TYR,10.5,12.278713321557948,10.1019,4,3,1,1,1.4573,1.4373,0.0002137505099015,1PPF,I,20,11.07,448,497,399,9,0.041364472,10.0,Existing_Structures/generated_pka/1ppf_model1.pka,resname+resseq+chain,0.0025055926672857,0.0022918421573842,-0.0388588793327142,11.07,False,False,unflipped,8.765026035232474,False,False,True,True,False,False,-2.3049739647675267,-1.0700000000000003
LYS,10.5,63.20098905150802,-0.5304,2,1,1,1,0.0001,0.0,0.0001905097709078,1PPF,I,29,11.12,450,499,401,9,-0.0069458224,10.5,Existing_Structures/generated_pka/1ppf_model1.pka,resname+resseq+chain,0.0007936977781692,0.0006031880072614,0.0077395201781692,11.12,False,False,unflipped,,,False,False,True,True,False,,-0.6199999999999992
LYS,10.5,48.1971541250145,-9.0583,1,2,1,2,1.3192,1.4857,0.0018586262127003,1PPF,I,34,10.13,452,501,402,9,0.0035095334,10.5,Existing_Structures/generated_pka/1ppf_model1.pka,resname+resseq+chain,0.0007936977781692,-0.001064928434531,-0.0027158356218307,10.13,False,False,unflipped,9.85322376825156,False,False,True,True,False,False,-0.2767762317484408,0.3699999999999992
HIS,6.0,48.847886915633325,-5.8863,1,2,1,0,0.1135,0.4264,0.4426883662377074,1PPF,I,52,7.5,454,503,404,9,0.8338338,6.5,Existing_Structures/generated_pka/1ppf_model1.pka,resname+resseq+chain,0.8881842302218831,0.4454958639841757,0.0543504302218831,7.5,True,False,flipped,6.699463192683928,True,True,False,False,True,True,-0.8005368073160719,-1.0
LYS,10.5,75.50474781875438,0.9009,3,2,0,0,0.9131,1.1166,0.0001994864287215,1PPF,I,55,11.1,455,504,405,9,0.021647194,10.5,Existing_Structures/generated_pka/1ppf_model1.pka,resname+resseq+chain,0.0007936977781692,0.0005942113494477,-0.0208534962218307,11.1,False,False,unflipped,9.05509388567281,False,False,True,True,False,False,-2.0449061143271905,-0.5999999999999996
LYS,10.5,94.75321430954344,-0.9903,2,1,0,0,0.0,0.0,0.0006305594883398,1BPI,A,15,10.6,458,508,408,1,-0.011564124,10.5,Existing_Structures/generated_pka/1bpi_model1.pka,resname+resseq+chain,0.0007936977781692,0.0001631382898294,0.0123578217781692,10.6,False,False,unflipped,,,False,False,True,True,False,,-0.09999999999999964
LYS,10.5,103.58491645176086,0.0342,0,1,0,0,0.7705,0.8119,0.0006305594883398,1BPI,A,26,10.6,459,509,409,1,-0.01912202,10.5,Existing_Structures/generated_pka/1bpi_model1.pka,resname+resseq+chain,0.0007936977781692,0.0001631382898294,0.0199157177781692,10.6,False,False,unflipped,,,False,False,True,True,False,,-0.09999999999999964
LYS,10.5,54.36084960151386,-1.8828,2,1,1,1,1.225,1.7611,0.0003979487443048,1BPI,A,41,10.8,460,510,410,1,0.015588509,10.5,Existing_Structures/generated_pka/1bpi_model1.pka,resname+resseq+chain,0.0007936977781692,0.0003957490338644,-0.0147948112218307,10.8,False,False,unflipped,9.2003720965171,False,False,True,True,False,False,-1.5996279034829008,-0.3000000000000007
LYS,10.5,83.10392963128014,0.9877,2,2,1,0,0.3894,0.7554,0.0006305594883398,1BPI,A,46,10.6,461,511,411,1,0.014147984,10.5,Existing_Structures/generated_pka/1bpi_model1.pka,resname+resseq+chain,0.0007936977781692,0.0001631382898294,-0.0133542862218307,10.6,False,False,unflipped,9.243117168880369,False,False,True,True,False,False,-1.3568828311196306,-0.09999999999999964
CYS,8.3,15.696187126554086,4.34,0,3,2,2,0.4567,0.9626,0.999916830540624,1PPN,A,25,3.32,464,515,414,4,0.7331001,9.0,Existing_Structures/generated_pka/1ppn_model1.pka,resname+resseq+chain,0.024503367550336,-0.975413462990288,-0.708596732449664,3.32,False,True,flipped,6.961185132322519,True,False,True,False,False,True,3.641185132322519,5.68
CYS,8.3,17.62397299176787,21.8438,1,4,1,3,0.3295,0.9754,0.9999698013947792,1PPO,A,25,2.88,465,516,415,9,0.8872266,9.0,Existing_Structures/generated_pka/1ppo_model1.pka,resname+resseq+chain,0.024503367550336,-0.9754664338444432,-0.862723232449664,2.88,False,True,flipped,6.5041721202068405,True,False,True,False,False,True,3.6241721202068407,6.12
HIS,6.0,46.38182867900859,-20.8795,0,2,3,1,0.2706,0.6342,0.5,1NLX,A,477,7.4,476,527,426,9,0.7604816,6.5,Existing_Structures/generated_pka/1nlx_model1.pka,resname+resseq+chain,0.8881842302218831,0.3881842302218831,0.1277026302218831,7.4,True,False,flipped,6.898250171213741,True,True,False,False,True,True,-0.5017498287862594,-0.9000000000000004
HIS,6.0,11.115176894767677,-21.506,2,1,2,5,1.5952,2.8602,0.557311633762293,1NLX,A,490,7.3,480,531,430,9,0.39878857,6.5,Existing_Structures/generated_pka/1nlx_model1.pka,resname+resseq+chain,0.8881842302218831,0.3308725964595901,0.4893956602218831,7.3,True,True,unflipped,7.578284526478172,False,True,False,True,True,False,0.27828452647817237,-0.7999999999999998
HIS,6.0,51.792274569297525,-3.2843,1,1,2,6,0.6344,0.6457,0.8881842302218831,1NLX,A,505,6.5,483,534,433,9,0.6823387,6.5,Existing_Structures/generated_pka/1nlx_model1.pka,resname+resseq+chain,0.8881842302218831,0.0,0.2058455302218831,6.5,True,True,unflipped,7.067964305148802,True,True,True,True,False,False,0.5679643051488021,0.0
HIS,6.0,40.78772623725031,6.0312,0,4,1,4,0.7886,1.1282,0.9617134961177454,1POH,A,76,6.0,484,535,434,7,0.8608353,6.5,Existing_Structures/generated_pka/1poh_model1.pka,resname+resseq+chain,0.8881842302218831,-0.0735292658958622,0.0273489302218831,6.0,True,True,unflipped,6.608609020057917,True,True,True,True,False,False,0.6086090200579166,0.5
HIS,6.0,18.35537954692168,-44.8469,2,5,4,2,0.4362,0.5221,0.3868631798468573,1GYM,A,32,7.6,485,536,435,10,0.557122,6.5,Existing_Structures/generated_pka/1gym_model1.pka,resname+resseq+chain,0.8881842302218831,0.5013210503750258,0.3310622302218831,7.6,True,False,flipped,7.30033379870329,True,True,False,False,True,True,-0.2996662012967093,-1.0999999999999996
HIS,6.0,33.99685553564355,-18.8498,3,5,4,1,0.0374,0.0011,0.7597469266479578,1GYM,A,82,6.9,486,537,436,10,0.42429316,6.5,Existing_Structures/generated_pka/1gym_model1.pka,resname+resseq+chain,0.8881842302218831,0.1284373035739252,0.4638910702218831,6.9,True,True,unflipped,7.532535358766474,False,True,False,True,True,False,0.6325353587664733,-0.40000000000000036
HIS,6.0,62.12764968572628,9.8325,1,3,2,3,0.465,0.5444,0.99009900990099,1GYM,A,92,5.4,487,538,437,10,0.88955146,6.5,Existing_Structures/generated_pka/1gym_model1.pka,resname+resseq+chain,0.8881842302218831,-0.1019147796791068,-0.0013672297781168,5.4,True,True,unflipped,6.4939889025693684,True,True,True,True,False,False,1.093988902569368,1.0999999999999996
HIS,6.0,13.298648816943675,-17.4498,2,0,3,2,1.7653,1.8474,0.7597469266479578,1GYM,A,227,6.9,488,539,438,10,0.6453516,6.5,Existing_Structures/generated_pka/1gym_model1.pka,resname+resseq+chain,0.8881842302218831,0.1284373035739252,0.242832630221883,6.9,True,True,unflipped,7.140001613739812,True,True,True,True,False,False,0.24000161373981133,-0.40000000000000036
LYS,10.5,26.03688709812292,-1.5674,3,1,6,3,0.0142,0.0752,0.0124327352544423,1FEZ,A,53,9.3,489,540,439,8,-0.06878549,10.5,Existing_Structures/generated_pka/1fez_model1.pka,resname+resseq+chain,0.0007936977781692,-0.011639037476273,0.0695791877781692,9.3,False,False,unflipped,,,False,False,True,True,False,,1.1999999999999993
HIS,6.0,0.0,-4.1896,1,0,1,0,1.131,1.2419,0.9999292104330793,3SSI,A,43,3.25,515,566,465,9,0.8414493,6.5,Existing_Structures/generated_pka/3ssi_model1.pka,resname+resseq+chain,0.8881842302218831,-0.1117449802111961,0.0467349302218831,3.25,True,True,unflipped,6.675140210299241,True,True,True,True,False,False,3.425140210299241,3.25
HIS,6.0,14.437047094701194,-6.9885,2,0,3,4,0.3706,0.4443,0.9617134961177454,3SSI,A,106,6.0,516,567,466,9,0.68336964,6.5,Existing_Structures/generated_pka/3ssi_model1.pka,resname+resseq+chain,0.8881842302218831,-0.0735292658958622,0.204814590221883,6.0,True,True,unflipped,7.065896874178874,True,True,True,True,False,False,1.0658968741788737,0.5
CYS,8.3,8.84801837100354,44.4756,4,1,1,1,1.7843,2.7178,0.9854245035095256,2HNP,A,215,5.57,525,576,475,3,0.95129454,9.0,Existing_Structures/generated_pka/2hnp_model1.pka,resname+resseq+chain,0.024503367550336,-0.9609211359591896,-0.926791172449664,5.57,False,True,flipped,6.10926264530654,True,False,True,False,False,True,0.5392626453065397,3.4299999999999997
CYS,8.3,7.52241539667422,40.6105,4,1,1,2,1.6761,2.8487,0.9981413737872996,1YPT,A,403,4.67,526,577,476,7,0.93651325,9.0,Existing_Structures/generated_pka/1ypt_model1.pka,resname+resseq+chain,0.024503367550336,-0.9736380062369636,-0.912009882449664,4.67,False,True,flipped,6.231169169083342,True,False,True,False,False,True,1.5611691690833425,4.33
HIS,6.0,28.892298654091714,-24.7763,4,1,2,1,0.189,0.6142,0.1051372103559197,1DG9,A,66,8.33,527,578,477,4,0.6631557,6.5,Existing_Structures/generated_pka/1dg9_model1.pka,resname+resseq+chain,0.8881842302218831,0.7830470198659634,0.225028530221883,8.33,True,False,flipped,7.105813695867396,True,True,False,False,True,True,-1.224186304132604,-1.83
HIS,6.0,28.892298654091714,-24.7763,4,1,2,1,0.189,0.6142,0.0988131708783324,1DG9,A,66,8.36,528,579,478,4,0.6631557,6.5,Existing_Structures/generated_pka/1dg9_model1.pka,resname+resseq+chain,0.8881842302218831,0.7893710593435507,0.225028530221883,8.36,True,False,flipped,7.105813695867396,True,True,False,False,True,True,-1.2541863041326033,-1.8599999999999994
HIS,6.0,28.892298654091714,-24.7763,4,1,2,1,0.189,0.6142,0.1141230574141507,1DG9,A,66,8.29,529,580,479,4,0.6631557,6.5,Existing_Structures/generated_pka/1dg9_model1.pka,resname+resseq+chain,0.8881842302218831,0.7740611728077323,0.225028530221883,8.29,True,False,flipped,7.105813695867396,True,True,False,False,True,True,-1.184186304132603,-1.7899999999999991
HIS,6.0,10.39671983383044,-23.2204,4,1,3,1,2.6126,2.9488,0.0159592718906025,1DG9,A,72,9.19,530,581,480,4,0.7311401,6.5,Existing_Structures/generated_pka/1dg9_model1.pka,resname+resseq+chain,0.8881842302218831,0.8722249583312806,0.1570441302218831,9.19,True,False,flipped,6.9655254289573625,True,True,False,False,True,True,-2.224474571042637,-2.6899999999999995
HIS,6.0,10.39671983383044,-23.2204,4,1,3,1,2.6126,2.9488,0.0159592718906025,1DG9,A,72,9.19,531,582,481,4,0.7311401,6.5,Existing_Structures/generated_pka/1dg9_model1.pka,resname+resseq+chain,0.8881842302218831,0.8722249583312806,0.1570441302218831,9.19,True,False,flipped,6.9655254289573625,True,True,False,False,True,True,-2.224474571042637,-2.6899999999999995
CYS,8.3,2.539602264148374,11.6485,1,2,0,3,0.7496,1.266,0.0382865038822547,1ST9,A,73,8.8,532,583,482,8,0.79147506,9.0,Existing_Structures/generated_pka/1st9_model1.pka,resname+resseq+chain,0.024503367550336,-0.0137831363319186,-0.766971692449664,8.8,False,False,unflipped,6.820720770450942,True,False,False,True,True,False,-1.9792792295490589,0.1999999999999993
CYS,8.3,2.226065256198082,12.2983,1,2,0,2,0.2149,1.0496,0.9264124438824266,3C71,A,74,6.3,533,584,483,1,0.42932233,9.0,Existing_Structures/generated_pka/3c71_model1.pka,resname+resseq+chain,0.024503367550336,-0.9019090763320906,-0.404818962449664,6.3,False,True,flipped,7.523607401728587,False,False,False,False,True,True,1.2236074017285876,2.7
CYS,8.3,4.572765516552963,4.9146,1,2,0,3,0.1817,0.9917,0.5,3C73,A,74,7.4,534,585,484,7,0.6081817,9.0,Existing_Structures/generated_pka/3c73_model1.pka,resname+resseq+chain,0.024503367550336,-0.475496632449664,-0.583678332449664,7.4,False,False,unflipped,7.2090513677786445,True,False,False,True,True,False,-0.19094863222135583,1.5999999999999996
CYS,8.3,0.9092921681893944,5.3869,1,2,0,3,0.2497,1.0633,0.0767893196971002,2H19,A,74,8.48,535,586,485,1,0.3255431,9.0,Existing_Structures/generated_pka/2h19_model1.pka,resname+resseq+chain,0.024503367550336,-0.0522859521467641,-0.301039732449664,8.48,False,False,unflipped,7.716345707301143,False,False,True,True,False,False,-0.763654292698857,0.5199999999999996
CYS,8.3,0.8177268017509325,-13.6272,0,2,0,3,0.2792,0.3357,0.1368068886032102,1SU9,A,76,8.2,536,587,486,3,0.56843907,9.0,Existing_Structures/generated_pka/1su9_model1.pka,resname+resseq+chain,0.024503367550336,-0.1123035210528741,-0.543935702449664,8.2,False,False,unflipped,7.280358200072398,True,False,False,True,True,False,-0.919641799927601,0.8000000000000007
CYS,8.3,0.8177268017509325,-13.6272,0,2,0,3,0.2792,0.3357,0.1368068886032102,1SU9,A,76,8.2,537,588,487,3,0.56843907,9.0,Existing_Structures/generated_pka/1su9_model1.pka,resname+resseq+chain,0.024503367550336,-0.1123035210528741,-0.543935702449664,8.2,False,False,unflipped,7.280358200072398,True,False,False,True,True,False,-0.919641799927601,0.8000000000000007
CYS,8.3,0.8103211685530218,5.3476,0,2,0,2,0.2633,0.5551,0.9804376961274206,3C71,A,77,5.7,538,589,488,1,0.3017881,9.0,Existing_Structures/generated_pka/3c71_model1.pka,resname+resseq+chain,0.024503367550336,-0.9559343285770846,-0.277284732449664,5.7,False,True,flipped,7.764285135621971,False,False,False,False,True,True,2.0642851356219705,3.3
CYS,8.3,0.694440636421825,2.0802,0,2,0,3,0.151,0.4652,0.4426883662377074,3C73,A,77,7.5,539,590,489,7,0.4069094,9.0,Existing_Structures/generated_pka/3c73_model1.pka,resname+resseq+chain,0.024503367550336,-0.4181849986873714,-0.382406032449664,7.5,False,False,unflipped,7.563623318285227,False,False,True,True,False,False,0.06362331828522727,1.5
CYS,8.3,0.4199301235113675,-0.1493,0,2,2,2,0.2847,0.4506,0.5,2H1B,A,77,7.4,540,591,490,8,0.4939462,9.0,Existing_Structures/generated_pka/2h1b_model1.pka,resname+resseq+chain,0.024503367550336,-0.475496632449664,-0.469442832449664,7.4,False,False,unflipped,7.410517041669933,False,False,True,True,False,False,0.010517041669932503,1.5999999999999996
CYS,8.3,0.8739265845947247,-3.055,1,2,0,3,0.438,1.4634,0.0988131708783324,2H1A,A,77,8.36,541,592,491,10,0.36260644,9.0,Existing_Structures/generated_pka/2h1a_model1.pka,resname+resseq+chain,0.024503367550336,-0.0743098033279963,-0.338103072449664,8.36,False,False,unflipped,7.6449721581721395,False,False,True,True,False,False,-0.71502784182786,0.6400000000000006
CYS,8.3,0.8739265845947247,-3.055,1,2,0,3,0.438,1.4634,0.1118157697781168,2H1A,A,77,8.3,542,593,492,10,0.36260644,9.0,Existing_Structures/generated_pka/2h1a_model1.pka,resname+resseq+chain,0.024503367550336,-0.0873124022277807,-0.338103072449664,8.3,False,False,unflipped,7.6449721581721395,False,False,True,True,False,False,-0.6550278418278612,0.6999999999999993
HIS,6.0,80.96116738002077,-2.1128,0,1,0,2,0.0,0.0,0.7152527510491988,2RN2,A,62,7.0,549,600,499,7,0.71230054,6.5,Existing_Structures/generated_pka/2rn2_model1.pka,resname+resseq+chain,0.8881842302218831,0.1729314791726842,0.1758836902218831,7.0,True,True,unflipped,7.006275773151927,True,True,True,True,False,False,0.0062757731519269555,-0.5
HIS,6.0,82.82495858692174,3.5539,0,1,3,1,0.0,0.0,0.6661394245831224,2RN2,A,124,7.1,558,609,505,7,0.73550963,6.5,Existing_Structures/generated_pka/2rn2_model1.pka,resname+resseq+chain,0.8881842302218831,0.2220448056387607,0.152674600221883,7.1,True,True,unflipped,6.9558215008497974,True,True,True,True,False,False,-0.1441784991502022,-0.5999999999999996
HIS,6.0,47.502191911015096,-1.3487,2,1,1,5,0.8123,1.1761,0.2402530733520421,2RN2,A,127,7.9,559,610,506,7,0.8562889,6.5,Existing_Structures/generated_pka/2rn2_model1.pka,resname+resseq+chain,0.8881842302218831,0.6479311568698409,0.031895330221883,7.9,True,False,flipped,6.6248699992581015,True,True,False,False,True,True,-1.2751300007418989,-1.4000000000000004
HIS,6.0,23.38609904949351,-12.4066,0,2,1,4,0.6919,0.981,0.4033708266942261,9RNT,A,27,7.57,569,621,515,5,0.5797328,6.5,Existing_Structures/generated_pka/9rnt_model1.pka,resname+resseq+chain,0.8881842302218831,0.484813403527657,0.308451430221883,7.57,True,False,flipped,7.260297624073166,True,True,False,False,True,True,-0.30970237592683425,-1.0700000000000003
HIS,6.0,38.803246434638105,-19.1796,1,1,1,2,1.1496,1.3593,0.4769904127024377,9RNT,A,40,7.44,573,625,519,5,0.799399,6.5,Existing_Structures/generated_pka/9rnt_model1.pka,resname+resseq+chain,0.8881842302218831,0.4111938175194454,0.0887852302218831,7.44,True,False,flipped,6.799569493008294,True,True,False,False,True,True,-0.6404305069917067,-0.9400000000000004
HIS,6.0,27.19145741297573,-24.7918,1,1,1,3,0.8567,1.5548,0.551623547310961,9RNT,A,92,7.31,580,632,526,5,0.7297291,6.5,Existing_Structures/generated_pka/9rnt_model1.pka,resname+resseq+chain,0.8881842302218831,0.3365606829109221,0.158455130221883,7.31,True,True,unflipped,6.968637622526192,True,True,True,True,False,False,-0.34136237747380793,-0.8099999999999996
HIS,6.0,50.98738417278901,-12.5571,0,2,1,1,0.0,0.0,0.9264124438824266,1DE3,A,35,6.3,585,637,531,8,0.8667437,6.5,Existing_Structures/generated_pka/1de3_model1.pka,resname+resseq+chain,0.8881842302218831,-0.0382282136605435,0.021440530221883,6.3,True,True,unflipped,6.586797056827095,True,True,True,True,False,False,0.286797056827095,0.20000000000000018
HIS,6.0,72.36049261611922,-3.3412,0,3,2,1,0.0001,0.0,0.7992399910868984,1DE3,A,36,6.8,586,638,532,8,0.87363434,6.5,Existing_Structures/generated_pka/1de3_model1.pka,resname+resseq+chain,0.8881842302218831,0.0889442391349847,0.0145498902218831,6.8,True,True,unflipped,6.56029937346402,True,True,True,True,False,False,-0.23970062653597957,-0.2999999999999998
HIS,6.0,35.76694315424756,-1.1917,1,3,3,1,0.0,0.0,0.333860575416878,1DE3,A,50,7.7,588,640,533,8,0.74100167,6.5,Existing_Structures/generated_pka/1de3_model1.pka,resname+resseq+chain,0.8881842302218831,0.554323654805005,0.1471825602218831,7.7,True,False,flipped,6.943477777042499,True,True,False,False,True,True,-0.7565222229575008,-1.2000000000000002
HIS,6.0,16.87207977360957,-26.0372,1,5,5,1,0.9286,0.8095,0.557311633762293,1DE3,A,82,7.3,593,645,537,8,0.5252367,6.5,Existing_Structures/generated_pka/1de3_model1.pka,resname+resseq+chain,0.8881842302218831,0.3308725964595901,0.3629475302218831,7.3,True,True,unflipped,7.356122075839129,True,True,True,True,False,False,0.05612207583912898,-0.7999999999999998
HIS,6.0,37.655808505576665,-6.8846,1,5,5,0,0.8613,1.6195,0.7597469266479578,1DE3,A,92,6.9,596,648,539,8,0.47776553,6.5,Existing_Structures/generated_pka/1de3_model1.pka,resname+resseq+chain,0.8881842302218831,0.1284373035739252,0.4104187002218831,6.9,True,True,unflipped,7.438650721059582,False,True,False,True,True,False,0.5386507210595814,-0.40000000000000036
HIS,6.0,49.99266839546448,3.2476,1,2,2,1,0.0154,0.0,0.8631931113967901,1DE3,A,104,6.6,599,651,541,8,0.8714623,6.5,Existing_Structures/generated_pka/1de3_model1.pka,resname+resseq+chain,0.8881842302218831,0.0249911188250929,0.016721930221883,6.6,True,True,unflipped,6.568781920556019,True,True,True,True,False,False,-0.03121807944398025,-0.09999999999999964
HIS,6.0,7.199935081971677,1.2288,1,2,1,3,0.3423,0.6503,0.975496632449664,1DE3,A,137,5.8,603,655,544,8,0.613399,6.5,Existing_Structures/generated_pka/1de3_model1.pka,resname+resseq+chain,0.8881842302218831,-0.0873124022277809,0.274785230221883,5.8,True,True,unflipped,7.199519909426132,True,True,True,True,False,False,1.3995199094261324,0.7000000000000002
HIS,6.0,46.70397753160293,3.7082,0,1,0,1,0.0,0.0,0.3868631798468573,1DE3,A,150,7.6,606,658,547,8,0.7963483,6.5,Existing_Structures/generated_pka/1de3_model1.pka,resname+resseq+chain,0.8881842302218831,0.5013210503750258,0.091835930221883,7.6,True,False,flipped,6.80778498245736,True,True,False,False,True,True,-0.7922150175426399,-1.0999999999999996
TYR,10.5,31.754882355818097,-1.1623,4,0,1,2,1.597,2.656,0.0001258766942425,1LNI,A,30,11.3,611,664,552,7,-0.011461853,10.0,Existing_Structures/generated_pka/1lni_model1.pka,resname+resseq+chain,0.0025055926672857,0.0023797159730432,0.0139674456672857,11.3,False,False,unflipped,,,False,False,True,True,False,,-1.3000000000000007
TYR,10.5,79.11330302666444,0.8415,2,0,0,1,0.7813,1.0537,0.0006305594883398,1LNI,A,49,10.6,614,667,555,7,0.048124954,10.0,Existing_Structures/generated_pka/1lni_model1.pka,resname+resseq+chain,0.0025055926672857,0.0018750331789459,-0.0456193613327142,10.6,False,False,unflipped,8.696209614269174,False,False,True,True,False,False,-1.9037903857308258,-0.5999999999999996
HIS,6.0,39.6196289378772,-7.241,0,0,3,3,1.2371,1.8336,0.1188622164463019,1LNI,A,53,8.27,616,669,556,7,0.77991647,6.5,Existing_Structures/generated_pka/1lni_model1.pka,resname+resseq+chain,0.8881842302218831,0.7693220137755812,0.1082677602218831,8.27,True,False,flipped,6.850539451529768,True,True,False,False,True,True,-1.4194605484702318,-1.7699999999999996
HIS,6.0,62.5075500307622,1.8141,4,0,1,2,1.3509,1.5353,0.918168175244848,1LNI,A,85,6.35,625,678,562,7,0.6828627,6.5,Existing_Structures/generated_pka/1lni_model1.pka,resname+resseq+chain,0.8881842302218831,-0.0299839450229648,0.205321530221883,6.35,True,True,unflipped,7.066913933530185,True,True,True,True,False,False,0.7169139335301855,0.15000000000000036
HIS,6.0,9.00362396593595,-19.4094,4,3,3,3,2.9873,3.6907,0.9543232189603376,7RSA,A,12,6.08,634,689,570,1,0.62018657,6.5,Existing_Structures/generated_pka/7rsa_model1.pka,resname+resseq+chain,0.8881842302218831,-0.0661389887384544,0.2679976602218831,6.08,True,True,unflipped,7.18704795963911,True,True,True,True,False,False,1.10704795963911,0.41999999999999993
HIS,6.0,9.00362396593595,-19.4094,4,3,3,3,2.9873,3.6907,0.9590873001033208,7RSA,A,12,6.03,635,690,571,1,0.62018657,6.5,Existing_Structures/generated_pka/7rsa_model1.pka,resname+resseq+chain,0.8881842302218831,-0.0709030698814376,0.2679976602218831,6.03,True,True,unflipped,7.18704795963911,True,True,True,True,False,False,1.15704795963911,0.46999999999999975
HIS,6.0,9.00362396593595,-19.4094,4,3,3,3,2.9873,3.6907,0.9406490568972324,7RSA,A,12,6.2,636,691,572,1,0.62018657,6.5,Existing_Structures/generated_pka/7rsa_model1.pka,resname+resseq+chain,0.8881842302218831,-0.0524648266753493,0.2679976602218831,6.2,True,True,unflipped,7.18704795963911,True,True,True,True,False,False,0.98704795963911,0.2999999999999998
HIS,6.0,9.00362396593595,-19.4094,4,3,3,3,2.9873,3.6907,0.9617134961177454,7RSA,A,12,6.0,637,692,573,1,0.62018657,6.5,Existing_Structures/generated_pka/7rsa_model1.pka,resname+resseq+chain,0.8881842302218831,-0.0735292658958622,0.2679976602218831,6.0,True,True,unflipped,7.18704795963911,True,True,True,True,False,False,1.1870479596391101,0.5
HIS,6.0,0.0440432183843964,-37.6131,2,1,3,2,4.6299,5.1717,0.9617134961177454,7RSA,A,48,6.0,642,697,577,1,0.8233774,6.5,Existing_Structures/generated_pka/7rsa_model1.pka,resname+resseq+chain,0.8881842302218831,-0.0735292658958622,0.064806830221883,6.0,True,True,unflipped,6.731447331231869,True,True,True,True,False,False,0.7314473312318688,0.5
HIS,6.0,34.862553739731936,-12.5997,0,2,1,1,0.8067,0.652,0.8430219644140362,7RSA,A,105,6.67,655,710,590,1,0.7594808,6.5,Existing_Structures/generated_pka/7rsa_model1.pka,resname+resseq+chain,0.8881842302218831,0.0451622658078468,0.1287034302218831,6.67,True,True,unflipped,6.900632951465558,True,True,True,True,False,False,0.23063295146555784,-0.16999999999999993
HIS,6.0,34.862553739731936,-12.5997,0,2,1,1,0.8067,0.652,0.7917488375081845,7RSA,A,105,6.82,656,711,591,1,0.7594808,6.5,Existing_Structures/generated_pka/7rsa_model1.pka,resname+resseq+chain,0.8881842302218831,0.0964353927136986,0.1287034302218831,6.82,True,True,unflipped,6.900632951465558,True,True,True,True,False,False,0.08063295146555749,-0.3200000000000003
HIS,6.0,34.862553739731936,-12.5997,0,2,1,1,0.8067,0.652,0.8336624691834381,7RSA,A,105,6.7,657,712,592,1,0.7594808,6.5,Existing_Structures/generated_pka/7rsa_model1.pka,resname+resseq+chain,0.8881842302218831,0.0545217610384449,0.1287034302218831,6.7,True,True,unflipped,6.900632951465558,True,True,True,True,False,False,0.2006329514655576,-0.20000000000000018
HIS,6.0,34.862553739731936,-12.5997,0,2,1,1,0.8067,0.652,0.8881842302218831,7RSA,A,105,6.5,658,713,593,1,0.7594808,6.5,Existing_Structures/generated_pka/7rsa_model1.pka,resname+resseq+chain,0.8881842302218831,0.0,0.1287034302218831,6.5,True,True,unflipped,6.900632951465558,True,True,True,True,False,False,0.4006329514655578,0.0
HIS,6.0,56.90951254192237,-1.6964,1,3,1,2,0.7635,1.3423,0.9248272212397116,7RSA,A,119,6.31,662,717,597,1,0.87154555,6.5,Existing_Structures/generated_pka/7rsa_model1.pka,resname+resseq+chain,0.8881842302218831,-0.0366429910178285,0.016638680221883,6.31,True,True,unflipped,6.568459064187649,True,True,True,True,False,False,0.2584590641876492,0.1900000000000004
HIS,6.0,56.90951254192237,-1.6964,1,3,1,2,0.7635,1.3423,0.9215623250569782,7RSA,A,119,6.33,663,718,598,1,0.87154555,6.5,Existing_Structures/generated_pka/7rsa_model1.pka,resname+resseq+chain,0.8881842302218831,-0.0333780948350951,0.016638680221883,6.33,True,True,unflipped,6.568459064187649,True,True,True,True,False,False,0.23845906418764873,0.16999999999999993
HIS,6.0,56.90951254192237,-1.6964,1,3,1,2,0.7635,1.3423,0.9522732789657962,7RSA,A,119,6.1,664,719,599,1,0.87154555,6.5,Existing_Structures/generated_pka/7rsa_model1.pka,resname+resseq+chain,0.8881842302218831,-0.064089048743913,0.016638680221883,6.1,True,True,unflipped,6.568459064187649,True,True,True,True,False,False,0.46845906418764915,0.40000000000000036
HIS,6.0,56.90951254192237,-1.6964,1,3,1,2,0.7635,1.3423,0.8881842302218831,7RSA,A,119,6.5,665,720,600,1,0.87154555,6.5,Existing_Structures/generated_pka/7rsa_model1.pka,resname+resseq+chain,0.8881842302218831,0.0,0.016638680221883,6.5,True,True,unflipped,6.568459064187649,True,True,True,True,False,False,0.0684590641876488,0.0
CYS,8.3,0.3297305120788461,-0.2328,2,2,2,4,0.6075,0.7945,0.7597469266479578,1AO6,A,34,6.9,697,753,632,9,0.37130633,9.0,Existing_Structures/generated_pka/1ao6_model1.pka,resname+resseq+chain,0.024503367550336,-0.7352435590976218,-0.346802962449664,6.9,False,True,flipped,7.6287067345736,False,False,False,False,True,True,0.7287067345736,2.0999999999999996
HIS,6.0,76.62032874082398,-4.1338,1,4,1,3,0.0,0.0,0.8835282880564395,1STN,A,8,6.52,698,754,633,6,0.8928102,6.5,Existing_Structures/generated_pka/1stn_model1.pka,resname+resseq+chain,0.8881842302218831,0.0046559421654436,-0.0046259697781169,6.52,True,True,unflipped,6.479394317331987,True,True,True,True,False,False,-0.04060568266801301,-0.019999999999999574
HIS,6.0,76.62032874082398,-4.1338,1,4,1,3,0.0,0.0,0.7917488375081845,1STN,A,8,6.82,699,755,634,6,0.8928102,6.5,Existing_Structures/generated_pka/1stn_model1.pka,resname+resseq+chain,0.8881842302218831,0.0964353927136986,-0.0046259697781169,6.82,True,True,unflipped,6.479394317331987,True,True,True,True,False,False,-0.3406056826680137,-0.3200000000000003
HIS,6.0,81.45891120303325,-3.4921,1,3,1,3,0.0751,0.2244,0.8811377835536983,1EY7,A,8,6.53,700,756,635,1,0.8883614,6.5,Existing_Structures/generated_pka/1ey7_model1.pka,resname+resseq+chain,0.8881842302218831,0.0070464466681847,-0.0001771697781168,6.53,True,True,unflipped,6.4992247017454945,True,True,True,True,False,False,-0.030775298254505756,-0.03000000000000025
HIS,6.0,77.99648595312469,-6.9109,1,4,1,2,0.014,0.0705,0.9431684791599028,2QDB,A,8,6.18,701,757,636,7,0.8692906,6.5,Existing_Structures/generated_pka/2qdb_model1.pka,resname+resseq+chain,0.8881842302218831,-0.0549842489380196,0.018893630221883,6.18,True,True,unflipped,6.577141837658501,True,True,True,True,False,False,0.3971418376585012,0.3200000000000003
HIS,6.0,86.39781775486075,-2.5586,1,2,1,2,0.0,0.0,0.9264124438824266,2RDF,A,8,6.3,702,758,637,6,0.7727564,6.5,Existing_Structures/generated_pka/2rdf_model1.pka,resname+resseq+chain,0.8881842302218831,-0.0382282136605435,0.115427830221883,6.3,True,True,unflipped,6.868449050171231,True,True,True,True,False,False,0.5684490501712309,0.20000000000000018
HIS,6.0,81.45170648702057,-0.1774,1,3,1,3,0.0724,0.1771,0.8881842302218831,3D6C,A,8,6.5,703,759,638,8,0.860248,6.5,Existing_Structures/generated_pka/3d6c_model1.pka,resname+resseq+chain,0.8881842302218831,0.0,0.027936230221883,6.5,True,True,unflipped,6.610734360221489,True,True,True,True,False,False,0.11073436022148897,0.0
LYS,10.5,0.0,-3.1815,2,7,3,5,0.881,0.9554,0.557311633762293,3QOJ,A,23,7.3,714,770,649,10,0.8715082,10.5,Existing_Structures/generated_pka/3qoj_model1.pka,resname+resseq+chain,0.0007936977781692,-0.5565179359841237,-0.8707145022218307,7.3,False,True,flipped,6.568603935317825,True,False,True,False,False,True,-0.7313960646821744,3.2
LYS,10.5,0.0,-0.5724,3,9,3,5,0.0,0.0,0.9264124438824266,3ERQ,A,25,6.3,717,773,652,6,0.6474888,10.5,Existing_Structures/generated_pka/3erq_model1.pka,resname+resseq+chain,0.0007936977781692,-0.9256187461042572,-0.6466951022218307,6.3,False,True,flipped,7.13594065940079,True,False,True,False,False,True,0.8359406594007899,4.2
LYS,10.5,0.0097840363891732,0.7655,3,5,3,3,0.0,0.0,0.6661394245831224,3ITP,A,34,7.1,718,774,653,10,0.71197224,10.5,Existing_Structures/generated_pka/3itp_model1.pka,resname+resseq+chain,0.0007936977781692,-0.6653457268049531,-0.7111785422218307,7.1,False,True,flipped,7.00697128620277,True,False,True,False,False,True,-0.09302871379722966,3.4000000000000004
LYS,10.5,0.0,-15.4297,2,7,3,6,0.8199,1.096,0.6131368201531431,3EJI,A,36,7.2,721,777,656,6,0.8887326,10.5,Existing_Structures/generated_pka/3eji_model1.pka,resname+resseq+chain,0.0007936977781692,-0.6123431223749738,-0.8879389022218307,7.2,False,True,flipped,6.4975968289388755,True,False,True,False,False,True,-0.7024031710611247,3.3
LYS,10.5,2.560186218231055,-27.6094,2,5,2,4,0.4456,0.6699,0.0009990009990009,2RKS,A,38,10.4,724,780,659,3,0.35496432,10.5,Existing_Structures/generated_pka/2rks_model1.pka,resname+resseq+chain,0.0007936977781692,-0.0002053032208316,-0.3541706222218307,10.4,False,False,unflipped,7.659399036991338,False,False,True,True,False,False,-2.7406009630086627,0.09999999999999964
HIS,6.0,24.089950397799733,21.393,2,4,3,2,0.8011,1.1187,0.9719681328483034,1STN,A,46,5.86,732,788,667,6,0.8158665,6.5,Existing_Structures/generated_pka/1stn_model1.pka,resname+resseq+chain,0.8881842302218831,-0.0837839026264203,0.072317730221883,5.86,True,True,unflipped,6.753513707198078,True,True,True,True,False,False,0.8935137071980774,0.6399999999999997
HIS,6.0,24.089950397799733,21.393,2,4,3,2,0.8011,1.1187,0.975496632449664,1STN,A,46,5.8,733,789,668,6,0.8158665,6.5,Existing_Structures/generated_pka/1stn_model1.pka,resname+resseq+chain,0.8881842302218831,-0.0873124022277809,0.072317730221883,5.8,True,True,unflipped,6.753513707198078,True,True,True,True,False,False,0.9535137071980779,0.7000000000000002
HIS,6.0,58.28462748404518,16.2891,2,4,3,2,0.0,0.0,0.8904506387229247,1EY7,A,46,6.49,734,790,669,1,0.8361001,6.5,Existing_Structures/generated_pka/1ey7_model1.pka,resname+resseq+chain,0.8881842302218831,-0.0022664085010416,0.052084130221883,6.49,True,True,unflipped,6.692320413219289,True,True,True,True,False,False,0.2023204132192884,0.009999999999999787
LYS,10.5,0.1140694162941679,-10.1874,2,6,3,5,1.8827,2.5038,0.1663375308165621,3DMU,A,62,8.1,744,802,679,4,0.23342714,10.5,Existing_Structures/generated_pka/3dmu_model1.pka,resname+resseq+chain,0.0007936977781692,-0.1655438330383928,-0.2326334422218307,8.1,False,False,unflipped,7.916402090287226,False,False,True,True,False,False,-0.18359790971277334,2.4000000000000004
LYS,10.5,0.0,-5.2212,1,8,3,4,1.1645,1.3709,0.9843983377581704,3HZX,A,66,5.6,747,805,682,3,0.83146095,10.5,Existing_Structures/generated_pka/3hzx_model1.pka,resname+resseq+chain,0.0007936977781692,-0.9836046399800012,-0.8306672522218307,5.6,False,True,flipped,6.706858684448717,True,False,True,False,False,True,1.1068586844487172,4.9
LYS,10.5,24.02710750573512,-23.6837,0,8,1,3,1.2145,2.9928,0.0593509431027676,2RBM,A,72,8.6,753,811,688,2,0.18325306,10.5,Existing_Structures/generated_pka/2rbm_model1.pka,resname+resseq+chain,0.0007936977781692,-0.0585572453245983,-0.1824593622218307,8.6,False,False,unflipped,8.049036280716898,False,False,True,True,False,False,-0.5509637192831018,1.9000000000000004
LYS,10.5,2.461791586201955,-7.9876,3,5,1,3,0.6965,0.9307,0.5,3RUZ,A,74,7.4,758,816,693,10,-0.16272956,10.5,Existing_Structures/generated_pka/3ruz_model1.pka,resname+resseq+chain,0.0007936977781692,-0.4992063022218307,0.1635232577781692,7.4,False,False,unflipped,,,False,False,True,True,False,,3.0999999999999996
LYS,10.5,1.6592623112960134,-4.1813,1,9,3,5,0.0053,0.0292,0.9921193161496696,5E3F,A,92,5.3,769,827,702,6,0.6475946,10.5,Existing_Structures/generated_pka/5e3f_model1.pka,resname+resseq+chain,0.0007936977781692,-0.9913256183715004,-0.6468009022218307,5.3,False,True,flipped,7.1357393358886405,True,False,True,False,False,True,1.8357393358886407,5.2
LYS,10.5,0.2333419555976398,-4.3156,1,8,3,4,1.4587,2.3429,0.8881842302218831,4HMI,A,99,6.5,774,832,707,9,0.38696292,10.5,Existing_Structures/generated_pka/4hmi_model1.pka,resname+resseq+chain,0.0007936977781692,-0.8873905324437138,-0.3861692222218307,6.5,False,True,flipped,7.599817392380973,False,False,False,False,True,True,1.0998173923809729,4.0
LYS,10.5,0.0343793011595753,,2,6,3,5,1.5722,2.0361,0.1368068886032102,3E5S,A,103,8.2,779,837,712,3,0.3438139,10.5,Existing_Structures/generated_pka/3e5s_model1.pka,resname+resseq+chain,0.0007936977781692,-0.1360131908250409,-0.3430202022218308,8.2,False,False,unflipped,7.680703595749255,False,False,True,True,False,False,-0.5192964042507446,2.3000000000000007
LYS,10.5,0.0,-24.3598,3,5,2,3,1.5789,2.3754,0.333860575416878,3C1F,A,104,7.7,782,840,715,3,0.3664107,10.5,Existing_Structures/generated_pka/3c1f_model1.pka,resname+resseq+chain,0.0007936977781692,-0.3330668776387088,-0.3656170022218307,7.7,False,False,unflipped,7.6378396867795715,False,False,True,True,False,False,-0.0621603132204287,2.8
HIS,6.0,25.52818105171583,-1.4308,1,5,1,3,1.5482,1.7326,0.9921193161496696,1STN,A,121,5.3,785,843,718,6,0.84527516,6.5,Existing_Structures/generated_pka/1stn_model1.pka,resname+resseq+chain,0.8881842302218831,-0.1039350859277865,0.042909070221883,5.3,True,True,unflipped,6.662561935660655,True,True,True,True,False,False,1.362561935660655,1.2000000000000002
HIS,6.0,25.405318862319305,-3.7151,1,4,1,3,1.1302,1.1631,0.9929703085603608,1EY7,A,121,5.25,786,844,719,1,0.86697924,6.5,Existing_Structures/generated_pka/1ey7_model1.pka,resname+resseq+chain,0.8881842302218831,-0.1047860783384777,0.021204990221883,5.25,True,True,unflipped,6.585910726472541,True,True,True,True,False,False,1.335910726472541,1.25
HIS,6.0,24.645801377476182,1.9744,1,5,1,2,1.4142,1.1954,0.9995736023736926,2QDB,A,121,4.03,787,845,720,7,0.8998412,6.5,Existing_Structures/generated_pka/2qdb_model1.pka,resname+resseq+chain,0.8881842302218831,-0.1113893721518095,-0.0116569697781169,4.03,True,True,unflipped,6.446523238796958,True,True,True,True,False,False,2.416523238796958,2.4699999999999998
HIS,6.0,25.96496539700226,3.0569,1,4,1,2,2.6131,2.7693,0.9993086473282712,2RDF,A,121,4.24,788,846,721,6,0.8067505,6.5,Existing_Structures/generated_pka/2rdf_model1.pka,resname+resseq+chain,0.8881842302218831,-0.1111244171063881,0.081433730221883,4.24,True,True,unflipped,6.779379135690341,True,True,True,True,False,False,2.539379135690341,2.26
HIS,6.0,21.868437145059605,-13.1207,1,4,1,4,1.7038,1.646,0.9804376961274206,3D6C,A,121,5.7,789,847,722,8,0.794975,6.5,Existing_Structures/generated_pka/3d6c_model1.pka,resname+resseq+chain,0.8881842302218831,-0.0922534659055375,0.0932092302218831,5.7,True,True,unflipped,6.811453349185724,True,True,True,True,False,False,1.111453349185724,0.7999999999999998
HIS,6.0,61.6334467036599,-0.8123,2,3,0,4,0.8562,0.9524,0.9790678994786604,1STN,A,124,5.73,793,851,726,6,0.8192571,6.5,Existing_Structures/generated_pka/1stn_model1.pka,resname+resseq+chain,0.8881842302218831,-0.0908836692567772,0.0689271302218831,5.73,True,True,unflipped,6.743641032372612,True,True,True,True,False,False,1.013641032372612,0.7699999999999996
HIS,6.0,61.6334467036599,-0.8123,2,3,0,4,0.8562,0.9524,0.9625523674635552,1STN,A,124,5.99,794,852,727,6,0.8192571,6.5,Existing_Structures/generated_pka/1stn_model1.pka,resname+resseq+chain,0.8881842302218831,-0.0743681372416721,0.0689271302218831,5.99,True,True,unflipped,6.743641032372612,True,True,True,True,False,False,0.7536410323726122,0.5099999999999998
HIS,6.0,56.61069147755785,-1.7925,2,3,0,4,0.8538,1.1059,0.979991148859336,1EY7,A,124,5.71,795,853,728,1,0.89249563,6.5,Existing_Structures/generated_pka/1ey7_model1.pka,resname+resseq+chain,0.8881842302218831,-0.0918069186374529,-0.0043113997781168,5.71,True,True,unflipped,6.48082002015095,True,True,True,True,False,False,0.7708200201509499,0.79
HIS,6.0,59.10862063616153,-1.5554,2,3,0,3,0.3367,0.5368,0.979991148859336,2QDB,A,124,5.71,796,854,729,7,0.9006831,6.5,Existing_Structures/generated_pka/2qdb_model1.pka,resname+resseq+chain,0.8881842302218831,-0.0918069186374529,-0.0124988697781168,5.71,True,True,unflipped,6.442451141446012,True,True,True,True,False,False,0.7324511414460124,0.79
HIS,6.0,60.03686920651901,-3.7012,2,3,1,3,0.5395,0.5858,0.9829188284532066,2RDF,A,124,5.64,797,855,730,6,0.7618897,6.5,Existing_Structures/generated_pka/2rdf_model1.pka,resname+resseq+chain,0.8881842302218831,-0.0947345982313234,0.126294530221883,5.64,True,True,unflipped,6.894886079823973,True,True,True,True,False,False,1.2548860798239732,0.8600000000000003
LYS,10.5,0.0,-8.5178,3,7,3,5,0.6952,1.2157,0.9406490568972324,3C1E,A,125,6.2,798,856,731,5,0.5621549,10.5,Existing_Structures/generated_pka/3c1e_model1.pka,resname+resseq+chain,0.0007936977781692,-0.9398553591190631,-0.5613612022218307,6.2,False,True,flipped,7.291464493279985,True,False,True,False,False,True,1.091464493279985,4.3
HIS,6.0,78.64497172478525,-3.6023,0,2,6,1,0.0014,0.0,0.9406490568972324,2TRX,A,6,6.2,828,898,756,1,0.65655404,6.5,Existing_Structures/generated_pka/2trx_model1.pka,resname+resseq+chain,0.8881842302218831,-0.0524648266753493,0.2316301902218831,6.2,True,True,unflipped,7.118587934040919,True,True,True,True,False,False,0.9185879340409189,0.2999999999999998
CYS,8.3,4.782131291755124,7.496,1,3,2,1,0.3938,1.5602,0.9198816569709808,2FD3,A,32,6.34,831,901,759,9,0.66108376,9.0,Existing_Structures/generated_pka/2fd3_model1.pka,resname+resseq+chain,0.024503367550336,-0.8953782894206448,-0.636580392449664,6.34,False,True,flipped,7.109835891083152,True,False,True,False,False,True,0.7698358910831518,2.66
CYS,8.3,3.3348563996909304,7.3396,1,3,2,1,1.0051,2.1626,0.6661394245831224,2TRX,A,32,7.1,832,902,760,1,0.981564,9.0,Existing_Structures/generated_pka/2trx_model1.pka,resname+resseq+chain,0.024503367550336,-0.6416360570327864,-0.957060632449664,7.1,False,True,flipped,5.6737480776961,True,False,True,False,False,True,-1.4262519223038996,1.9000000000000004
CYS,8.3,0.0382592575096746,-0.3295,1,3,2,1,0.625,1.783,0.0031523091832602,2TRX,A,35,9.9,833,903,761,1,0.6843603,9.0,Existing_Structures/generated_pka/2trx_model1.pka,resname+resseq+chain,0.024503367550336,0.0213510583670758,-0.659856932449664,9.9,False,False,unflipped,7.063906813922198,True,False,False,True,True,False,-2.836093186077802,-0.9000000000000004
CYS,8.3,13.798517926910876,11.6304,0,3,3,1,0.1718,0.8793,0.9264124438824266,1ERT,A,32,6.3,847,918,775,4,0.6969688,9.0,Existing_Structures/generated_pka/1ert_model1.pka,resname+resseq+chain,0.024503367550336,-0.9019090763320906,-0.6724654324496641,6.3,False,True,flipped,7.038274008410647,True,False,True,False,False,True,0.7382740084106469,2.7
HIS,6.0,47.59932251735575,-2.7558,0,4,1,2,0.0,0.0,0.9875672647455576,1ERT,A,43,5.5,848,919,776,4,0.78760153,6.5,Existing_Structures/generated_pka/1ert_model1.pka,resname+resseq+chain,0.8881842302218831,-0.0993830345236744,0.100582700221883,5.5,True,True,unflipped,6.830844832875444,True,True,True,True,False,False,1.330844832875444,1.0
CYS,8.3,13.87120240987329,17.4049,0,2,3,0,0.1955,0.9561,0.9090909090909092,2O89,A,29,6.4,872,944,798,6,0.7148852,9.0,Existing_Structures/generated_pka/2o89_model1.pka,resname+resseq+chain,0.024503367550336,-0.8845875415405732,-0.690381832449664,6.4,False,True,flipped,7.000783455526545,True,False,True,False,False,True,0.6007834555265443,2.5999999999999996
CYS,8.3,8.110866100672569,-3.2383,1,3,2,1,0.5794,0.9056,0.6661394245831224,1XOB,A,32,7.1,873,945,799,10,0.75656664,9.0,Existing_Structures/generated_pka/1xob_model1.pka,resname+resseq+chain,0.024503367550336,-0.6416360570327864,-0.732063272449664,7.1,False,True,flipped,6.907532905869758,True,False,True,False,False,True,-0.192467094130242,1.9000000000000004
CYS,8.3,12.645749212961594,6.6159,2,0,2,0,0.74,1.5567,0.993729987658566,2PPT,A,73,5.2,874,946,800,8,0.72017366,9.0,Existing_Structures/generated_pka/2ppt_model1.pka,resname+resseq+chain,0.024503367550336,-0.96922662010823,-0.695670292449664,5.2,False,True,flipped,6.989451358919576,True,False,True,False,False,True,1.7894513589195755,3.8
HIS,6.0,83.1663825913611,-4.7983,4,1,3,5,0.0,0.0,0.5629847281035959,1YPI,A,103,7.29,876,948,801,9,0.63306856,6.5,Existing_Structures/generated_pka/1ypi_model1.pka,resname+resseq+chain,0.8881842302218831,0.3251995021182872,0.2551156702218831,7.29,True,True,unflipped,7.163134179509242,True,True,True,True,False,False,-0.12686582049075845,-0.79
CYS,8.3,13.529030687754288,15.1341,2,0,1,2,1.4475,2.8548,0.6131368201531431,1O73,A,40,7.2,877,949,802,6,1.0025933,9.0,Existing_Structures/generated_pka/1o73_model1.pka,resname+resseq+chain,0.024503367550336,-0.5886334526028071,-0.978089932449664,7.2,False,True,flipped,,,False,False,False,True,True,,1.7999999999999998
TYR,10.5,42.01546112395167,4.06,2,2,0,1,0.0,0.0,0.0009990009990009,4PTI,A,10,10.4,880,953,805,5,0.021302141,10.0,Existing_Structures/generated_pka/4pti_model1.pka,resname+resseq+chain,0.0025055926672857,0.0015065916682848,-0.0187965483327142,10.4,False,False,unflipped,9.062225383280383,False,False,True,True,False,False,-1.3377746167196172,-0.40000000000000036
LYS,10.5,96.08137903407614,-0.6194,1,1,0,0,0.0,0.0,0.0006305594883398,4PTI,A,15,10.6,881,954,806,5,0.0008644528,10.5,Existing_Structures/generated_pka/4pti_model1.pka,resname+resseq+chain,0.0007936977781692,0.0001631382898294,-7.075502183075556e-05,10.6,False,False,unflipped,10.462883125218099,False,False,True,True,False,False,-0.13711687478190093,-0.09999999999999964
TYR,10.5,34.04330064530065,1.7467,1,1,1,1,0.0,0.0,0.0001994864287215,4PTI,A,21,11.1,882,955,807,5,-0.021596383,10.0,Existing_Structures/generated_pka/4pti_model1.pka,resname+resseq+chain,0.0025055926672857,0.0023061062385642,0.0241019756672857,11.1,False,False,unflipped,,,False,False,True,True,False,,-1.0999999999999996
TYR,10.5,3.8940342871577207,6.9145,2,1,2,2,1.3647,1.616,5.011621160218207e-05,4PTI,A,23,11.7,883,956,808,5,0.101225905,10.0,Existing_Structures/generated_pka/4pti_model1.pka,resname+resseq+chain,0.0025055926672857,0.0024554764556835,-0.0987203123327142,11.7,False,False,unflipped,8.348358878210512,False,False,True,True,False,False,-3.3516411217894877,-1.6999999999999993
LYS,10.5,101.50454879807128,-0.174,0,1,0,1,0.0,0.0,0.0006305594883398,4PTI,A,26,10.6,884,957,809,5,0.002486298,10.5,Existing_Structures/generated_pka/4pti_model1.pka,resname+resseq+chain,0.0007936977781692,0.0001631382898294,-0.0016926002218307,10.6,False,False,unflipped,10.003365689314109,False,False,True,True,False,False,-0.5966343106858911,-0.09999999999999964
TYR,10.5,8.21113202605146,18.8037,4,3,0,1,1.6277,1.88,0.0001994864287215,4PTI,A,35,11.1,885,958,810,5,0.1396793,10.0,Existing_Structures/generated_pka/4pti_model1.pka,resname+resseq+chain,0.0025055926672857,0.0023061062385642,-0.1371737073327142,11.1,False,False,unflipped,8.18952832258803,False,False,True,True,False,False,-2.9104716774119694,-1.0999999999999996
LYS,10.5,56.33946960426126,-1.9825,2,1,1,1,0.0,0.0,0.0003979487443048,4PTI,A,41,10.8,886,959,811,5,-0.01395809,10.5,Existing_Structures/generated_pka/4pti_model1.pka,resname+resseq+chain,0.0007936977781692,0.0003957490338644,0.0147517877781692,10.8,False,False,unflipped,,,False,False,True,True,False,,-0.3000000000000007
LYS,10.5,84.2309744125659,0.9393,2,2,1,0,0.0,0.0,0.0006305594883398,4PTI,A,46,10.6,887,960,812,5,0.011234632,10.5,Existing_Structures/generated_pka/4pti_model1.pka,resname+resseq+chain,0.0007936977781692,0.0001631382898294,-0.0104409342218307,10.6,False,False,unflipped,9.34453439533021,False,False,True,True,False,False,-1.255465604669789,-0.09999999999999964
HIS,6.0,14.205106496317429,-36.6684,1,2,3,2,2.435,2.7963,0.9985230761422984,2TGA,A,40,4.57,890,964,815,10,0.8818627,6.5,Existing_Structures/generated_pka/2tga_model1.pka,resname+resseq+chain,0.8881842302218831,-0.1103388459204153,0.006321530221883,4.57,True,True,unflipped,6.526986067227663,True,True,True,True,False,False,1.956986067227663,1.9299999999999997
HIS,6.0,25.741124266457128,-28.0924,0,2,2,0,2.3869,3.1336,0.5402082283237458,2TGA,A,57,7.33,891,965,816,10,0.7345357,6.5,Existing_Structures/generated_pka/2tga_model1.pka,resname+resseq+chain,0.8881842302218831,0.3479760018981372,0.153648530221883,7.33,True,True,unflipped,6.957993216555539,True,True,True,True,False,False,-0.37200678344446114,-0.8300000000000001
CYS,8.3,0.0,-5.0141,1,2,2,2,0.4791,0.5016,0.0003161277976296,1I7K,A,102,10.9,892,966,817,9,0.39714676,9.0,Existing_Structures/generated_pka/1i7k_model1.pka,resname+resseq+chain,0.024503367550336,0.0241872397527064,-0.372643392449664,10.9,False,False,unflipped,7.581260575503086,False,False,True,True,False,False,-3.318739424496914,-1.9000000000000004
CYS,8.3,41.5270385574979,-2.9093,2,1,4,0,0.2357,0.2874,0.0001994864287215,1JBB,A,87,11.1,903,978,828,1,0.80069137,9.0,Existing_Structures/generated_pka/1jbb_model1.pka,resname+resseq+chain,0.024503367550336,0.0243038811216145,-0.776188002449664,11.1,False,False,unflipped,6.79606095629396,True,False,False,True,True,False,-4.303939043706039,-2.0999999999999996
CYS,8.3,23.130049663163497,2.01,2,0,2,0,0.0497,0.0,0.0015823852808017,1JAS,A,88,10.2,904,979,829,6,0.6379307,9.0,Existing_Structures/generated_pka/1jas_model1.pka,resname+resseq+chain,0.024503367550336,0.0229209822695343,-0.613427332449664,10.2,False,False,unflipped,7.154018199583338,True,False,False,True,True,False,-3.0459818004166612,-1.1999999999999993
TYR,10.5,16.433729594950282,20.8722,1,3,0,4,0.2435,0.3634,0.8304449113532373,1KVR,A,149,6.71,905,980,830,1,0.5295318,10.0,Existing_Structures/generated_pka/1kvr_model1.pka,resname+resseq+chain,0.0025055926672857,-0.8279393186859515,-0.5270262073327142,6.71,False,True,flipped,7.3486382278828275,True,False,True,False,False,True,0.6386382278828275,3.29
TYR,10.5,16.59515878698094,18.2483,1,3,0,4,0.2096,0.2784,0.7761545753418307,1KVT,A,149,6.86,906,981,831,4,0.8572959,10.0,Existing_Structures/generated_pka/1kvt_model1.pka,resname+resseq+chain,0.0025055926672857,-0.773648982674545,-0.8547903073327142,6.86,False,True,flipped,6.621305704185522,True,False,True,False,False,True,-0.23869429581447843,3.1399999999999997
TYR,10.5,17.164112097674632,17.5991,2,3,0,4,0.1939,0.267,0.9294909043747704,1KVS,A,149,6.28,907,982,832,1,0.48314142,10.0,Existing_Structures/generated_pka/1kvs_model1.pka,resname+resseq+chain,0.0025055926672857,-0.9269853117074848,-0.4806358273327142,6.28,False,True,flipped,7.429297458676132,False,False,False,False,True,True,1.1492974586761315,3.7199999999999998
HIS,6.0,38.56301445569276,21.6407,1,1,2,1,3.1392,3.887,0.8835282880564395,1QH7,A,11,6.52,913,989,838,4,0.65617687,6.5,Existing_Structures/generated_pka/1qh7_model1.pka,resname+resseq+chain,0.8881842302218831,0.0046559421654436,0.232007360221883,6.52,True,True,unflipped,7.11931417201487,True,True,True,True,False,False,0.5993141720148705,-0.019999999999999574
HIS,6.0,84.9246177214738,3.2093,0,1,1,0,0.7582,1.0325,0.8399506946347537,1QH7,A,32,6.68,918,994,843,4,0.74153143,6.5,Existing_Structures/generated_pka/1qh7_model1.pka,resname+resseq+chain,0.8881842302218831,0.0482335355871293,0.1466528002218831,6.68,True,True,unflipped,6.942278176621167,True,True,True,True,False,False,0.2622781766211677,-0.17999999999999972
HIS,6.0,1.6349406334373435,-4.392,2,1,0,2,2.0737,2.5628,0.9995927856133058,1QH7,A,60,4.01,920,996,845,4,0.9084553,6.5,Existing_Structures/generated_pka/1qh7_model1.pka,resname+resseq+chain,0.8881842302218831,-0.1114085553914226,-0.0202710697781168,4.01,True,True,unflipped,6.403329642824165,True,True,True,True,False,False,2.393329642824165,2.49
