resname,ref_pka,sasa,electrostatic_potential,arg_count,lys_count,asp_count,glu_count,hbonds_weighted,hbonds_strict_flexible,label,pdb,chain,resseq,expt_pka,pkadr_rownum,pkadr_index,row_id,fold,prediction,propka_pka,propka_file,propka_merge_keys,propka_deprot_probability,propka_delta_vs_label,propka_delta_vs_prediction
CYS,8.3,2.179376038353717,29.3837,2,3,0,4,2.4859,3.3312,0.9921193161496696,1EH6,A,145,5.3,0,1,0,9,0.6392841,9.0,Existing_Structures/generated_pka/1eh6_model1.pka,resname+resseq+chain,0.02450336755033601,-0.9676159485993336,-0.614780732449664
CYS,8.3,22.62748485165837,17.4991,1,4,2,2,0.0838,0.0477,0.7761545753418307,1QLP,A,232,6.86,1,2,1,6,0.79098356,9.0,Existing_Structures/generated_pka/1qlp_model1.pka,resname+resseq+chain,0.02450336755033601,-0.7516512077914947,-0.766480192449664
HIS,6.0,6.969990109588629,-30.4368,1,2,6,1,1.1231,1.3056,0.6131368201531431,1YPH,C,40,7.2,2,3,2,2,0.6407314,6.5,Existing_Structures/generated_pka/1yph_model1.pka,resname+resseq+chain,0.8881842302218831,0.27504741006874,0.24745283022188314
HIS,6.0,1.5521089669708803,,2,1,2,0,1.8558,2.1625,0.9479085506726252,1YPH,C,57,6.14,3,4,3,2,0.88870615,6.5,Existing_Structures/generated_pka/1yph_model1.pka,resname+resseq+chain,0.8881842302218831,-0.05972432045074216,-0.0005219197781168861
ASP,3.9,0.9140810685655172,39.2779,1,4,2,0,3.6417,4.7218,0.9999765582613748,1YPH,C,102,2.77,4,5,4,2,0.8966512,3.8,Existing_Structures/generated_pka/1yph_model1.pka,resname+resseq+chain,0.9997488744367387,-0.0002276838246361157,0.10309767443673867
LYS,10.5,70.93448511081624,-2.424,3,2,1,2,0.4105,0.4105,0.0009990009990009,1GS9,A,69,10.4,5,7,5,7,-0.23558967,10.5,Existing_Structures/generated_pka/1gs9_model1.pka,resname+resseq+chain,0.0007936977781692444,-0.00020530322083165548,0.23638336777816923
LYS,10.5,72.77569269237097,-2.8803,3,2,1,2,0.0,0.0,0.0019912891707283,1LE2,A,69,10.1,6,8,6,4,0.00034889698,10.5,Existing_Structures/generated_pka/1le2_model1.pka,resname+resseq+chain,0.0007936977781692444,-0.0011975913925590554,0.0004448007981692444
LYS,10.5,64.94151877187171,-8.2973,1,3,1,4,0.8313,0.9129,0.0025055926672857,1GS9,A,72,10.0,7,9,7,7,0.042828813,10.5,Existing_Structures/generated_pka/1gs9_model1.pka,resname+resseq+chain,0.0007936977781692444,-0.0017118948891164554,-0.04203511522183075
LYS,10.5,53.93650821175461,-7.1214,3,3,2,4,0.0,0.0,0.0025055926672857,1LE2,A,72,10.0,8,10,8,4,0.025126608,10.5,Existing_Structures/generated_pka/1le2_model1.pka,resname+resseq+chain,0.0007936977781692444,-0.0017118948891164554,-0.024332910221830758
LYS,10.5,13.981204572551906,-14.0879,3,4,0,7,2.3077,3.214,0.0019912891707283,1GS9,A,75,10.1,9,11,9,7,0.06657122,10.5,Existing_Structures/generated_pka/1gs9_model1.pka,resname+resseq+chain,0.0007936977781692444,-0.0011975913925590554,-0.06577752222183075
LYS,10.5,28.143352237337748,-7.5997,3,4,0,5,0.0,0.0,0.0025055926672857,1LE2,A,75,10.0,10,12,10,4,-0.018621167,10.5,Existing_Structures/generated_pka/1le2_model1.pka,resname+resseq+chain,0.0007936977781692444,-0.0017118948891164554,0.019414864778169245
LYS,10.5,95.89410042640984,-0.2447,3,1,0,2,0.395,0.98,0.0019912891707283,1GS9,A,95,10.1,11,13,11,7,-0.0010136715,10.5,Existing_Structures/generated_pka/1gs9_model1.pka,resname+resseq+chain,0.0007936977781692444,-0.0011975913925590554,0.0018073692781692444
LYS,10.5,80.30096522944875,0.391,2,1,0,3,0.0,0.0,0.0015823852808017,1LE2,A,95,10.2,12,14,12,4,-0.018696088,10.5,Existing_Structures/generated_pka/1le2_model1.pka,resname+resseq+chain,0.0007936977781692444,-0.0007886875026324556,0.019489785778169243
LYS,10.5,81.16419533672583,1.5026,5,2,0,0,0.0053,0.0,0.0078806838503302,1GS9,A,143,9.5,13,15,13,7,0.0545665,10.5,Existing_Structures/generated_pka/1gs9_model1.pka,resname+resseq+chain,0.0007936977781692444,-0.007086986072160955,-0.05377280222183075
LYS,10.5,62.65015904540032,1.9225,6,2,0,0,0.0,0.0,0.0099009900990099,1LE2,A,143,9.4,14,16,14,4,0.05756876,10.5,Existing_Structures/generated_pka/1le2_model1.pka,resname+resseq+chain,0.0007936977781692444,-0.009107292320840656,-0.05677506222183075
LYS,10.5,79.27511322301135,1.7197,4,2,0,0,0.0,0.0,0.0156016622418296,1GS9,A,146,9.2,15,17,15,7,-0.0180567,10.5,Existing_Structures/generated_pka/1gs9_model1.pka,resname+resseq+chain,0.0007936977781692444,-0.014807964463660356,0.018850397778169242
LYS,10.5,75.82226444082427,3.3862,6,2,0,0,0.0,0.0,0.0031523091832602,1LE2,A,146,9.9,16,18,16,4,0.0482803,10.5,Existing_Structures/generated_pka/1le2_model1.pka,resname+resseq+chain,0.0007936977781692444,-0.0023586114050909556,-0.04748660222183075
LYS,10.5,86.99947960805429,-1.7856,4,2,3,1,0.0,0.0,0.0001994864287215,1GS9,A,157,11.1,17,19,17,7,0.024149504,10.5,Existing_Structures/generated_pka/1gs9_model1.pka,resname+resseq+chain,0.0007936977781692444,0.0005942113494477445,-0.023355806221830755
LYS,10.5,75.80978500243751,-2.758,1,1,3,1,0.0,0.0,0.0003161277976296,1LE2,A,157,10.9,18,20,18,4,-0.020731213,10.5,Existing_Structures/generated_pka/1le2_model1.pka,resname+resseq+chain,0.0007936977781692444,0.00047756998053964444,0.021524910778169242
GLU,4.1,56.68938550421285,7.7569,0,3,0,1,2.0715,2.6018,0.9990009990009991,1PGB,A,15,4.4,23,26,19,1,1.0022193,4.5,Existing_Structures/generated_pka/1pgb_model1.pka,resname+resseq+chain,0.9987426574886448,-0.0002583415123543764,-0.0034766425113551547
GLU,4.1,81.72423670418348,6.5521,0,3,1,2,3.0335,3.7851,0.9998005135712784,1PGB,A,19,3.7,24,27,20,1,0.9985014,4.5,Existing_Structures/generated_pka/1pgb_model1.pka,resname+resseq+chain,0.9987426574886448,-0.0010578560826336458,0.00024125748864478602
ASP,3.9,61.92335148824611,24.5296,0,3,3,2,1.5109,3.0195,0.9999683782233666,1PGB,A,22,2.9,25,28,21,1,0.98913956,3.8,Existing_Structures/generated_pka/1pgb_model1.pka,resname+resseq+chain,0.9997488744367387,-0.00021950378662793923,0.010609314436738626
GLU,4.1,47.95770021659734,9.8788,0,4,3,3,3.0041,5.4069,0.9987426574886448,1PGB,A,27,4.5,26,29,22,1,0.996988,4.5,Existing_Structures/generated_pka/1pgb_model1.pka,resname+resseq+chain,0.9987426574886448,0.0,0.001754657488644784
LYS,10.5,70.9425952514782,-3.9575,0,2,1,2,0.2466,0.2555,0.0003161277976296,1PGB,A,28,10.9,27,30,23,1,-0.0024867118,10.5,Existing_Structures/generated_pka/1pgb_model1.pka,resname+resseq+chain,0.0007936977781692444,0.00047756998053964444,0.003280409578169244
ASP,3.9,79.85858877439607,-2.6032,0,2,2,2,2.2413,3.9572,0.9997488744367388,1PGB,A,36,3.8,29,32,24,1,0.9904604,3.8,Existing_Structures/generated_pka/1pgb_model1.pka,resname+resseq+chain,0.9997488744367387,-1.1102230246251565e-16,0.009288474436738636
ASP,3.9,104.34237300087425,-4.8537,0,2,2,2,1.2094,1.4111,0.9996020512556952,1PGB,A,40,4.0,30,33,25,1,0.99481046,3.8,Existing_Structures/generated_pka/1pgb_model1.pka,resname+resseq+chain,0.9997488744367387,0.00014682318104342063,0.004938414436738703
GLU,4.1,100.85284449146155,2.6376,0,2,1,3,2.7223,3.1731,0.9990009990009991,1PGB,A,42,4.4,31,34,26,1,0.9929814,4.5,Existing_Structures/generated_pka/1pgb_model1.pka,resname+resseq+chain,0.9987426574886448,-0.0002583415123543764,0.005761257488644755
ASP,3.9,64.63247117742252,10.0385,0,2,3,1,2.8035,4.0645,0.9998415357956376,1PGB,A,46,3.6,33,36,27,1,0.9849671,3.8,Existing_Structures/generated_pka/1pgb_model1.pka,resname+resseq+chain,0.9997488744367387,-9.266135889895999e-05,0.01478177443673867
ASP,3.9,78.07667023001112,17.0843,0,2,3,1,3.1871,4.5741,0.999900009999,1PGB,A,47,3.4,34,37,28,1,1.0031229,3.8,Existing_Structures/generated_pka/1pgb_model1.pka,resname+resseq+chain,0.9997488744367387,-0.00015113556226131752,-0.0033740255632612737
GLU,4.1,13.184537411057736,13.5128,0,2,1,2,2.4044,2.627,0.9996020512556952,1PGB,A,56,4.0,35,38,29,1,0.85263443,4.5,Existing_Structures/generated_pka/1pgb_model1.pka,resname+resseq+chain,0.9987426574886448,-0.0008593937670504648,0.14610822748864472
ASP,3.9,0.0,-3.4045,1,4,4,0,5.0675,7.9721,0.6661394245831224,7XJD,A,96,7.1,37,40,30,2,0.8389672,3.8,Existing_Structures/generated_pka/7xjd_model1.pka,resname+resseq+chain,0.9997488744367387,0.3336094498536163,0.16078167443673863
ASP,3.9,87.29459023476377,14.5392,2,2,4,0,2.1664,2.4601,0.9999498837883978,1A2P,A,8,3.1,38,41,31,7,0.9977017,3.8,Existing_Structures/generated_pka/1a2p_model1.pka,resname+resseq+chain,0.9997488744367387,-0.00020100935165912048,0.00204717443673863
ASP,3.9,69.30739753546735,6.2624,1,1,2,0,3.0288,4.4471,0.9997488744367388,1A2P,A,12,3.8,39,42,32,7,0.98618746,3.8,Existing_Structures/generated_pka/1a2p_model1.pka,resname+resseq+chain,0.9997488744367387,-1.1102230246251565e-16,0.013561414436738639
HIS,6.0,59.84803690933752,-1.993,0,1,2,0,0.1089,0.0,0.3087638475852371,1A2P,A,18,7.75,40,43,33,7,0.4690799,6.5,Existing_Structures/generated_pka/1a2p_model1.pka,resname+resseq+chain,0.8881842302218831,0.579420382636646,0.4191043302218831
ASP,3.9,88.7023858441353,7.6706,1,3,3,2,3.1437,5.0935,0.9999205734856,1A2P,A,22,3.3,41,44,34,7,1.0094541,3.8,Existing_Structures/generated_pka/1a2p_model1.pka,resname+resseq+chain,0.9997488744367387,-0.00017169904886138454,-0.009705225563261255
GLU,4.1,59.64620398169572,3.9822,2,2,3,1,5.0059,7.1659,0.9997761779936488,1A2P,A,29,3.75,42,45,35,7,1.0123626,4.5,Existing_Structures/generated_pka/1a2p_model1.pka,resname+resseq+chain,0.9987426574886448,-0.0010335205050040486,-0.013619942511355121
ASP,3.9,89.62766224780053,-3.0898,0,3,1,0,2.2068,2.9996,0.9998415357956376,1A2P,A,44,3.6,43,46,36,7,0.9769071,3.8,Existing_Structures/generated_pka/1a2p_model1.pka,resname+resseq+chain,0.9997488744367387,-9.266135889895999e-05,0.022841774436738627
ASP,3.9,28.12142973781378,16.7359,3,2,2,2,2.6268,4.274,0.9999936904663655,1A2P,A,54,2.2,44,47,37,7,0.9806503,3.8,Existing_Structures/generated_pka/1a2p_model1.pka,resname+resseq+chain,0.9997488744367387,-0.0002448160296268931,0.01909857443673868
GLU,4.1,60.290820249279534,11.6598,1,1,0,1,1.7831,3.3983,0.9999601908677748,1A2P,A,60,3.0,45,48,38,7,0.9901553,4.5,Existing_Structures/generated_pka/1a2p_model1.pka,resname+resseq+chain,0.9987426574886448,-0.001217533379129998,0.008587357488644809
GLU,4.1,12.37865212033595,12.9584,3,3,3,1,3.6676,4.7104,0.9999949881527824,1A2P,A,73,2.1,46,49,39,7,0.9673551,4.5,Existing_Structures/generated_pka/1a2p_model1.pka,resname+resseq+chain,0.9987426574886448,-0.0012523306641376575,0.031387557488644746
ASP,3.9,0.994839347302774,27.6979,3,3,5,1,2.7921,3.3033,0.9999498837883978,1A2P,A,75,3.1,47,50,40,7,0.79592454,3.8,Existing_Structures/generated_pka/1a2p_model1.pka,resname+resseq+chain,0.9997488744367387,-0.00020100935165912048,0.20382433443673864
ASP,3.9,23.729696614369733,5.3827,3,1,4,1,3.076,3.5568,0.99936944051166,1A2P,A,86,4.2,48,51,41,7,0.9390626,3.8,Existing_Structures/generated_pka/1a2p_model1.pka,resname+resseq+chain,0.9997488744367387,0.0003794339250786649,0.060686274436738685
ASP,3.9,36.18043693210896,14.1615,2,2,2,2,6.5422,8.9886,0.9999960189441433,1A2P,A,101,2.0,50,53,42,7,1.0085695,3.8,Existing_Structures/generated_pka/1a2p_model1.pka,resname+resseq+chain,0.9997488744367387,-0.00024714450740459526,-0.008820625563261242
HIS,6.0,61.09564658563339,2.4191,2,1,3,1,0.2384,0.3959,0.9264124438824266,1A2P,A,102,6.3,51,54,43,7,0.56455433,6.5,Existing_Structures/generated_pka/1a2p_model1.pka,resname+resseq+chain,0.8881842302218831,-0.03822821366054352,0.3236299002218831
HIS,6.0,54.18412949012732,-1.8349,2,1,0,0,0.3921,0.3983,0.2402530733520421,2KIX,A,27,7.9,53,56,44,1,0.6836511,6.5,Existing_Structures/generated_pka/2kix_model1.pka,resname+resseq+chain,0.8881842302218831,0.6479311568698409,0.20453313022188313
GLU,4.1,29.83088371290229,-22.2351,1,2,1,3,1.278,2.5375,0.9999205734856,1BI6,H,1,3.3,54,57,45,3,0.98085576,4.5,Existing_Structures/generated_pka/1bi6_model1.pka,resname+resseq+chain,0.9987426574886448,-0.00117791599695527,0.017886897488644804
GLU,4.1,8.95091771842854,2.5652,1,1,1,2,0.4647,1.2831,0.9999205734856,1BI6,H,2,3.3,55,58,46,3,0.82781523,4.5,Existing_Structures/generated_pka/1bi6_model1.pka,resname+resseq+chain,0.9987426574886448,-0.00117791599695527,0.17092742748864476
GLU,4.1,64.74158467337516,5.2793,0,2,3,2,0.9118,1.8857,0.9996020512556952,1BI6,L,5,4.0,56,59,47,3,0.97224075,4.5,Existing_Structures/generated_pka/1bi6_model1.pka,resname+resseq+chain,0.9987426574886448,-0.0008593937670504648,0.026501907488644783
ASP,3.9,24.37301259824096,1.1776,0,4,3,2,3.3082,5.7181,0.9999601908677748,1BI6,H,9,3.0,57,60,48,3,1.0021862,3.8,Existing_Structures/generated_pka/1bi6_model1.pka,resname+resseq+chain,0.9997488744367387,-0.00021131643103611264,-0.002437325563261261
ASP,3.9,82.76941967749914,2.0697,0,3,2,1,0.9224,1.4976,0.9997488744367388,1BI6,H,13,3.8,58,61,49,3,0.97035843,3.8,Existing_Structures/generated_pka/1bi6_model1.pka,resname+resseq+chain,0.9997488744367387,-1.1102230246251565e-16,0.02939044443673866
GLU,4.1,56.07517234150485,-0.6317,0,2,2,1,1.915,3.4144,0.99936944051166,1BI6,H,24,4.2,59,62,50,3,0.9930306,4.5,Existing_Structures/generated_pka/1bi6_model1.pka,resname+resseq+chain,0.9987426574886448,-0.0006267830230152205,0.005712057488644784
ASP,3.9,21.5633458930142,4.2131,0,3,2,1,1.9316,3.7553,0.9999498837883978,1BI6,H,32,3.1,60,63,51,3,0.9932873,3.8,Existing_Structures/generated_pka/1bi6_model1.pka,resname+resseq+chain,0.9997488744367387,-0.00020100935165912048,0.006461574436738671
ASP,3.9,89.49985503199217,5.8294,1,2,1,3,1.6375,2.4265,0.9998005135712784,1BI6,H,38,3.7,61,64,52,3,1.0004759,3.8,Existing_Structures/generated_pka/1bi6_model1.pka,resname+resseq+chain,0.9997488744367387,-5.1639134539760434e-05,-0.0007270255632614298
LYS,10.5,31.21614587933952,-4.0544,0,3,0,3,0.0,0.0,0.000660257220388,4ICB,A,1,10.58,62,65,53,3,-0.027268661,10.5,Existing_Structures/generated_pka/4icb_model1.pka,resname+resseq+chain,0.0007936977781692444,0.00013344055778124445,0.028062358778169243
LYS,10.5,31.21614587933952,-4.0544,0,3,0,3,0.0,0.0,0.0006162150467435,4ICB,A,1,10.61,63,66,54,3,-0.027268661,10.5,Existing_Structures/generated_pka/4icb_model1.pka,resname+resseq+chain,0.0007936977781692444,0.00017748273142574448,0.028062358778169243
LYS,10.5,31.21614587933952,-4.0544,0,3,0,3,0.0,0.0,0.0006452376286309,4ICB,A,1,10.59,64,67,55,3,-0.027268661,10.5,Existing_Structures/generated_pka/4icb_model1.pka,resname+resseq+chain,0.0007936977781692444,0.00014846014953834438,0.028062358778169243
GLU,4.1,96.37020391863896,1.8481,0,3,0,3,3.0674,5.469,0.9997656320596758,4ICB,A,4,3.77,65,68,56,3,0.9983618,4.5,Existing_Structures/generated_pka/4icb_model1.pka,resname+resseq+chain,0.9987426574886448,-0.0010229745710310656,0.0003808574886448035
GLU,4.1,55.76310680468306,0.6728,0,3,0,4,4.2217,7.419,0.999900009999,4ICB,A,5,3.4,66,69,57,3,1.0033259,4.5,Existing_Structures/generated_pka/4icb_model1.pka,resname+resseq+chain,0.9987426574886448,-0.001157352510355203,-0.004583242511355334
LYS,10.5,46.408422890443966,-5.4352,0,2,0,5,0.0,0.0,0.0001230117433306,4ICB,A,7,11.31,67,70,58,3,-0.014167538,10.5,Existing_Structures/generated_pka/4icb_model1.pka,resname+resseq+chain,0.0007936977781692444,0.0006706860348386444,0.014961235778169244
LYS,10.5,46.408422890443966,-5.4352,0,2,0,5,0.0,0.0,0.000102318829014,4ICB,A,7,11.39,68,71,59,3,-0.014167538,10.5,Existing_Structures/generated_pka/4icb_model1.pka,resname+resseq+chain,0.0007936977781692444,0.0006913789491552444,0.014961235778169244
LYS,10.5,46.408422890443966,-5.4352,0,2,0,5,0.0,0.0,0.000109635798288,4ICB,A,7,11.36,69,72,60,3,-0.014167538,10.5,Existing_Structures/generated_pka/4icb_model1.pka,resname+resseq+chain,0.0007936977781692444,0.0006840619798812444,0.014961235778169244
GLU,4.1,63.05733503855596,-4.5194,0,3,1,8,3.0555,5.1531,0.9978170142285469,4ICB,A,11,4.74,70,73,61,3,0.9966764,4.5,Existing_Structures/generated_pka/4icb_model1.pka,resname+resseq+chain,0.9987426574886448,0.0009256432600979192,0.0020662574886447516
LYS,10.5,66.19164733559177,-3.5622,0,4,0,4,0.0,0.0,0.0002187283098547,4ICB,A,12,11.06,71,74,62,3,0.013736269,10.5,Existing_Structures/generated_pka/4icb_model1.pka,resname+resseq+chain,0.0007936977781692444,0.0005749694683145444,-0.012942571221830757
LYS,10.5,48.40177847499852,-5.7063,0,3,1,5,0.0915,0.0942,0.0019018368425677,4ICB,A,16,10.12,72,75,63,3,0.024456363,10.5,Existing_Structures/generated_pka/4icb_model1.pka,resname+resseq+chain,0.0007936977781692444,-0.0011081390643984555,-0.023662665221830755
LYS,10.5,48.40177847499852,-5.7063,0,3,1,5,0.0915,0.0942,0.0002187283098547,4ICB,A,16,11.06,73,76,64,3,0.024456363,10.5,Existing_Structures/generated_pka/4icb_model1.pka,resname+resseq+chain,0.0007936977781692444,0.0005749694683145444,-0.023662665221830755
GLU,4.1,52.96080875948541,-16.5309,0,4,1,5,1.5468,2.8109,0.9998340688469732,4ICB,A,17,3.62,74,77,65,3,0.9871625,4.5,Existing_Structures/generated_pka/4icb_model1.pka,resname+resseq+chain,0.9987426574886448,-0.0010914113583284646,0.011580157488644716
LYS,10.5,45.79060830457637,-15.2233,0,2,3,7,0.0216,0.0222,4.786071847425361e-05,4ICB,A,25,11.72,75,78,66,3,0.037915673,10.5,Existing_Structures/generated_pka/4icb_model1.pka,resname+resseq+chain,0.0007936977781692444,0.0007458370596949908,-0.03712197522183075
LYS,10.5,45.79060830457637,-15.2233,0,2,3,7,0.0216,0.0222,3.890300099706169e-05,4ICB,A,25,11.81,76,79,67,3,0.037915673,10.5,Existing_Structures/generated_pka/4icb_model1.pka,resname+resseq+chain,0.0007936977781692444,0.0007547947771721828,-0.03712197522183075
GLU,4.1,81.09441678121088,-0.6145,0,4,2,6,3.5945,5.8374,0.9995215988848472,4ICB,A,26,4.08,77,80,68,3,0.9944369,4.5,Existing_Structures/generated_pka/4icb_model1.pka,resname+resseq+chain,0.9987426574886448,-0.0007789413962023817,0.0043057574886448124
LYS,10.5,50.789768714135306,-1.1659,0,3,1,5,0.0,0.0,0.0003310215099587,4ICB,A,29,10.88,78,81,69,3,0.041303147,10.5,Existing_Structures/generated_pka/4icb_model1.pka,resname+resseq+chain,0.0007936977781692444,0.0004626762682105444,-0.04050944922183075
LYS,10.5,50.789768714135306,-1.1659,0,3,1,5,0.0,0.0,0.0001318082981379,4ICB,A,29,11.28,79,82,70,3,0.041303147,10.5,Existing_Structures/generated_pka/4icb_model1.pka,resname+resseq+chain,0.0007936977781692444,0.0006618894800313445,-0.04050944922183075
LYS,10.5,89.21757319525155,-5.2355,0,2,1,1,0.0,0.0,0.0003713972419378,4ICB,A,41,10.83,80,83,71,3,0.016175285,10.5,Existing_Structures/generated_pka/4icb_model1.pka,resname+resseq+chain,0.0007936977781692444,0.0004223005362314444,-0.015381587221830757
LYS,10.5,89.21757319525155,-5.2355,0,2,1,1,0.0,0.0,0.000295033852004,4ICB,A,41,10.93,81,84,72,3,0.016175285,10.5,Existing_Structures/generated_pka/4icb_model1.pka,resname+resseq+chain,0.0007936977781692444,0.0004986639261652444,-0.015381587221830757
ASP,3.9,76.28869265993539,8.5885,0,4,2,6,3.1247,4.3224,0.9999563503221536,4ICB,A,47,3.04,82,85,73,3,0.9828904,3.8,Existing_Structures/generated_pka/4icb_model1.pka,resname+resseq+chain,0.9997488744367387,-0.00020747588541492057,0.016858474436738602
GLU,4.1,67.01878407633635,-8.0409,0,5,2,3,5.024,6.5821,0.998343162757957,4ICB,A,48,4.62,83,86,74,3,1.0077409,4.5,Existing_Structures/generated_pka/4icb_model1.pka,resname+resseq+chain,0.9987426574886448,0.0003994947306877883,-0.00899824251135517
LYS,10.5,61.94784341355321,-8.9987,0,3,2,5,1.041,1.5771,0.0001174759532729,4ICB,A,55,11.33,84,87,75,3,0.031125553,10.5,Existing_Structures/generated_pka/4icb_model1.pka,resname+resseq+chain,0.0007936977781692444,0.0006762218248963444,-0.030331855221830756
LYS,10.5,61.94784341355321,-8.9987,0,3,2,5,1.041,1.5771,1.905424410849593e-05,4ICB,A,55,12.12,85,88,76,3,0.031125553,10.5,Existing_Structures/generated_pka/4icb_model1.pka,resname+resseq+chain,0.0007936977781692444,0.0007746435340607485,-0.030331855221830756
GLU,4.1,104.69166279140394,1.7885,0,2,2,5,3.0797,5.8406,0.9997246529665365,4ICB,A,64,3.84,86,89,77,3,0.98560613,4.5,Existing_Structures/generated_pka/4icb_model1.pka,resname+resseq+chain,0.9987426574886448,-0.000981995477891684,0.0131365274886448
LYS,10.5,80.29507750232314,-0.6448,0,2,0,1,0.0,0.0,0.0004675164674062,4ICB,A,71,10.73,87,90,78,3,0.001253482,10.5,Existing_Structures/generated_pka/4icb_model1.pka,resname+resseq+chain,0.0007936977781692444,0.0003261813107630444,-0.00045978422183075556
LYS,10.5,80.29507750232314,-0.6448,0,2,0,1,0.0,0.0,0.0004784011151527,4ICB,A,71,10.72,88,91,79,3,0.001253482,10.5,Existing_Structures/generated_pka/4icb_model1.pka,resname+resseq+chain,0.0007936977781692444,0.00031529666301654446,-0.00045978422183075556
LYS,10.5,39.574189422507374,-3.9176,0,4,2,4,0.4622,0.5115,0.0003089340734957,4ICB,A,72,10.91,89,92,80,3,-0.060335554,10.5,Existing_Structures/generated_pka/4icb_model1.pka,resname+resseq+chain,0.0007936977781692444,0.00048476370467354443,0.06112925177816925
LYS,10.5,39.574189422507374,-3.9176,0,4,2,4,0.4622,0.5115,0.0002454106503973,4ICB,A,72,11.01,90,93,81,3,-0.060335554,10.5,Existing_Structures/generated_pka/4icb_model1.pka,resname+resseq+chain,0.0007936977781692444,0.0005482871277719445,0.06112925177816925
LYS,10.5,39.574189422507374,-3.9176,0,4,2,4,0.4622,0.5115,0.0001174759532729,4ICB,A,72,11.33,91,94,82,3,-0.060335554,10.5,Existing_Structures/generated_pka/4icb_model1.pka,resname+resseq+chain,0.0007936977781692444,0.0006762218248963444,0.06112925177816925
HIS,6.0,65.99752091029517,-1.6256,1,2,3,2,0.0,0.0,0.9679482219721288,4BYA,A,34,5.92,93,96,83,4,0.8228129,6.5,Existing_Structures/generated_pka/4bya_model1.pka,resname+resseq+chain,0.8881842302218831,-0.07976399175024573,0.06537133022188313
HIS,6.0,27.12662246395068,-12.107,1,2,3,5,0.3454,0.4754,0.802909170153816,4BYA,A,71,6.79,94,97,84,4,0.78860533,6.5,Existing_Structures/generated_pka/4bya_model1.pka,resname+resseq+chain,0.8881842302218831,0.08527506006806707,0.0995789002218831
LYS,10.5,66.49786263267565,-3.9045,0,1,0,6,0.5583,0.7878,0.0020375777448726,1PRW,A,13,10.09,95,98,85,8,-0.010100859,10.5,Existing_Structures/generated_pka/1prw_model1.pka,resname+resseq+chain,0.0007936977781692444,-0.0012438799667033554,0.010894556778169244
LYS,10.5,46.77226446906888,-5.9693,1,2,3,3,1.3622,1.8697,0.0033003826208403,1PRW,A,21,9.88,96,99,86,8,0.03456407,10.5,Existing_Structures/generated_pka/1prw_model1.pka,resname+resseq+chain,0.0007936977781692444,-0.0025066848426710557,-0.033770372221830755
LYS,10.5,94.63197160655707,-0.8273,1,2,1,2,0.0,0.0,0.0036176456701732,1PRW,A,30,9.84,97,100,87,8,-0.0006915198,10.5,Existing_Structures/generated_pka/1prw_model1.pka,resname+resseq+chain,0.0007936977781692444,-0.0028239478920039553,0.0014852175781692443
LYS,10.5,25.263605029753457,-30.398,3,2,3,6,0.8331,0.9055,0.0127186475962907,1PRW,A,75,9.29,98,101,88,8,0.02412624,10.5,Existing_Structures/generated_pka/1prw_model1.pka,resname+resseq+chain,0.0007936977781692444,-0.011924949818121457,-0.023332542221830756
LYS,10.5,65.4396278289237,-3.935,1,3,2,0,1.7148,1.7803,0.0014769238577015,1PRW,A,77,10.23,99,102,89,8,0.030178554,10.5,Existing_Structures/generated_pka/1prw_model1.pka,resname+resseq+chain,0.0007936977781692444,-0.0006832260795322557,-0.029384856221830756
LYS,10.5,38.5623998486526,-15.2582,4,1,2,2,1.1543,1.1823,0.0055919673088347,1PRW,A,94,9.65,100,103,90,8,0.024471235,10.5,Existing_Structures/generated_pka/1prw_model1.pka,resname+resseq+chain,0.0007936977781692444,-0.004798269530665455,-0.023677537221830757
LYS,10.5,51.225272704496646,-9.1561,0,2,0,3,0.8287,1.3689,0.0025055926672857,1PRW,A,148,10.0,101,104,91,8,0.045934822,10.5,Existing_Structures/generated_pka/1prw_model1.pka,resname+resseq+chain,0.0007936977781692444,-0.0017118948891164554,-0.04514112422183075
HIS,6.0,13.67419869339767,-10.0812,1,7,1,0,1.2315,1.8723,0.9843983377581704,1KXI,A,4,5.6,102,105,92,4,0.89645797,6.5,Existing_Structures/generated_pka/1kxi_model1.pka,resname+resseq+chain,0.8881842302218831,-0.09621410753628734,-0.008273739778116962
GLU,4.1,115.2801950061494,4.1762,0,3,2,1,1.0131,1.3672,0.9996020512556952,1KXI,A,17,4.0,103,106,93,4,1.0085334,4.5,Existing_Structures/generated_pka/1kxi_model1.pka,resname+resseq+chain,0.9987426574886448,-0.0008593937670504648,-0.009790742511355144
ASP,3.9,75.84383451889155,15.2967,0,4,2,1,0.9953,1.9595,0.9999369082463724,1KXI,A,42,3.2,104,107,94,4,1.0056462,3.8,Existing_Structures/generated_pka/1kxi_model1.pka,resname+resseq+chain,0.9997488744367387,-0.0001880338096337253,-0.00589732556326128
ASP,3.9,53.89970017623155,15.8591,1,7,1,0,2.0913,2.8672,0.999992056780748,1KXI,A,59,2.3,105,108,95,4,0.99812055,3.8,Existing_Structures/generated_pka/1kxi_model1.pka,resname+resseq+chain,0.9997488744367387,-0.00024318234400932948,0.0016283244367386596
CYS,8.3,21.381356321611463,-7.634,2,0,2,4,0.3517,0.6905,0.9998415357956376,1THE,A,29,3.6,106,109,96,3,0.7228622,9.0,Existing_Structures/generated_pka/1the_model1.pka,resname+resseq+chain,0.02450336755033601,-0.9753381682453016,-0.698358832449664
HIS,6.0,7.781105557392117,-24.2241,2,0,2,3,1.1741,1.2772,0.7597469266479578,1THE,A,110,6.9,107,110,97,3,0.79370546,6.5,Existing_Structures/generated_pka/1the_model1.pka,resname+resseq+chain,0.8881842302218831,0.12843730357392524,0.09447877022188311
HIS,6.0,53.93586236962528,-2.1059,1,1,4,2,0.0372,0.0,0.333860575416878,1THE,A,111,7.7,108,111,98,3,0.7433427,6.5,Existing_Structures/generated_pka/1the_model1.pka,resname+resseq+chain,0.8881842302218831,0.554323654805005,0.14484153022188306
HIS,6.0,6.516245268673586,-23.3632,2,0,1,3,1.3648,1.5835,0.0593509431027676,1THE,A,199,8.6,109,112,99,3,0.91418624,6.5,Existing_Structures/generated_pka/1the_model1.pka,resname+resseq+chain,0.8881842302218831,0.8288332871191155,-0.026002009778116952
ASP,3.9,113.41587558876007,1.4078,1,2,3,1,1.4582,2.3896,0.999865121906295,1CDC,A,25,3.53,110,114,100,4,1.0128391,3.8,Existing_Structures/generated_pka/1cdc_model1.pka,resname+resseq+chain,0.9997488744367387,-0.0001162474695562965,-0.013090225563261448
ASP,3.9,88.58825779717459,2.8829,2,2,3,1,2.0197,3.0866,0.999848666780366,1CDC,A,26,3.58,111,115,101,4,1.0183146,3.8,Existing_Structures/generated_pka/1cdc_model1.pka,resname+resseq+chain,0.9997488744367387,-9.979234362733624e-05,-0.018565725563261415
ASP,3.9,16.414773978275278,11.6264,4,4,3,3,4.5485,6.3868,0.999852111035564,1CDC,A,28,3.57,112,116,102,4,1.010423,3.8,Existing_Structures/generated_pka/1cdc_model1.pka,resname+resseq+chain,0.9997488744367387,-0.00010323659882538472,-0.010674125563261416
GLU,4.1,4.441956038832971,8.2408,4,5,4,6,3.9941,4.7224,0.9989539667831926,1CDC,A,29,4.42,113,117,103,4,0.7736792,4.5,Existing_Structures/generated_pka/1cdc_model1.pka,resname+resseq+chain,0.9987426574886448,-0.00021130929454782343,0.22506345748864476
GLU,4.1,22.103570249896578,10.513,4,3,4,4,2.5925,3.5631,0.9994248910033476,1CDC,A,33,4.16,114,118,104,4,0.96182615,4.5,Existing_Structures/generated_pka/1cdc_model1.pka,resname+resseq+chain,0.9987426574886448,-0.000682233514702868,0.03691650748864472
GLU,4.1,2.6622543052371226,0.8374,4,7,3,6,2.5827,3.0086,0.8238615285055724,1CDC,A,41,6.73,115,119,105,4,0.43373024,4.5,Existing_Structures/generated_pka/1cdc_model1.pka,resname+resseq+chain,0.9987426574886448,0.1748811289830724,0.5650124174886448
GLU,4.1,46.20038896260817,9.9894,2,3,2,2,1.4431,2.1089,0.9996689784900412,1CDC,A,56,3.92,116,120,106,4,1.0060505,4.5,Existing_Structures/generated_pka/1cdc_model1.pka,resname+resseq+chain,0.9987426574886448,-0.0009263210013964462,-0.007307842511355189
ASP,3.9,5.778874414888127,-0.6036,1,4,1,4,2.8628,4.3273,0.9994379747248476,1CDC,A,62,4.15,117,121,107,4,0.8601062,3.8,Existing_Structures/generated_pka/1cdc_model1.pka,resname+resseq+chain,0.9997488744367387,0.0003108997118910217,0.1396426744367386
ASP,3.9,96.84136229013704,2.1381,3,1,3,0,1.0358,2.4021,0.9999397476719544,1CDC,A,71,3.18,118,122,108,4,0.99423474,3.8,Existing_Structures/generated_pka/1cdc_model1.pka,resname+resseq+chain,0.9997488744367387,-0.00019087323521571609,0.005514134436738649
ASP,3.9,22.062903467521704,4.8216,3,3,3,1,1.6559,3.6342,0.9994507609554468,1CDC,A,72,4.14,119,123,109,4,1.0064385,3.8,Existing_Structures/generated_pka/1cdc_model1.pka,resname+resseq+chain,0.9997488744367387,0.00029811348129182846,-0.006689625563261359
ASP,3.9,37.338779332617605,12.052,3,1,3,1,3.5796,4.1329,0.999704966147996,1CDC,A,94,3.87,120,124,110,4,1.002291,3.8,Existing_Structures/generated_pka/1cdc_model1.pka,resname+resseq+chain,0.9997488744367387,4.3908288742677826e-05,-0.002542125563261388
GLU,4.1,112.8518701162883,6.8208,2,0,0,1,0.6297,1.0228,0.9992925550482872,1CDC,A,99,4.25,121,125,111,4,1.0138476,4.5,Existing_Structures/generated_pka/1cdc_model1.pka,resname+resseq+chain,0.9987426574886448,-0.0005498975596424094,-0.015104942511355302
ASP,3.9,0.0,22.6097,1,4,3,0,4.0644,5.2837,0.9999990879899924,1EX3,A,102,1.36,122,127,112,4,0.71883416,3.8,Existing_Structures/generated_pka/1ex3_model1.pka,resname+resseq+chain,0.9997488744367387,-0.00025021355325371974,0.28091471443673866
ASP,3.9,3.750562047140802,23.4757,2,0,3,0,2.7337,3.7017,0.9999922375890892,1EX3,A,194,2.29,123,128,113,4,0.8695007,3.8,Existing_Structures/generated_pka/1ex3_model1.pka,resname+resseq+chain,0.9997488744367387,-0.00024336315235051753,0.13024817443673864
CYS,8.3,40.16935364895817,21.5591,5,1,1,2,0.3636,0.5579,0.9843983377581704,1QK1,A,278,5.6,124,129,114,7,0.6106032,9.0,Existing_Structures/generated_pka/1qk1_model1.pka,resname+resseq+chain,0.02450336755033601,-0.9598949702078344,-0.586099832449664
CYS,8.3,44.60370720392238,17.1282,4,0,2,2,0.8938,1.0101,0.9843983377581704,1I0E,A,283,5.6,125,130,115,5,0.81486154,9.0,Existing_Structures/generated_pka/1i0e_model1.pka,resname+resseq+chain,0.02450336755033601,-0.9598949702078344,-0.790358172449664
HIS,6.0,61.352664646006495,2.5023,2,3,1,0,0.1237,0.2225,0.9731959575961598,2CPL,A,70,5.84,126,131,116,1,0.73526907,6.5,Existing_Structures/generated_pka/2cpl_model1.pka,resname+resseq+chain,0.8881842302218831,-0.08501172737427676,0.15291516022188312
HIS,6.0,17.194574240704267,-15.3725,1,2,2,3,1.1806,1.3896,0.9198816569709808,2CPL,A,126,6.34,127,132,117,1,0.8107037,6.5,Existing_Structures/generated_pka/2cpl_model1.pka,resname+resseq+chain,0.8881842302218831,-0.0316974267490977,0.07748053022188306
HIS,6.0,17.23918621752755,-1.7755,1,4,0,1,0.0178,0.0579,0.9999874109043696,1HRC,A,18,2.5,128,133,118,5,0.839669,6.5,Existing_Structures/generated_pka/1hrc_model1.pka,resname+resseq+chain,0.8881842302218831,-0.11180318068248651,0.04851523022188309
HIS,6.0,19.29181423023031,-13.1721,1,4,0,2,0.5442,1.3646,0.9090909090909092,1HRC,A,33,6.4,130,135,119,5,0.57806665,6.5,Existing_Structures/generated_pka/1hrc_model1.pka,resname+resseq+chain,0.8881842302218831,-0.020906678869026085,0.31011758022188307
TYR,10.5,11.835579041138809,17.8751,2,8,0,2,0.6601,0.7218,0.0002511255632614,1HRC,A,67,11.0,131,136,120,5,0.25868702,10.0,Existing_Structures/generated_pka/1hrc_model1.pka,resname+resseq+chain,0.002505592667285737,0.0022544671040243373,-0.25618142733271426
LYS,10.5,54.9211976919084,-4.8412,0,3,1,0,0.7861,1.2062,0.024503367550336,1HRC,A,79,9.0,132,137,121,5,-0.0004043147,10.5,Existing_Structures/generated_pka/1hrc_model1.pka,resname+resseq+chain,0.0007936977781692444,-0.023709669772166757,0.0011980124781692445
CYS,8.3,15.45357990442274,-5.7162,3,2,1,3,0.64,1.2718,0.99009900990099,1P5F,A,106,5.4,133,141,122,10,0.79110956,9.0,Existing_Structures/generated_pka/1p5f_model1.pka,resname+resseq+chain,0.02450336755033601,-0.965595642350654,-0.766606192449664
CYS,8.3,15.787856657211956,21.5835,3,2,0,2,0.3139,0.32,0.9090909090909092,3CZ9,A,106,6.4,134,145,123,2,0.8544522,9.0,Existing_Structures/generated_pka/3cz9_model1.pka,resname+resseq+chain,0.02450336755033601,-0.8845875415405732,-0.829948832449664
LYS,10.5,50.93242141080956,-13.1423,0,2,0,4,0.0,0.0,0.0014769238577015,1XSN,A,265,10.23,135,149,124,6,0.02187889,10.5,Existing_Structures/generated_pka/1xsn_model1.pka,resname+resseq+chain,0.0007936977781692444,-0.0006832260795322557,-0.021085192221830758
LYS,10.5,64.79448486849516,-5.8676,2,4,1,0,0.0093,0.0,0.0021334009591299,1XSN,A,273,10.07,136,150,125,6,0.01566792,10.5,Existing_Structures/generated_pka/1xsn_model1.pka,resname+resseq+chain,0.0007936977781692444,-0.0013397031809606558,-0.014874222221830755
LYS,10.5,57.35352281166344,-3.8987,3,3,0,0,0.3728,0.6083,0.0024486980746892,1XSN,A,281,10.01,137,151,126,6,0.03376148,10.5,Existing_Structures/generated_pka/1xsn_model1.pka,resname+resseq+chain,0.0007936977781692444,-0.0016550002965199557,-0.032967782221830756
LYS,10.5,16.20434511260653,0.8445,3,4,2,3,0.3971,0.553,0.0065635694070481,1XSN,A,312,9.58,138,155,127,6,0.4727531,10.5,Existing_Structures/generated_pka/1xsn_model1.pka,resname+resseq+chain,0.0007936977781692444,-0.0057698716288788554,-0.47195940222183075
LYS,10.5,42.82172149331282,2.7164,3,5,2,2,0.8251,0.9927,0.0013471456331351,1XSN,A,324,10.27,139,156,128,6,0.04555346,10.5,Existing_Structures/generated_pka/1xsn_model1.pka,resname+resseq+chain,0.0007936977781692444,-0.0005534478549658556,-0.04475976222183075
CYS,8.3,3.22528511926256,15.3977,1,1,0,3,1.3426,2.5186,0.9998741233057576,1DSB,A,30,3.5,140,159,129,10,0.84025913,9.0,Existing_Structures/generated_pka/1dsb_model1.pka,resname+resseq+chain,0.02450336755033601,-0.9753707557554216,-0.815755762449664
CYS,8.3,3.612963491661874,13.6338,1,1,0,3,1.191,2.7411,0.9997761779936488,1FVJ,A,30,3.75,141,160,130,7,0.8899604,9.0,Existing_Structures/generated_pka/1fvj_model1.pka,resname+resseq+chain,0.02450336755033601,-0.9752728104433128,-0.865457032449664
CYS,8.3,3.0319962927108066,15.0498,1,1,0,3,1.0263,1.9068,0.9989539667831926,1AC1,A,30,4.42,142,161,131,1,0.95888036,9.0,Existing_Structures/generated_pka/1ac1_model1.pka,resname+resseq+chain,0.02450336755033601,-0.9744505992328566,-0.934376992449664
CYS,8.3,6.889980374076754,7.3692,0,1,0,2,1.1615,2.8473,0.995013121263312,1BED,A,30,5.1,143,162,132,7,0.87367797,9.0,Existing_Structures/generated_pka/1bed_model1.pka,resname+resseq+chain,0.02450336755033601,-0.970509753712976,-0.849174602449664
CYS,8.3,2.917360159741229,23.1233,1,1,1,1,2.168,5.0217,0.9991095426827856,1EEJ,A,98,4.35,144,163,133,9,1.0370488,9.0,Existing_Structures/generated_pka/1eej_model1.pka,resname+resseq+chain,0.02450336755033601,-0.9746061751324496,-1.0125454324496639
CYS,8.3,2.917360159741229,23.1233,1,1,1,1,2.168,5.0217,0.9984176147191982,1EEJ,A,98,4.6,145,164,134,9,1.0370488,9.0,Existing_Structures/generated_pka/1eej_model1.pka,resname+resseq+chain,0.02450336755033601,-0.9739142471688622,-1.0125454324496639
CYS,8.3,2.917360159741229,23.1233,1,1,1,1,2.168,5.0217,0.9994990638291864,1EEJ,A,98,4.1,146,165,135,9,1.0370488,9.0,Existing_Structures/generated_pka/1eej_model1.pka,resname+resseq+chain,0.02450336755033601,-0.9749956962788504,-1.0125454324496639
CYS,8.3,10.050333606607254,10.7853,0,2,2,2,0.4215,1.3251,0.0007936977781692,2FWF,A,461,10.5,147,166,136,8,0.67886513,9.0,Existing_Structures/generated_pka/2fwf_model1.pka,resname+resseq+chain,0.02450336755033601,0.023709669772166812,-0.654361762449664
CYS,8.3,10.050333606607254,10.7853,0,2,2,2,0.4215,1.3251,0.0124327352544423,2FWF,A,461,9.3,148,167,137,8,0.67886513,9.0,Existing_Structures/generated_pka/2fwf_model1.pka,resname+resseq+chain,0.02450336755033601,0.012070632295893712,-0.654361762449664
CYS,8.3,7.17312704975692,27.4322,0,2,1,1,2.0442,3.5341,0.9998741233057576,1V57,A,109,3.5,150,169,138,2,0.9398919,9.0,Existing_Structures/generated_pka/1v57_model1.pka,resname+resseq+chain,0.02450336755033601,-0.9753707557554216,-0.915388532449664
GLU,4.1,88.5014263168102,-4.6929,1,1,0,1,0.8089,1.0397,0.9990009990009991,8UOZ,B,25,4.4,151,170,139,5,1.0144958,4.5,Existing_Structures/generated_pka/8uoz_model1.pka,resname+resseq+chain,0.9987426574886448,-0.0002583415123543764,-0.015753142511355178
ASP,3.9,108.40747262816969,2.8093,1,0,2,0,0.6545,1.3615,0.9996838722023704,1EGF,A,11,3.9,152,172,140,2,0.9689503,3.8,Existing_Structures/generated_pka/1egf_model1.pka,resname+resseq+chain,0.9997488744367387,6.500223436822772e-05,0.030798574436738613
HIS,6.0,9.919135222467476,-14.5308,0,0,1,1,0.664,0.7299,0.7992399910868984,1EGF,A,22,6.8,153,173,141,2,0.6135615,6.5,Existing_Structures/generated_pka/1egf_model1.pka,resname+resseq+chain,0.8881842302218831,0.08894423913498473,0.2746227302218831
GLU,4.1,52.39770386526996,17.0458,0,0,1,1,1.3546,2.0886,0.9994990638291864,1EGF,A,24,4.1,154,174,142,2,0.9471341,4.5,Existing_Structures/generated_pka/1egf_model1.pka,resname+resseq+chain,0.9987426574886448,-0.0007564063405416377,0.05160855748864479
ASP,3.9,94.72102270880808,2.5226,0,0,2,1,2.0271,2.749,0.9996020512556952,1EGF,A,27,4.0,155,175,143,2,0.9867375,3.8,Existing_Structures/generated_pka/1egf_model1.pka,resname+resseq+chain,0.9997488744367387,0.00014682318104342063,0.01301137443673861
ASP,3.9,51.73052949732628,14.8599,2,0,3,0,1.7361,3.5716,0.9998415357956376,1EGF,A,40,3.6,156,176,144,2,0.95284975,3.8,Existing_Structures/generated_pka/1egf_model1.pka,resname+resseq+chain,0.9997488744367387,-9.266135889895999e-05,0.046899124436738604
ASP,3.9,74.93300425217576,3.5931,3,0,2,0,1.8348,2.6154,0.9997488744367388,1EGF,A,46,3.8,157,177,145,2,0.98417693,3.8,Existing_Structures/generated_pka/1egf_model1.pka,resname+resseq+chain,0.9997488744367387,-1.1102230246251565e-16,0.015571944436738705
HIS,6.0,7.44143930576396,20.1744,1,2,0,2,0.8217,1.1624,0.9999748817666264,3EBX,A,6,2.8,159,180,146,2,0.7941094,6.5,Existing_Structures/generated_pka/3ebx_model1.pka,resname+resseq+chain,0.8881842302218831,-0.11179065154474332,0.09407483022188312
HIS,6.0,24.4247273977585,-9.8134,1,2,0,1,0.3169,0.0,0.975496632449664,3EBX,A,26,5.8,160,181,147,2,0.6478497,6.5,Existing_Structures/generated_pka/3ebx_model1.pka,resname+resseq+chain,0.8881842302218831,-0.08731240222778092,0.2403345302218831
GLU,4.1,90.91673622934036,12.661,0,0,1,1,1.0524,1.4532,0.9875672647455576,1A91,A,2,5.5,161,182,148,10,1.0216448,4.5,Existing_Structures/generated_pka/1a91_model1.pka,resname+resseq+chain,0.9987426574886448,0.011175392743087209,-0.02290214251135525
ASP,3.9,84.60777407831165,3.4782,0,0,1,1,2.7803,4.639,0.9843983377581704,1A91,A,7,5.6,162,183,149,10,1.0124049,3.8,Existing_Structures/generated_pka/1a91_model1.pka,resname+resseq+chain,0.9997488744367387,0.015350536678568227,-0.012656025563261286
GLU,4.1,71.23548325212784,8.3251,2,1,1,1,2.0619,3.3147,0.9875672647455576,1A91,A,37,5.5,163,184,150,10,1.0019053,4.5,Existing_Structures/generated_pka/1a91_model1.pka,resname+resseq+chain,0.9987426574886448,0.011175392743087209,-0.0031626425113552292
ASP,3.9,56.5932519479293,5.8323,2,0,1,1,0.7117,1.1885,0.9843983377581704,1A91,A,44,5.6,164,185,151,10,1.0088929,3.8,Existing_Structures/generated_pka/1a91_model1.pka,resname+resseq+chain,0.9997488744367387,0.015350536678568227,-0.009144025563261327
ASP,3.9,54.12751596700419,1.0692,0,0,1,0,1.7599,3.5899,0.6661394245831224,1A91,A,61,7.1,165,186,152,10,0.98773545,3.8,Existing_Structures/generated_pka/1a91_model1.pka,resname+resseq+chain,0.9997488744367387,0.3336094498536163,0.012013424436738696
GLU,4.1,40.793961166204,-2.2092,1,1,1,2,2.2392,3.5591,0.9997488744367388,1FNA,A,38,3.8,166,187,153,2,0.973808,4.5,Existing_Structures/generated_pka/1fna_model1.pka,resname+resseq+chain,0.9987426574886448,-0.0010062169480939964,0.024934657488644763
GLU,4.1,41.04342884519173,-6.0113,1,0,0,2,1.901,2.1924,0.9996838722023704,1FNA,A,47,3.9,167,188,154,2,0.9745625,4.5,Existing_Structures/generated_pka/1fna_model1.pka,resname+resseq+chain,0.9987426574886448,-0.0009412147137256577,0.02418015748864477
ASP,3.9,45.68401605996415,5.2362,1,1,1,2,2.6996,3.3675,0.99936944051166,1FNA,A,67,4.2,168,189,155,2,0.98177737,3.8,Existing_Structures/generated_pka/1fna_model1.pka,resname+resseq+chain,0.9997488744367387,0.0003794339250786649,0.017971504436738672
ASP,3.9,72.67020036484911,0.3215,3,1,1,0,0.4837,1.0645,0.999900009999,1FNA,A,80,3.4,169,190,156,2,0.9498728,3.8,Existing_Structures/generated_pka/1fna_model1.pka,resname+resseq+chain,0.9997488744367387,-0.00015113556226131752,0.04987607443673869
HIS,6.0,70.00838622190736,-0.2501,0,0,1,0,0.0,0.0,0.8858769425858496,1FKS,A,87,6.51,171,192,157,3,0.56352806,6.5,Existing_Structures/generated_pka/1fks_model1.pka,resname+resseq+chain,0.8881842302218831,0.002307287636033495,0.3246561702218831
HIS,6.0,77.10717404177049,2.7116,0,0,1,1,0.0,0.0,0.9731959575961598,1FKS,A,94,5.84,172,193,158,3,0.70764315,6.5,Existing_Structures/generated_pka/1fks_model1.pka,resname+resseq+chain,0.8881842302218831,-0.08501172737427676,0.1805410802218831
ASP,3.9,31.342303309578323,13.5657,0,3,1,0,5.1566,6.7693,0.999987697463646,1BEO,A,21,2.49,174,196,159,7,0.9784977,3.8,Existing_Structures/generated_pka/1beo_model1.pka,resname+resseq+chain,0.9997488744367387,-0.00023882302690736434,0.02125117443673863
ASP,3.9,33.57506215248677,3.3963,0,1,1,0,4.381,5.6402,0.9999871176704396,1BEO,A,30,2.51,175,197,160,7,0.96716803,3.8,Existing_Structures/generated_pka/1beo_model1.pka,resname+resseq+chain,0.9997488744367387,-0.00023824323370091882,0.0325808444367387
LYS,10.5,79.08108491093444,-0.9593,0,2,1,0,0.4992,0.551,0.0019912891707283,1BEO,A,61,10.1,178,200,161,7,0.000129782,10.5,Existing_Structures/generated_pka/1beo_model1.pka,resname+resseq+chain,0.0007936977781692444,-0.0011975913925590554,0.0006639157781692445
ASP,3.9,46.33595144769373,2.4285,0,0,1,0,3.0615,4.4004,0.999983782162049,1BEO,A,72,2.61,179,201,162,7,0.93453944,3.8,Existing_Structures/generated_pka/1beo_model1.pka,resname+resseq+chain,0.9997488744367387,-0.00023490772531031823,0.06520943443673866
TYR,10.5,46.05217109312007,0.9334,0,1,0,0,0.2542,0.274,0.0011207609398445,1BEO,A,85,10.35,180,202,163,7,-0.0016282063,10.0,Existing_Structures/generated_pka/1beo_model1.pka,resname+resseq+chain,0.002505592667285737,0.0013848317274412372,0.004133798967285737
LYS,10.5,59.88161018071859,-1.2977,0,2,0,0,0.8948,1.0396,0.0099009900990099,1BEO,A,94,9.4,182,204,164,7,-0.039450493,10.5,Existing_Structures/generated_pka/1beo_model1.pka,resname+resseq+chain,0.0007936977781692444,-0.009107292320840656,0.04024419077816925
GLU,4.1,35.52213859174333,-6.1049,1,1,3,2,2.2958,3.6079,0.9991689274849066,7M2Z,B,441,4.32,183,206,165,9,0.91215974,4.5,Existing_Structures/generated_pka/7m2z_model1.pka,resname+resseq+chain,0.9987426574886448,-0.00042626999626182993,0.08658291748864477
ASP,3.9,77.37839395846986,11.604,2,2,4,1,2.1203,2.7908,0.9996838722023704,7M2Z,B,443,3.9,184,207,166,9,1.0093256,3.8,Existing_Structures/generated_pka/7m2z_model1.pka,resname+resseq+chain,0.9997488744367387,6.500223436822772e-05,-0.009576725563261279
ASP,3.9,61.469419758290144,2.912,1,2,6,0,3.296,4.0643,0.9994632564519816,7M2Z,B,447,4.13,185,208,167,9,0.7056877,3.8,Existing_Structures/generated_pka/7m2z_model1.pka,resname+resseq+chain,0.9997488744367387,0.00028561798475701394,0.2940611744367386
ASP,3.9,47.70497340693483,2.8839,2,3,6,0,2.3493,2.9937,0.999276088467471,7M2Z,B,448,4.26,186,209,168,9,0.7634112,3.8,Existing_Structures/generated_pka/7m2z_model1.pka,resname+resseq+chain,0.9997488744367387,0.0004727859692676972,0.2363376744367387
ASP,3.9,48.71933330493082,-6.8475,1,3,5,1,0.5343,0.958,0.9994754678181524,7M2Z,B,452,4.12,187,210,169,9,0.9473239,3.8,Existing_Structures/generated_pka/7m2z_model1.pka,resname+resseq+chain,0.9997488744367387,0.00027340661858621385,0.05242497443673866
ASP,3.9,118.1370541202862,7.0317,0,3,4,1,0.4941,0.8409,0.9994379747248476,7M2Z,B,453,4.15,188,211,170,9,0.9287707,3.8,Existing_Structures/generated_pka/7m2z_model1.pka,resname+resseq+chain,0.9997488744367387,0.0003108997118910217,0.0709781744367387
GLU,4.1,41.01105250688471,-20.1086,2,3,4,3,1.7926,3.5283,0.975496632449664,8I41,A,35,5.8,189,220,171,6,0.9668904,4.5,Existing_Structures/generated_pka/8i41_model1.pka,resname+resseq+chain,0.9987426574886448,0.023246025038980767,0.03185225748864473
GLU,4.1,24.35188322080244,-0.3458,5,2,2,3,0.2572,0.2633,0.9875672647455576,8I41,A,181,5.5,190,221,172,6,1.0076569,4.5,Existing_Structures/generated_pka/8i41_model1.pka,resname+resseq+chain,0.9987426574886448,0.011175392743087209,-0.008914242511355197
CYS,8.3,14.298663650441323,17.79,3,2,1,1,0.3937,1.6471,0.9997488744367388,1KTE,A,22,3.8,194,225,173,3,0.84352446,9.0,Existing_Structures/generated_pka/1kte_model1.pka,resname+resseq+chain,0.02450336755033601,-0.9752455068864028,-0.819021092449664
HIS,6.0,18.898790052672823,-16.4825,0,0,2,0,1.5637,1.9603,0.557311633762293,1B2V,A,32,7.3,200,231,174,3,0.70776993,6.5,Existing_Structures/generated_pka/1b2v_model1.pka,resname+resseq+chain,0.8881842302218831,0.3308725964595901,0.1804143002218831
HIS,6.0,52.29389839604449,-3.3834,0,0,0,1,0.5934,0.6788,0.9843983377581704,1B2V,A,83,5.6,201,232,175,3,0.58162224,6.5,Existing_Structures/generated_pka/1b2v_model1.pka,resname+resseq+chain,0.8881842302218831,-0.09621410753628734,0.30656199022188313
HIS,6.0,60.86714147004154,-4.4986,0,0,1,1,1.2965,1.4688,0.6661394245831224,1B2V,A,128,7.1,202,233,176,3,0.79193074,6.5,Existing_Structures/generated_pka/1b2v_model1.pka,resname+resseq+chain,0.8881842302218831,0.22204480563876072,0.09625349022188312
HIS,6.0,96.73162386905648,3.7942,0,4,1,2,0.4636,0.6794,0.8336624691834381,4HHB,B,2,6.7,204,240,177,5,0.9434111,6.5,Existing_Structures/generated_pka/4hhb_model1.pka,resname+resseq+chain,0.8881842302218831,0.05452176103844497,-0.05522686977811686
HIS,6.0,86.0568761432044,2.3978,0,2,1,2,0.0,0.0,0.8336624691834381,1HHO,B,2,6.7,205,241,178,4,0.8097999,6.5,Existing_Structures/generated_pka/1hho_model1.pka,resname+resseq+chain,0.8881842302218831,0.05452176103844497,0.07838433022188307
HIS,6.0,55.88273858828061,-12.3932,0,3,0,2,0.5921,0.6329,0.3868631798468573,4HHB,A,20,7.6,206,242,179,5,0.68347967,6.5,Existing_Structures/generated_pka/4hhb_model1.pka,resname+resseq+chain,0.8881842302218831,0.5013210503750258,0.2047045602218831
HIS,6.0,63.61803241239314,-9.225,0,4,0,2,0.0067,0.0,0.7152527510491988,1HHO,A,20,7.0,207,243,180,4,0.8542561,6.5,Existing_Structures/generated_pka/1hho_model1.pka,resname+resseq+chain,0.8881842302218831,0.17293147917268425,0.033928130221883124
HIS,6.0,85.31157691809949,-18.6442,1,2,1,3,0.0255,0.0288,0.6131368201531431,4HHB,A,50,7.2,208,244,181,5,0.88379717,6.5,Existing_Structures/generated_pka/4hhb_model1.pka,resname+resseq+chain,0.8881842302218831,0.27504741006874,0.004387060221883066
HIS,6.0,87.291571480958,-16.3098,1,2,1,3,0.1379,0.2008,0.6661394245831224,1HHO,A,50,7.1,209,245,182,4,0.85062194,6.5,Existing_Structures/generated_pka/1hho_model1.pka,resname+resseq+chain,0.8881842302218831,0.22204480563876072,0.037562290221883066
HIS,6.0,59.38840407180423,-3.3542,0,2,3,0,0.0918,0.0,0.557311633762293,4HHB,A,72,7.3,210,246,183,5,0.5208766,6.5,Existing_Structures/generated_pka/4hhb_model1.pka,resname+resseq+chain,0.8881842302218831,0.3308725964595901,0.36730763022188306
HIS,6.0,67.44444024798763,-19.4391,0,1,3,0,0.0184,0.0,0.6661394245831224,1HHO,A,72,7.1,211,247,184,4,0.6398173,6.5,Existing_Structures/generated_pka/1hho_model1.pka,resname+resseq+chain,0.8881842302218831,0.22204480563876072,0.24836693022188305
HIS,6.0,60.24446982779374,-6.7126,0,2,2,0,0.5284,0.8274,0.2847472489508016,4HHB,B,77,7.8,212,248,185,5,0.7137391,6.5,Existing_Structures/generated_pka/4hhb_model1.pka,resname+resseq+chain,0.8881842302218831,0.6034369812710815,0.17444513022188313
HIS,6.0,65.81314109695356,-5.706,0,2,2,0,0.1123,0.1251,0.2847472489508016,1HHO,B,77,7.8,213,249,186,4,0.6815932,6.5,Existing_Structures/generated_pka/1hho_model1.pka,resname+resseq+chain,0.8881842302218831,0.6034369812710815,0.20659103022188308
HIS,6.0,65.79548274160389,-1.1154,3,3,1,1,0.0,0.0,0.6131368201531431,4HHB,A,89,7.2,214,250,187,5,0.9190952,6.5,Existing_Structures/generated_pka/4hhb_model1.pka,resname+resseq+chain,0.8881842302218831,0.27504741006874,-0.030910969778116915
HIS,6.0,50.050041316939854,-4.4651,2,2,1,0,0.2141,0.2788,0.9843983377581704,1HHO,A,89,5.6,215,251,188,4,0.768033,6.5,Existing_Structures/generated_pka/1hho_model1.pka,resname+resseq+chain,0.8881842302218831,-0.09621410753628734,0.12015123022188312
HIS,6.0,31.17422587815882,-14.4963,1,2,0,5,2.2058,3.2101,0.1663375308165621,4HHB,A,112,8.1,216,252,189,5,0.78011197,6.5,Existing_Structures/generated_pka/4hhb_model1.pka,resname+resseq+chain,0.8881842302218831,0.721846699405321,0.1080722602218831
HIS,6.0,13.253752489291054,-7.4364,1,2,0,5,0.5946,0.6675,0.1663375308165621,1HHO,A,112,8.1,217,253,190,4,0.6417071,6.5,Existing_Structures/generated_pka/1hho_model1.pka,resname+resseq+chain,0.8881842302218831,0.721846699405321,0.2464771302218831
HIS,6.0,50.05900080936792,7.4294,0,2,0,1,0.0,0.0,0.9843983377581704,4HHB,B,143,5.6,218,254,191,5,0.7876802,6.5,Existing_Structures/generated_pka/4hhb_model1.pka,resname+resseq+chain,0.8881842302218831,-0.09621410753628734,0.10050403022188303
HIS,6.0,78.06740656505477,0.1669,0,4,1,2,0.3791,0.3805,0.1663375308165621,4HHB,B,146,8.1,219,255,192,5,0.9877954,6.5,Existing_Structures/generated_pka/4hhb_model1.pka,resname+resseq+chain,0.8881842302218831,0.721846699405321,-0.0996111697781169
HIS,6.0,61.75060563822448,5.4776,1,2,2,2,1.0742,1.6993,0.7152527510491988,1HHO,B,146,7.0,220,256,193,4,0.9188828,6.5,Existing_Structures/generated_pka/1hho_model1.pka,resname+resseq+chain,0.8881842302218831,0.17293147917268425,-0.030698569778116913
ASP,3.9,87.14452978875667,11.5971,0,3,1,2,1.4133,2.3726,0.9992925550482872,1HIC,A,5,4.25,221,257,194,3,0.9990864,3.8,Existing_Structures/generated_pka/1hic_model1.pka,resname+resseq+chain,0.9997488744367387,0.000456319388451476,0.0006624744367386137
GLU,4.1,60.51921588403739,5.8181,0,3,1,2,0.6434,1.2077,0.9992419974287232,1HIC,A,8,4.28,222,258,195,3,0.990829,4.5,Existing_Structures/generated_pka/1hic_model1.pka,resname+resseq+chain,0.9987426574886448,-0.0004993399400784471,0.00791365748864481
GLU,4.1,87.64518260296592,6.4722,0,2,1,2,1.9559,2.9551,0.9997545893496028,1HIC,A,17,3.79,223,259,196,3,0.99319977,4.5,Existing_Structures/generated_pka/1hic_model1.pka,resname+resseq+chain,0.9987426574886448,-0.0010119318609580485,0.005542887488644732
ASP,3.9,65.97402584748653,7.1792,0,1,1,1,1.0828,1.495,0.9993086473282712,1HIC,A,33,4.24,224,260,197,3,0.9903092,3.8,Existing_Structures/generated_pka/1hic_model1.pka,resname+resseq+chain,0.9997488744367387,0.0004402271084674725,0.009439674436738654
GLU,4.1,66.79907066474868,-3.3114,0,1,1,2,1.2285,1.5891,0.9991689274849066,1HIC,A,35,4.32,225,261,198,3,0.99176484,4.5,Existing_Structures/generated_pka/1hic_model1.pka,resname+resseq+chain,0.9987426574886448,-0.00042626999626182993,0.006977817488644789
GLU,4.1,80.9985431464681,7.9673,0,2,0,2,1.0844,1.5567,0.9993086473282712,1HIC,A,43,4.24,226,262,199,3,0.99518317,4.5,Existing_Structures/generated_pka/1hic_model1.pka,resname+resseq+chain,0.9987426574886448,-0.0005659898396264129,0.0035594874886447636
HIS,6.0,2.128027572900958,-8.2764,2,4,2,2,1.4208,1.4084,0.9693465699682844,2RVQ,D,49,5.9,227,263,200,5,0.9679075,6.5,Existing_Structures/generated_pka/2rvq_model1.pka,resname+resseq+chain,0.8881842302218831,-0.0811623397464013,-0.07972326977811695
GLU,4.1,15.512600567454058,-3.2557,0,4,0,4,3.4411,6.0525,0.9992063022218308,2RVQ,C,56,4.3,228,264,201,5,1.0001578,4.5,Existing_Structures/generated_pka/2rvq_model1.pka,resname+resseq+chain,0.9987426574886448,-0.0004636447331860527,-0.0014151425113552163
ASP,3.9,44.0365395362811,-7.4134,1,1,1,5,2.5554,3.7397,0.9921193161496696,2RVQ,C,90,5.3,229,265,202,5,0.9841224,3.8,Existing_Structures/generated_pka/2rvq_model1.pka,resname+resseq+chain,0.9997488744367387,0.007629558287069016,0.015626474436738702
GLU,4.1,44.47364677388582,-12.8053,2,2,1,5,3.5179,4.3953,0.9990009990009991,2RVQ,C,92,4.4,230,266,203,5,1.0068744,4.5,Existing_Structures/generated_pka/2rvq_model1.pka,resname+resseq+chain,0.9987426574886448,-0.0002583415123543764,-0.008131742511355289
HIS,6.0,43.22475649669386,-11.2753,1,4,0,6,0.1088,0.0,0.8881842302218831,2RVQ,D,109,6.5,231,267,204,5,0.5570283,6.5,Existing_Structures/generated_pka/2rvq_model1.pka,resname+resseq+chain,0.8881842302218831,0.0,0.33115593022188305
ASP,3.9,42.24273151675056,9.4925,2,2,4,0,1.6885,2.6274,0.9999383443014734,3FX5,A,29,3.19,232,268,205,1,1.0052443,3.8,Existing_Structures/generated_pka/3fx5_model1.pka,resname+resseq+chain,0.9997488744367387,-0.00018946986473478145,-0.005495425563261325
ASP,3.9,34.55893750992951,0.0145,3,3,5,0,3.6445,5.2543,0.9996980960015096,3FX5,A,30,3.88,233,269,206,1,0.9955197,3.8,Existing_Structures/generated_pka/3fx5_model1.pka,resname+resseq+chain,0.9997488744367387,5.077843522904857e-05,0.0042291744367386475
ASP,3.9,57.35423804962147,9.2936,2,2,2,0,3.747,4.4879,0.9999610969990028,3FX5,A,60,2.99,234,270,207,1,0.9984901,3.8,Existing_Structures/generated_pka/3fx5_model1.pka,resname+resseq+chain,0.9997488744367387,-0.0002122225622641638,0.0012587744367386078
ASP,3.9,39.64536575090115,9.076,2,2,4,0,1.2952,2.3459,0.9998222036761504,3FX5,B,129,3.65,236,272,208,1,0.94876677,3.8,Existing_Structures/generated_pka/3fx5_model1.pka,resname+resseq+chain,0.9997488744367387,-7.332923941172353e-05,0.05098210443673867
ASP,3.9,36.30687026101904,3.7611,3,2,5,0,3.0708,4.3358,0.9997601742382912,3FX5,B,130,3.78,237,273,209,1,0.9998769,3.8,Existing_Structures/generated_pka/3fx5_model1.pka,resname+resseq+chain,0.9997488744367387,-1.1299801552566713e-05,-0.00012802556326130254
ASP,3.9,53.33664658178399,10.4542,2,2,2,0,4.1735,5.3524,0.9999610969990028,3FX5,B,160,2.99,238,274,210,1,0.9991457,3.8,Existing_Structures/generated_pka/3fx5_model1.pka,resname+resseq+chain,0.9997488744367387,-0.0002122225622641638,0.0006031744367386294
CYS,8.3,0.8633360094597299,24.03,3,1,4,3,1.6592,3.0279,0.9664882894516288,4MA9,A,46,5.94,239,275,211,4,0.48683906,9.0,Existing_Structures/generated_pka/4ma9_model1.pka,resname+resseq+chain,0.02450336755033601,-0.9419849219012928,-0.462335692449664
GLU,4.1,56.01955804444141,-5.2794,0,3,0,1,2.6732,3.0629,0.9992063022218308,1IGD,A,20,4.3,240,276,212,10,0.98580784,4.5,Existing_Structures/generated_pka/1igd_model1.pka,resname+resseq+chain,0.9987426574886448,-0.0004636447331860527,0.012934817488644779
LYS,10.5,70.42195862830417,-0.2337,0,3,1,0,0.2308,0.2335,0.0005009361708135,1IGD,A,24,10.7,241,277,213,10,-0.021044452,10.5,Existing_Structures/generated_pka/1igd_model1.pka,resname+resseq+chain,0.0007936977781692444,0.00029276160735574447,0.021838149778169245
ASP,3.9,56.94688193923667,16.0448,0,4,3,2,3.3415,4.846,0.9999683782233666,1IGD,A,27,2.9,242,278,214,10,0.9899627,3.8,Existing_Structures/generated_pka/1igd_model1.pka,resname+resseq+chain,0.9997488744367387,-0.00021950378662793923,0.009786174436738682
GLU,4.1,78.20461877041349,1.7366,0,5,3,2,3.8217,6.0494,0.99936944051166,1IGD,A,29,4.2,243,279,215,10,0.97459614,4.5,Existing_Structures/generated_pka/1igd_model1.pka,resname+resseq+chain,0.9987426574886448,-0.0006267830230152205,0.024146517488644714
GLU,4.1,50.4388035042834,2.0026,0,5,3,2,3.6034,6.428,0.9984176147191982,1IGD,A,32,4.6,244,280,216,10,0.9759106,4.5,Existing_Structures/generated_pka/1igd_model1.pka,resname+resseq+chain,0.9987426574886448,0.00032504276944655963,0.022832057488644808
ASP,3.9,67.77792963151333,-1.917,0,2,2,2,3.0805,4.8745,0.9996838722023704,1IGD,A,41,3.9,245,281,217,10,0.999213,3.8,Existing_Structures/generated_pka/1igd_model1.pka,resname+resseq+chain,0.9997488744367387,6.500223436822772e-05,0.000535874436738637
ASP,3.9,109.8512951654021,-4.8061,0,2,2,1,1.1606,1.2987,0.9990009990009991,1IGD,A,45,4.4,246,282,218,10,0.99933857,3.8,Existing_Structures/generated_pka/1igd_model1.pka,resname+resseq+chain,0.9997488744367387,0.000747875435739509,0.0004103044367386177
ASP,3.9,64.32201179200375,8.7028,0,2,2,2,2.6565,4.3984,0.9998415357956376,1IGD,A,51,3.6,247,283,219,10,0.99488825,3.8,Existing_Structures/generated_pka/1igd_model1.pka,resname+resseq+chain,0.9997488744367387,-9.266135889895999e-05,0.004860624436738625
ASP,3.9,79.0339256562267,14.1865,0,2,3,2,3.4597,5.3456,0.999900009999,1IGD,A,52,3.4,248,284,220,10,0.98824084,3.8,Existing_Structures/generated_pka/1igd_model1.pka,resname+resseq+chain,0.9997488744367387,-0.00015113556226131752,0.011508034436738646
GLU,4.1,10.392711575774005,15.9775,0,2,1,1,2.9792,3.3306,0.99936944051166,1IGD,A,61,4.2,249,285,221,10,0.5179074,4.5,Existing_Structures/generated_pka/1igd_model1.pka,resname+resseq+chain,0.9987426574886448,-0.0006267830230152205,0.48083525748864475
CYS,8.3,3.467793250453004,8.6683,1,2,1,2,0.6702,1.6722,0.9987426574886448,1MEK,A,36,4.5,250,286,222,10,0.6086272,9.0,Existing_Structures/generated_pka/1mek_model1.pka,resname+resseq+chain,0.02450336755033601,-0.9742392899383088,-0.584123832449664
GLU,4.1,9.96515470469698,8.6841,1,1,2,2,3.05,4.0652,0.0007936977781692,2V8N,A,325,10.5,251,287,223,3,0.6464772,4.5,Existing_Structures/generated_pka/2v8n_model1.pka,resname+resseq+chain,0.9987426574886448,0.9979489597104756,0.3522654574886448
LYS,10.5,76.13532498839635,4.1748,1,2,1,2,0.0,0.0,0.0004166956758008,2ZTA,A,3,10.78,252,289,224,6,0.016595177,10.5,Existing_Structures/generated_pka/2zta_model1.pka,resname+resseq+chain,0.0007936977781692444,0.00037700210236844443,-0.015801479221830755
GLU,4.1,55.03122501266306,-5.6539,2,4,2,5,3.5227,4.7881,0.9984176147191982,2ZTA,A,6,4.6,253,290,225,6,1.0010374,4.5,Existing_Structures/generated_pka/2zta_model1.pka,resname+resseq+chain,0.9987426574886448,0.00032504276944655963,-0.0022947425113551967
ASP,3.9,63.10796513145831,-4.5456,1,4,1,4,3.5893,4.6944,0.9998797880091984,2ZTA,A,7,3.48,254,291,226,6,1.0099652,3.8,Existing_Structures/generated_pka/2zta_model1.pka,resname+resseq+chain,0.9997488744367387,-0.00013091357245975654,-0.010216325563261242
LYS,10.5,49.98554445979614,-6.8893,1,4,1,7,0.1779,0.3644,0.000138019374483,2ZTA,A,8,11.26,255,292,227,6,0.049494725,10.5,Existing_Structures/generated_pka/2zta_model1.pka,resname+resseq+chain,0.0007936977781692444,0.0006556784036862444,-0.048701027221830756
GLU,4.1,76.66501259583414,-2.768,0,4,1,5,2.9601,4.0093,0.9996533833343184,2ZTA,A,10,3.94,256,293,228,6,0.99548644,4.5,Existing_Structures/generated_pka/2zta_model1.pka,resname+resseq+chain,0.9987426574886448,-0.0009107258456736433,0.003256217488644797
GLU,4.1,55.96837669167037,-1.8206,0,4,1,4,3.1872,4.6159,0.9995535158449952,2ZTA,A,11,4.05,257,294,229,6,1.0020875,4.5,Existing_Structures/generated_pka/2zta_model1.pka,resname+resseq+chain,0.9987426574886448,-0.000810858356350419,-0.0033448425113552505
LYS,10.5,53.67635444321463,-2.3292,0,3,1,3,0.393,0.8049,0.000602196726664,2ZTA,A,15,10.62,258,295,230,6,-0.007895152,10.5,Existing_Structures/generated_pka/2zta_model1.pka,resname+resseq+chain,0.0007936977781692444,0.00019150105150524447,0.008688849778169245
TYR,10.5,68.13047751928853,-0.32,0,3,0,3,0.3539,0.5266,0.0037874943114472,2ZTA,A,17,9.82,259,296,231,6,0.28171426,10.0,Existing_Structures/generated_pka/2zta_model1.pka,resname+resseq+chain,0.002505592667285737,-0.0012819016441614627,-0.27920866733271427
HIS,6.0,72.39307634518765,-3.8717,1,3,0,6,0.2821,0.7748,0.9352934990460784,2ZTA,A,18,6.24,260,297,232,6,0.79685783,6.5,Existing_Structures/generated_pka/2zta_model1.pka,resname+resseq+chain,0.8881842302218831,-0.047109268824195305,0.0913264002218831
GLU,4.1,44.60090982092304,-4.0789,1,5,0,4,3.5633,5.5964,0.9990459185546852,2ZTA,A,20,4.38,261,298,233,6,1.004551,4.5,Existing_Structures/generated_pka/2zta_model1.pka,resname+resseq+chain,0.9987426574886448,-0.0003032610660403945,-0.005808342511355202
GLU,4.1,27.61296778749695,11.2126,2,5,0,4,3.2096,5.0745,0.99936944051166,2ZTA,A,22,4.2,262,299,234,6,0.9933868,4.5,Existing_Structures/generated_pka/2zta_model1.pka,resname+resseq+chain,0.9987426574886448,-0.0006267830230152205,0.005355857488644755
LYS,10.5,61.26013180561887,-7.0148,2,4,0,4,0.0471,0.1118,0.0001994864287215,2ZTA,A,27,11.1,263,300,235,6,0.041209817,10.5,Existing_Structures/generated_pka/2zta_model1.pka,resname+resseq+chain,0.0007936977781692444,0.0005942113494477445,-0.040416119221830756
LYS,10.5,83.37430882901644,-0.9301,1,2,0,1,0.0,0.0,0.0005751089966521,2ZTA,A,28,10.64,264,301,236,6,0.013133276,10.5,Existing_Structures/generated_pka/2zta_model1.pka,resname+resseq+chain,0.0007936977781692444,0.00021858878151714443,-0.012339578221830756
HIS,6.0,69.95959269410143,-4.2302,3,3,0,2,0.0,0.0,0.7801296039931588,1A93,A,29,6.85,265,303,237,8,0.8517628,6.5,Existing_Structures/generated_pka/1a93_model1.pka,resname+resseq+chain,0.8881842302218831,0.1080546262287243,0.036421430221883044
GLU,4.1,71.36161256930448,4.3062,0,3,0,4,2.2229,2.9714,0.9994507609554468,1FMH,A,1,4.14,266,304,238,9,1.007993,4.5,Existing_Structures/generated_pka/1fmh_model1.pka,resname+resseq+chain,0.9987426574886448,-0.0007081034668020569,-0.009250342511355147
GLU,4.1,64.59301007318595,5.847,0,3,0,4,2.0654,3.2743,0.9994990638291864,1U2U,A,1,4.1,267,305,239,8,0.9988802,4.5,Existing_Structures/generated_pka/1u2u_model1.pka,resname+resseq+chain,0.9987426574886448,-0.0007564063405416377,-0.00013754251135522644
GLU,4.1,75.50815998395073,4.5197,1,3,0,4,1.7806,2.5198,0.999339742779612,1FMH,B,1,4.22,268,306,240,9,1.0129839,4.5,Existing_Structures/generated_pka/1fmh_model1.pka,resname+resseq+chain,0.9987426574886448,-0.0005970852909672475,-0.014241242511355279
GLU,4.1,62.78153076131159,4.7394,1,4,0,5,3.4735,5.2514,0.9973766321685426,1FMH,A,6,4.82,269,307,241,9,0.9971316,4.5,Existing_Structures/generated_pka/1fmh_model1.pka,resname+resseq+chain,0.9987426574886448,0.0013660253201022154,0.0016110574886447626
GLU,4.1,72.87659879595127,13.5597,1,3,0,5,2.5957,3.9426,0.99684769081674,1U2U,A,6,4.9,270,308,242,8,0.9952262,4.5,Existing_Structures/generated_pka/1u2u_model1.pka,resname+resseq+chain,0.9987426574886448,0.0018949666719048075,0.0035164574886448197
GLU,4.1,41.65008077692234,8.5426,1,5,0,6,3.4546,5.6764,0.9986834787744208,1FMH,A,8,4.52,271,309,243,9,0.98798627,4.5,Existing_Structures/generated_pka/1fmh_model1.pka,resname+resseq+chain,0.9987426574886448,5.9178714224006335e-05,0.010756387488644714
GLU,4.1,40.43952101094231,4.804,1,5,0,6,3.3735,4.3482,0.9969192250721745,1U2U,A,8,4.89,272,310,244,8,0.97845185,4.5,Existing_Structures/generated_pka/1u2u_model1.pka,resname+resseq+chain,0.9987426574886448,0.0018234324164703164,0.020290807488644758
GLU,4.1,45.97872742940587,3.5736,2,4,0,5,2.8542,4.7965,0.9990676158507203,1FMH,A,13,4.37,273,311,245,9,0.98968405,4.5,Existing_Structures/generated_pka/1fmh_model1.pka,resname+resseq+chain,0.9987426574886448,-0.00032495836207557804,0.009058607488644732
GLU,4.1,59.90590637615564,2.875,2,3,0,5,2.2054,3.326,0.9989539667831926,1U2U,A,13,4.42,274,312,246,8,0.9692889,4.5,Existing_Structures/generated_pka/1u2u_model1.pka,resname+resseq+chain,0.9987426574886448,-0.00021130929454782343,0.02945375748864476
GLU,4.1,43.65921735331796,4.9413,3,4,0,6,3.4661,5.9074,0.9994874015079808,1FMH,A,15,4.11,275,313,247,9,0.98675144,4.5,Existing_Structures/generated_pka/1fmh_model1.pka,resname+resseq+chain,0.9987426574886448,-0.0007447440193359967,0.011991217488644734
GLU,4.1,45.131092656738126,3.1868,2,3,0,5,2.4051,3.469,0.9995104609464912,1U2U,A,15,4.09,276,314,248,8,0.9820923,4.5,Existing_Structures/generated_pka/1u2u_model1.pka,resname+resseq+chain,0.9987426574886448,-0.0007678034578464388,0.01665035748864474
GLU,4.1,37.31983239133723,-1.4814,2,2,0,6,3.2298,4.4749,0.9989777530658436,1FMH,A,20,4.41,277,315,249,9,0.97049826,4.5,Existing_Structures/generated_pka/1fmh_model1.pka,resname+resseq+chain,0.9987426574886448,-0.00023509557719880725,0.028244397488644823
GLU,4.1,74.09558566009278,-1.6427,2,3,0,5,1.8179,2.9948,0.9993547623713688,1U2U,A,20,4.21,278,316,250,8,0.9529919,4.5,Existing_Structures/generated_pka/1u2u_model1.pka,resname+resseq+chain,0.9987426574886448,-0.0006121048827240072,0.04575075748864477
GLU,4.1,50.406064019500754,0.5014,2,3,0,5,3.2634,4.8752,0.9973766321685426,1FMH,A,22,4.82,279,317,251,9,0.979875,4.5,Existing_Structures/generated_pka/1fmh_model1.pka,resname+resseq+chain,0.9987426574886448,0.0013660253201022154,0.018867657488644718
GLU,4.1,50.199709881899366,-1.6732,2,2,0,5,2.412,3.9434,0.9973156901095676,1U2U,A,22,4.83,280,318,252,8,0.99292386,4.5,Existing_Structures/generated_pka/1u2u_model1.pka,resname+resseq+chain,0.9987426574886448,0.0014269673790772153,0.005818797488644778
GLU,4.1,35.96242141308734,0.1976,2,2,0,4,3.2293,4.9551,0.9982248772541902,1FMH,A,27,4.65,281,319,253,9,0.987471,4.5,Existing_Structures/generated_pka/1fmh_model1.pka,resname+resseq+chain,0.9987426574886448,0.0005177802344545901,0.011271657488644782
GLU,4.1,30.000127224784933,-2.7762,2,3,0,4,1.7192,2.6012,0.9978170142285469,1U2U,A,27,4.74,282,320,254,8,0.9837957,4.5,Existing_Structures/generated_pka/1u2u_model1.pka,resname+resseq+chain,0.9987426574886448,0.0009256432600979192,0.014946957488644719
HIS,6.0,89.23831924860822,-3.1567,1,0,0,4,0.0,0.0,0.802909170153816,1U2U,A,28,6.79,283,321,255,8,0.85442126,6.5,Existing_Structures/generated_pka/1u2u_model1.pka,resname+resseq+chain,0.8881842302218831,0.08527506006806707,0.033762970221883126
GLU,4.1,72.93682813351484,-9.3592,1,2,0,4,1.7464,2.6382,0.9983046354895568,1FMH,A,29,4.63,284,322,256,9,1.0004287,4.5,Existing_Structures/generated_pka/1fmh_model1.pka,resname+resseq+chain,0.9987426574886448,0.00043802199908793416,-0.0016860425113552902
GLU,4.1,112.63062270619996,-0.6443,1,2,0,3,0.0664,0.2076,0.9983046354895568,1U2U,A,29,4.63,285,323,257,8,0.92518127,4.5,Existing_Structures/generated_pka/1u2u_model1.pka,resname+resseq+chain,0.9987426574886448,0.00043802199908793416,0.07356138748864482
HIS,6.0,88.45531145469423,-4.4702,3,1,2,0,0.0,0.0,0.6558205059123952,1LZ1,A,78,7.12,286,324,258,8,0.5988154,6.5,Existing_Structures/generated_pka/1lz1_model1.pka,resname+resseq+chain,0.8881842302218831,0.23236372430948793,0.2893688302218831
GLU,4.1,63.619160382008566,0.1141,3,1,1,3,3.8472,5.1891,0.9998005135712784,1QT8,A,5,3.7,287,325,259,10,0.99764675,4.5,Existing_Structures/generated_pka/1qt8_model1.pka,resname+resseq+chain,0.9987426574886448,-0.0010578560826336458,0.0010959074886447429
GLU,4.1,16.559278985841885,-7.4794,4,1,3,2,1.8898,2.945,0.9980087108292718,1QT8,A,11,4.7,288,326,260,10,0.95178497,4.5,Existing_Structures/generated_pka/1qt8_model1.pka,resname+resseq+chain,0.9987426574886448,0.000733946659372986,0.04695768748864482
GLU,4.1,40.85248252481736,-8.4911,3,2,1,2,1.9635,2.6822,0.9992063022218308,1QT8,A,22,4.3,289,327,261,10,1.0091248,4.5,Existing_Structures/generated_pka/1qt8_model1.pka,resname+resseq+chain,0.9987426574886448,-0.0004636447331860527,-0.010382142511355164
HIS,6.0,13.780355820115888,-21.9975,2,4,3,3,1.8299,1.9299,0.7992399910868984,1QT8,A,26,6.8,290,328,262,10,0.9889782,6.5,Existing_Structures/generated_pka/1qt8_model1.pka,resname+resseq+chain,0.8881842302218831,0.08894423913498473,-0.10079396977811694
HIS,6.0,22.82706728936345,-26.4961,1,5,4,4,0.9524,1.1105,0.0306534300317155,1QT8,A,31,8.9,291,329,263,10,0.6617344,6.5,Existing_Structures/generated_pka/1qt8_model1.pka,resname+resseq+chain,0.8881842302218831,0.8575308001901676,0.22644983022188314
GLU,4.1,43.51159308247884,1.1499,1,3,1,1,4.4459,6.2231,0.9997488744367388,1QT8,A,45,3.8,292,330,264,10,1.0163739,4.5,Existing_Structures/generated_pka/1qt8_model1.pka,resname+resseq+chain,0.9987426574886448,-0.0010062169480939964,-0.017631242511355283
ASP,3.9,30.741691949770967,4.4356,1,2,1,2,4.0691,6.8367,0.9999498837883978,1QT8,A,47,3.1,293,331,265,10,1.0144546,3.8,Existing_Structures/generated_pka/1qt8_model1.pka,resname+resseq+chain,0.9997488744367387,-0.00020100935165912048,-0.01470572556326144
ASP,3.9,99.8760407700953,2.4954,3,2,1,2,3.5741,5.1968,0.9998415357956376,1QT8,A,61,3.6,294,332,266,10,1.0091769,3.8,Existing_Structures/generated_pka/1qt8_model1.pka,resname+resseq+chain,0.9997488744367387,-9.266135889895999e-05,-0.009428025563261277
GLU,4.1,23.98861076903746,-2.4698,2,4,3,2,5.1225,7.2327,0.9999683782233666,1QT8,A,62,2.9,295,333,267,10,0.9986186,4.5,Existing_Structures/generated_pka/1qt8_model1.pka,resname+resseq+chain,0.9987426574886448,-0.0012257207347218246,0.00012405748864474653
GLU,4.1,59.81098085612258,-4.3723,2,2,3,4,3.9966,5.5313,0.9990009990009991,1QT8,A,64,4.4,296,334,268,10,1.0471061,4.5,Existing_Structures/generated_pka/1qt8_model1.pka,resname+resseq+chain,0.9987426574886448,-0.0002583415123543764,-0.04836344251135516
ASP,3.9,82.29615143354347,-1.4622,2,1,2,2,3.4723,5.0936,0.9999205734856,1QT8,A,72,3.3,297,335,269,10,0.9891584,3.8,Existing_Structures/generated_pka/1qt8_model1.pka,resname+resseq+chain,0.9997488744367387,-0.00017169904886138454,0.010590474436738662
ASP,3.9,51.93607423145373,7.9215,3,3,2,0,3.6781,6.4686,0.9996020512556952,1QT8,A,89,4.0,298,336,270,10,1.0034999,3.8,Existing_Structures/generated_pka/1qt8_model1.pka,resname+resseq+chain,0.9997488744367387,0.00014682318104342063,-0.0037510255632613454
ASP,3.9,46.21878919570315,18.3268,3,2,2,0,1.9978,2.6246,0.9999800477749496,1QT8,A,92,2.7,299,337,271,10,0.9988773,3.8,Existing_Structures/generated_pka/1qt8_model1.pka,resname+resseq+chain,0.9997488744367387,-0.00023117333821098818,0.0008715744367386868
LYS,10.5,1.6506475833310608,-23.2191,5,3,1,3,0.0,0.0,0.8881842302218831,1L54,A,102,6.5,300,338,272,5,0.6874258,10.5,Existing_Structures/generated_pka/1l54_model1.pka,resname+resseq+chain,0.0007936977781692444,-0.8873905324437138,-0.6866321022218307
GLU,4.1,24.93201042030821,-9.3988,3,1,3,4,1.9644,2.4473,0.9617134961177454,1L98,A,105,6.0,301,339,273,1,0.9895075,4.5,Existing_Structures/generated_pka/1l98_model1.pka,resname+resseq+chain,0.9987426574886448,0.0370291613708994,0.009235157488644785
GLU,4.1,40.49352398819148,16.9536,2,2,2,1,1.9609,2.777,0.99936944051166,1QT8,A,108,4.2,302,340,274,10,1.001812,4.5,Existing_Structures/generated_pka/1qt8_model1.pka,resname+resseq+chain,0.9987426574886448,-0.0006267830230152205,-0.0030693425113551553
ASP,3.9,90.5097401420302,6.3183,4,3,1,1,2.8218,4.9108,0.9998741233057576,1QT8,A,127,3.5,303,341,275,10,1.0133606,3.8,Existing_Structures/generated_pka/1qt8_model1.pka,resname+resseq+chain,0.9997488744367387,-0.00012524886901899013,-0.01361172556326129
GLU,4.1,63.3334168472723,2.2203,4,2,1,1,3.2797,5.5684,0.9990009990009991,1QT8,A,128,4.4,304,342,276,10,0.99870855,4.5,Existing_Structures/generated_pka/1qt8_model1.pka,resname+resseq+chain,0.9987426574886448,-0.0002583415123543764,3.4107488644741224e-05
ASP,3.9,64.38773826092242,16.3308,3,2,2,1,6.0007,7.1839,0.999900009999,1QT8,A,159,3.4,305,343,277,10,1.0051544,3.8,Existing_Structures/generated_pka/1qt8_model1.pka,resname+resseq+chain,0.9997488744367387,-0.00015113556226131752,-0.0054055255632612376
HIS,6.0,23.34410570931908,-24.4503,2,4,5,4,0.914,1.0377,0.0195623038725795,2LZM,A,31,9.1,306,344,278,9,0.52668893,6.5,Existing_Structures/generated_pka/2lzm_model1.pka,resname+resseq+chain,0.8881842302218831,0.8686219263493036,0.36149530022188303
ASP,3.9,27.70728349836255,1.2015,4,1,2,4,3.7776,4.4626,0.9999998741074746,2LZM,A,70,0.5,307,345,279,9,0.97472894,3.8,Existing_Structures/generated_pka/2lzm_model1.pka,resname+resseq+chain,0.9997488744367387,-0.00025099967073594076,0.025019934436738667
LYS,10.5,55.95306834228224,-1.5791,2,1,1,1,0.4677,0.4203,0.0003979487443048,4LZT,A,1,10.8,308,347,280,2,0.054907598,10.5,Existing_Structures/generated_pka/4lzt_model1.pka,resname+resseq+chain,0.0007936977781692444,0.00039574903386444443,-0.054113900221830755
LYS,10.5,55.95306834228224,-1.5791,2,1,1,1,0.4677,0.4203,0.0003161277976296,4LZT,A,1,10.9,309,348,281,2,0.054907598,10.5,Existing_Structures/generated_pka/4lzt_model1.pka,resname+resseq+chain,0.0007936977781692444,0.00047756998053964444,-0.054113900221830755
GLU,4.1,75.80808675641529,10.575,4,2,1,1,3.8567,4.9072,0.9999718169649932,4LZT,A,7,2.85,310,349,282,2,1.0103515,4.5,Existing_Structures/generated_pka/4lzt_model1.pka,resname+resseq+chain,0.9987426574886448,-0.0012291594763483848,-0.0116088425113553
LYS,10.5,47.839373016216,-9.896,3,1,1,1,0.6248,0.6655,0.0007936977781692,4LZT,A,13,10.5,311,350,283,2,0.06960786,10.5,Existing_Structures/generated_pka/4lzt_model1.pka,resname+resseq+chain,0.0007936977781692444,4.445228907190568e-17,-0.06881416222183075
LYS,10.5,47.839373016216,-9.896,3,1,1,1,0.6248,0.6655,0.0005009361708135,4LZT,A,13,10.7,312,351,284,2,0.06960786,10.5,Existing_Structures/generated_pka/4lzt_model1.pka,resname+resseq+chain,0.0007936977781692444,0.00029276160735574447,-0.06881416222183075
HIS,6.0,29.772973126832348,-3.0495,1,3,2,1,1.8257,2.6922,0.9875672647455576,4LZT,A,15,5.5,313,352,285,2,0.7398545,6.5,Existing_Structures/generated_pka/4lzt_model1.pka,resname+resseq+chain,0.8881842302218831,-0.09938303452367447,0.14832973022188312
HIS,6.0,29.772973126832348,-3.0495,1,3,2,1,1.8257,2.6922,0.9909623162617603,4LZT,A,15,5.36,314,353,286,2,0.7398545,6.5,Existing_Structures/generated_pka/4lzt_model1.pka,resname+resseq+chain,0.8881842302218831,-0.10277808603987726,0.14832973022188312
ASP,3.9,57.80618926260007,12.2623,2,2,1,0,3.0324,4.1758,0.9999818033225388,4LZT,A,18,2.66,315,354,287,2,1.0033308,3.8,Existing_Structures/generated_pka/4lzt_model1.pka,resname+resseq+chain,0.9997488744367387,-0.00023292888580017657,-0.0035819255632614233
TYR,10.5,24.89164894766421,8.2237,1,2,2,0,4.2349,5.0409,0.0006305594883398,4LZT,A,20,10.6,316,355,288,2,0.09938729,10.0,Existing_Structures/generated_pka/4lzt_model1.pka,resname+resseq+chain,0.002505592667285737,0.0018750331789459372,-0.09688169733271426
TYR,10.5,26.96196580912622,13.5722,2,3,1,0,1.8713,2.1904,0.0015823852808017,4LZT,A,23,10.2,317,356,289,2,0.06609982,10.0,Existing_Structures/generated_pka/4lzt_model1.pka,resname+resseq+chain,0.002505592667285737,0.0009232073864840372,-0.06359422733271426
LYS,10.5,36.67774439379004,7.4666,2,1,0,2,0.1383,0.1431,0.0006305594883398,4LZT,A,33,10.6,318,357,290,2,-0.025802808,10.5,Existing_Structures/generated_pka/4lzt_model1.pka,resname+resseq+chain,0.0007936977781692444,0.00016313828982944447,0.026596505778169244
LYS,10.5,36.67774439379004,7.4666,2,1,0,2,0.1383,0.1431,0.0006305594883398,4LZT,A,33,10.6,319,358,291,2,-0.025802808,10.5,Existing_Structures/generated_pka/4lzt_model1.pka,resname+resseq+chain,0.0007936977781692444,0.00016313828982944447,0.026596505778169244
LYS,10.5,36.67774439379004,7.4666,2,1,0,2,0.1383,0.1431,0.0005009361708135,4LZT,A,33,10.7,320,359,292,2,-0.025802808,10.5,Existing_Structures/generated_pka/4lzt_model1.pka,resname+resseq+chain,0.0007936977781692444,0.00029276160735574447,0.026596505778169244
GLU,4.1,11.050339412284892,1.4759,2,1,1,1,2.2603,3.8791,0.9406490568972324,4LZT,A,35,6.2,321,360,293,2,0.8712737,4.5,Existing_Structures/generated_pka/4lzt_model1.pka,resname+resseq+chain,0.9987426574886448,0.05809360059141233,0.12746895748864473
ASP,3.9,58.05209381382623,15.2236,3,0,3,0,3.0869,4.9779,0.9999984151093194,4LZT,A,48,1.6,322,361,294,2,0.985461,3.8,Existing_Structures/generated_pka/4lzt_model1.pka,resname+resseq+chain,0.9997488744367387,-0.0002495406725807614,0.014287874436738623
ASP,3.9,22.94622933962825,5.8039,3,0,3,1,2.9238,3.739,0.9998094902290922,4LZT,A,52,3.68,323,362,295,2,0.90781873,3.8,Existing_Structures/generated_pka/4lzt_model1.pka,resname+resseq+chain,0.9997488744367387,-6.061579235350223e-05,0.09193014443673864
TYR,10.5,7.365068124137028,-13.4044,3,0,3,0,3.8249,5.0259,5.011621160218207e-05,4LZT,A,53,11.7,324,363,296,2,0.14142628,10.0,Existing_Structures/generated_pka/4lzt_model1.pka,resname+resseq+chain,0.002505592667285737,0.002455476455683555,-0.13892068733271426
ASP,3.9,6.3746431924189215,17.8707,4,0,2,0,5.6004,7.9752,0.999999683772334,4LZT,A,66,0.9,325,364,297,2,0.91854715,3.8,Existing_Structures/generated_pka/4lzt_model1.pka,resname+resseq+chain,0.9997488744367387,-0.0002508093355952923,0.08120172443673868
ASP,3.9,75.78562705702,15.3396,1,1,1,1,3.2381,5.23,0.9999953226704646,4LZT,A,87,2.07,326,365,298,2,0.99625033,3.8,Existing_Structures/generated_pka/4lzt_model1.pka,resname+resseq+chain,0.9997488744367387,-0.0002464482337259932,0.003498544436738693
LYS,10.5,32.22507109840626,-9.6492,2,3,2,0,0.5936,0.5782,0.0003979487443048,4LZT,A,96,10.8,327,366,299,2,-0.017172294,10.5,Existing_Structures/generated_pka/4lzt_model1.pka,resname+resseq+chain,0.0007936977781692444,0.00039574903386444443,0.017965991778169245
LYS,10.5,32.22507109840626,-9.6492,2,3,2,0,0.5936,0.5782,0.0003161277976296,4LZT,A,96,10.9,328,367,300,2,-0.017172294,10.5,Existing_Structures/generated_pka/4lzt_model1.pka,resname+resseq+chain,0.0007936977781692444,0.00047756998053964444,0.017965991778169245
LYS,10.5,54.58149171489084,-1.7145,2,2,1,0,0.0,0.0,0.0012573425113552,4LZT,A,97,10.3,329,368,301,2,-0.00018835539,10.5,Existing_Structures/generated_pka/4lzt_model1.pka,resname+resseq+chain,0.0007936977781692444,-0.00046364473318595556,0.0009820531681692445
LYS,10.5,54.58149171489084,-1.7145,2,2,1,0,0.0,0.0,0.0012573425113552,4LZT,A,97,10.3,330,369,302,2,-0.00018835539,10.5,Existing_Structures/generated_pka/4lzt_model1.pka,resname+resseq+chain,0.0007936977781692444,-0.00046364473318595556,0.0009820531681692445
LYS,10.5,54.58149171489084,-1.7145,2,2,1,0,0.0,0.0,0.0007936977781692,4LZT,A,97,10.5,331,370,303,2,-0.00018835539,10.5,Existing_Structures/generated_pka/4lzt_model1.pka,resname+resseq+chain,0.0007936977781692444,4.445228907190568e-17,0.0009820531681692445
ASP,3.9,43.2972741070062,2.644,2,2,1,0,2.2346,3.6241,0.99009900990099,4LZT,A,101,5.4,332,371,304,2,1.0096025,3.8,Existing_Structures/generated_pka/4lzt_model1.pka,resname+resseq+chain,0.9997488744367387,0.009649864535748676,-0.009853625563261303
ASP,3.9,43.2972741070062,2.644,2,2,1,0,2.2346,3.6241,0.9995104609464912,4LZT,A,101,4.09,333,372,305,2,1.0096025,3.8,Existing_Structures/generated_pka/4lzt_model1.pka,resname+resseq+chain,0.9997488744367387,0.00023841349024744662,-0.009853625563261303
LYS,10.5,60.16409474520438,2.1221,2,1,0,0,0.0,0.0,0.0009990009990009,4LZT,A,116,10.4,334,373,306,2,-0.01231487,10.5,Existing_Structures/generated_pka/4lzt_model1.pka,resname+resseq+chain,0.0007936977781692444,-0.00020530322083165548,0.013108567778169244
LYS,10.5,60.16409474520438,2.1221,2,1,0,0,0.0,0.0,0.0009990009990009,4LZT,A,116,10.4,335,374,307,2,-0.01231487,10.5,Existing_Structures/generated_pka/4lzt_model1.pka,resname+resseq+chain,0.0007936977781692444,-0.00020530322083165548,0.013108567778169244
LYS,10.5,60.16409474520438,2.1221,2,1,0,0,0.0,0.0,0.0006305594883398,4LZT,A,116,10.6,336,375,308,2,-0.01231487,10.5,Existing_Structures/generated_pka/4lzt_model1.pka,resname+resseq+chain,0.0007936977781692444,0.00016313828982944447,0.013108567778169244
ASP,3.9,70.34193977255501,7.862,3,1,1,0,3.2299,4.2353,0.9999369082463724,4LZT,A,119,3.2,337,376,309,2,1.0012767,3.8,Existing_Structures/generated_pka/4lzt_model1.pka,resname+resseq+chain,0.9997488744367387,-0.0001880338096337253,-0.0015278255632613646
GLU,4.1,55.00733754027968,8.3142,4,2,0,1,4.0715,5.2608,0.9999809457558916,135L,A,7,2.68,338,378,310,9,0.99978155,4.5,Existing_Structures/generated_pka/135l_model1.pka,resname+resseq+chain,0.9987426574886448,-0.001238288267246812,-0.0010388925113552494
ASP,3.9,36.41057425337216,15.2974,2,2,1,0,3.5939,5.5682,0.9999809457558916,135L,A,18,2.68,339,379,311,9,1.0020694,3.8,Existing_Structures/generated_pka/135l_model1.pka,resname+resseq+chain,0.9997488744367387,-0.00023207131915292667,-0.002320525563261455
GLU,4.1,15.5395076281809,-1.1181,2,1,1,1,2.4057,3.9797,0.956289152264316,135L,A,35,6.06,340,380,312,9,1.0228955,4.5,Existing_Structures/generated_pka/135l_model1.pka,resname+resseq+chain,0.9987426574886448,0.04245350522432878,-0.024152842511355188
ASP,3.9,27.32946798567176,2.5924,3,0,3,1,3.1104,3.3578,0.9997601742382912,135L,A,52,3.78,342,382,313,9,0.9687398,3.8,Existing_Structures/generated_pka/135l_model1.pka,resname+resseq+chain,0.9997488744367387,-1.1299801552566713e-05,0.031009074436738615
ASP,3.9,79.76853238886386,6.184,1,1,1,1,4.1557,5.368,0.9999946297108764,135L,A,87,2.13,344,384,314,9,1.0058756,3.8,Existing_Structures/generated_pka/135l_model1.pka,resname+resseq+chain,0.9997488744367387,-0.0002457552741377267,-0.006126725563261326
ASP,3.9,71.50692295700377,8.3094,3,1,1,0,2.5195,3.591,0.9999108828487612,135L,A,119,3.35,345,385,315,9,0.98763144,3.8,Existing_Structures/generated_pka/135l_model1.pka,resname+resseq+chain,0.9997488744367387,-0.00016200841202251848,0.012117434436738628
HIS,6.0,32.78661002801479,0.9917,4,2,2,2,1.0639,1.0839,0.994010494478932,6GST,A,83,5.18,346,386,316,6,0.6406883,6.5,Existing_Structures/generated_pka/6gst_model1.pka,resname+resseq+chain,0.8881842302218831,-0.10582626425704889,0.2474959302218831
HIS,6.0,95.14839093653704,-0.2802,4,2,0,3,0.0,0.0,0.676301669492737,6GST,A,84,7.08,347,387,317,6,0.69590926,6.5,Existing_Structures/generated_pka/6gst_model1.pka,resname+resseq+chain,0.8881842302218831,0.21188256072914613,0.1922749702218831
HIS,6.0,38.67551530560876,-11.6332,2,2,4,2,0.5576,0.6346,0.2990226013898924,6GST,A,167,7.77,348,388,318,6,0.25591356,6.5,Existing_Structures/generated_pka/6gst_model1.pka,resname+resseq+chain,0.8881842302218831,0.5891616288319907,0.6322706702218831
LYS,10.5,70.55646784628375,-2.211,1,3,0,4,0.0,0.0,0.0909090909090909,1MUT,A,39,8.4,349,389,319,4,0.0068642367,10.5,Existing_Structures/generated_pka/1mut_model1.pka,resname+resseq+chain,0.0007936977781692444,-0.09011539313092165,-0.006070538921830755
HIS,6.0,51.7439502347657,-4.2595,0,1,2,3,0.9777,0.9683,0.8904506387229247,1A6K,A,12,6.49,350,390,320,6,0.6429164,6.5,Existing_Structures/generated_pka/1a6k_model1.pka,resname+resseq+chain,0.8881842302218831,-0.00226640850104165,0.24526783022188303
HIS,6.0,51.7439502347657,-4.2595,0,1,2,3,0.9777,0.9683,0.9090909090909092,1A6K,A,12,6.4,351,391,321,6,0.6429164,6.5,Existing_Structures/generated_pka/1a6k_model1.pka,resname+resseq+chain,0.8881842302218831,-0.020906678869026085,0.24526783022188303
HIS,6.0,51.7439502347657,-4.2595,0,1,2,3,0.9777,0.9683,0.9090909090909092,1A6K,A,12,6.4,352,392,322,6,0.6429164,6.5,Existing_Structures/generated_pka/1a6k_model1.pka,resname+resseq+chain,0.8881842302218831,-0.020906678869026085,0.24526783022188303
HIS,6.0,76.22808768468438,1.2013,0,2,2,3,0.6801,1.3222,0.9264124438824266,1MBC,A,12,6.3,353,393,323,6,0.6950195,6.5,Existing_Structures/generated_pka/1mbc_model1.pka,resname+resseq+chain,0.8881842302218831,-0.03822821366054352,0.19316473022188307
HIS,6.0,0.726048374768216,-16.3967,1,2,3,1,2.3217,3.1981,0.9406490568972324,1MBC,A,24,6.2,357,397,324,6,0.8182449,6.5,Existing_Structures/generated_pka/1mbc_model1.pka,resname+resseq+chain,0.8881842302218831,-0.05246482667534935,0.06993933022188303
HIS,6.0,28.07975752952789,-10.0777,1,3,0,4,0.6806,1.4624,0.2082511624918155,1A6K,A,36,7.98,358,398,325,6,0.7382111,6.5,Existing_Structures/generated_pka/1a6k_model1.pka,resname+resseq+chain,0.8881842302218831,0.6799330677300676,0.14997313022188308
HIS,6.0,28.07975752952789,-10.0777,1,3,0,4,0.6806,1.4624,0.1423366814461432,1A6K,A,36,8.18,359,399,326,6,0.7382111,6.5,Existing_Structures/generated_pka/1a6k_model1.pka,resname+resseq+chain,0.8881842302218831,0.7458475487757399,0.14997313022188308
HIS,6.0,28.07975752952789,-10.0777,1,3,0,4,0.6806,1.4624,0.1368068886032102,1A6K,A,36,8.2,360,400,327,6,0.7382111,6.5,Existing_Structures/generated_pka/1a6k_model1.pka,resname+resseq+chain,0.8881842302218831,0.7513773416186729,0.14997313022188308
HIS,6.0,31.90658873091318,-8.7353,1,3,0,4,0.5158,1.5796,0.2007600089131019,1MBC,A,36,8.0,361,401,328,6,0.59556705,6.5,Existing_Structures/generated_pka/1mbc_model1.pka,resname+resseq+chain,0.8881842302218831,0.6874242213087812,0.2926171802218831
HIS,6.0,30.798231007332976,-10.9393,1,2,0,4,0.5542,0.5644,0.1368068886032102,1BVC,A,36,8.2,362,402,329,8,0.52436775,6.5,Existing_Structures/generated_pka/1bvc_model1.pka,resname+resseq+chain,0.8881842302218831,0.7513773416186729,0.36381648022188307
HIS,6.0,71.67325227591179,-0.1729,1,5,2,4,0.9567,1.3434,0.9860713716585464,1A6K,A,48,5.55,363,403,330,6,0.8404295,6.5,Existing_Structures/generated_pka/1a6k_model1.pka,resname+resseq+chain,0.8881842302218831,-0.09788714143666333,0.047754730221883035
HIS,6.0,71.67325227591179,-0.1729,1,5,2,4,0.9567,1.3434,0.9875672647455576,1A6K,A,48,5.5,364,404,331,6,0.8404295,6.5,Existing_Structures/generated_pka/1a6k_model1.pka,resname+resseq+chain,0.8881842302218831,-0.09938303452367447,0.047754730221883035
HIS,6.0,71.67325227591179,-0.1729,1,5,2,4,0.9567,1.3434,0.9875672647455576,1A6K,A,48,5.5,365,405,332,6,0.8404295,6.5,Existing_Structures/generated_pka/1a6k_model1.pka,resname+resseq+chain,0.8881842302218831,-0.09938303452367447,0.047754730221883035
HIS,6.0,71.09148556664583,2.0269,1,5,2,3,0.487,1.5474,0.9921193161496696,1MBC,A,48,5.3,366,406,333,6,0.84660095,6.5,Existing_Structures/generated_pka/1mbc_model1.pka,resname+resseq+chain,0.8881842302218831,-0.10393508592778655,0.04158328022188307
HIS,6.0,93.2786218598781,1.6726,1,3,2,2,0.0,0.0,0.993729987658566,1BVC,A,48,5.2,367,407,334,8,0.846311,6.5,Existing_Structures/generated_pka/1bvc_model1.pka,resname+resseq+chain,0.8881842302218831,-0.10554575743668293,0.04187323022188305
HIS,6.0,87.10212766346699,-2.4465,0,3,1,3,0.7596,0.9758,0.7680520031675842,1A6K,A,81,6.88,369,409,335,6,0.7406599,6.5,Existing_Structures/generated_pka/1a6k_model1.pka,resname+resseq+chain,0.8881842302218831,0.12013222705429893,0.14752433022188305
HIS,6.0,87.10212766346699,-2.4465,0,3,1,3,0.7596,0.9758,0.8336624691834381,1A6K,A,81,6.7,370,410,336,6,0.7406599,6.5,Existing_Structures/generated_pka/1a6k_model1.pka,resname+resseq+chain,0.8881842302218831,0.05452176103844497,0.14752433022188305
HIS,6.0,87.10212766346699,-2.4465,0,3,1,3,0.7596,0.9758,0.8336624691834381,1A6K,A,81,6.7,371,411,337,6,0.7406599,6.5,Existing_Structures/generated_pka/1a6k_model1.pka,resname+resseq+chain,0.8881842302218831,0.05452176103844497,0.14752433022188305
HIS,6.0,87.80435517636293,-6.7814,0,3,1,3,0.052,0.1056,0.8631931113967901,1MBC,A,81,6.6,372,412,338,6,0.8320494,6.5,Existing_Structures/generated_pka/1mbc_model1.pka,resname+resseq+chain,0.8881842302218831,0.024991118825092973,0.056134830221883036
HIS,6.0,49.83093925241047,4.6894,1,5,1,1,0.9725,1.0157,0.9843983377581704,1MBC,A,97,5.6,376,416,339,6,0.86450714,6.5,Existing_Structures/generated_pka/1mbc_model1.pka,resname+resseq+chain,0.8881842302218831,-0.09621410753628734,0.023677090221883135
HIS,6.0,46.42615233483857,-1.8467,2,2,1,3,0.0715,0.0403,0.9872813524037092,1A6K,A,113,5.51,378,418,340,6,0.67765135,6.5,Existing_Structures/generated_pka/1a6k_model1.pka,resname+resseq+chain,0.8881842302218831,-0.09909712218182609,0.2105328802218831
HIS,6.0,46.42615233483857,-1.8467,2,2,1,3,0.0715,0.0403,0.99009900990099,1A6K,A,113,5.4,380,420,341,6,0.67765135,6.5,Existing_Structures/generated_pka/1a6k_model1.pka,resname+resseq+chain,0.8881842302218831,-0.10191477967910689,0.2105328802218831
HIS,6.0,52.61780627147831,0.2321,2,2,1,3,0.8929,1.2999,0.99009900990099,1MBC,A,113,5.4,381,421,342,6,0.75629383,6.5,Existing_Structures/generated_pka/1mbc_model1.pka,resname+resseq+chain,0.8881842302218831,-0.10191477967910689,0.13189040022188314
HIS,6.0,63.02790726704112,-6.3854,2,0,2,1,0.5718,0.4681,0.8336624691834381,1A6K,A,116,6.7,383,423,343,6,0.8650551,6.5,Existing_Structures/generated_pka/1a6k_model1.pka,resname+resseq+chain,0.8881842302218831,0.05452176103844497,0.02312913022188312
HIS,6.0,63.02790726704112,-6.3854,2,0,2,1,0.5718,0.4681,0.8631931113967901,1A6K,A,116,6.6,384,424,344,6,0.8650551,6.5,Existing_Structures/generated_pka/1a6k_model1.pka,resname+resseq+chain,0.8881842302218831,0.024991118825092973,0.02312913022188312
HIS,6.0,63.02790726704112,-6.3854,2,0,2,1,0.5718,0.4681,0.8631931113967901,1A6K,A,116,6.6,385,425,345,6,0.8650551,6.5,Existing_Structures/generated_pka/1a6k_model1.pka,resname+resseq+chain,0.8881842302218831,0.024991118825092973,0.02312913022188312
HIS,6.0,68.46996486439554,-6.0326,1,1,2,1,0.8615,1.1728,0.8881842302218831,1MBC,A,116,6.5,386,426,346,6,0.83332866,6.5,Existing_Structures/generated_pka/1mbc_model1.pka,resname+resseq+chain,0.8881842302218831,0.0,0.05485557022188303
HIS,6.0,58.877651007298496,-6.1538,2,1,2,1,1.3576,1.4937,0.8631931113967901,1BVC,A,116,6.6,387,427,347,8,0.8338403,6.5,Existing_Structures/generated_pka/1bvc_model1.pka,resname+resseq+chain,0.8881842302218831,0.024991118825092973,0.05434393022188311
HIS,6.0,15.89718761457141,-2.1675,1,1,3,1,1.1197,1.6377,0.932449971003424,1A6K,A,119,6.26,388,428,348,6,0.79387337,6.5,Existing_Structures/generated_pka/1a6k_model1.pka,resname+resseq+chain,0.8881842302218831,-0.044265740781540885,0.09431086022188306
HIS,6.0,15.89718761457141,-2.1675,1,1,3,1,1.1197,1.6377,0.9522732789657962,1A6K,A,119,6.1,389,429,349,6,0.79387337,6.5,Existing_Structures/generated_pka/1a6k_model1.pka,resname+resseq+chain,0.8881842302218831,-0.06408904874391308,0.09431086022188306
HIS,6.0,15.89718761457141,-2.1675,1,1,3,1,1.1197,1.6377,0.9522732789657962,1A6K,A,119,6.1,390,430,350,6,0.79387337,6.5,Existing_Structures/generated_pka/1a6k_model1.pka,resname+resseq+chain,0.8881842302218831,-0.06408904874391308,0.09431086022188306
HIS,6.0,16.46806294097182,-2.6004,1,1,3,1,0.8423,0.7036,0.9843983377581704,1BVC,A,119,5.6,391,431,351,8,0.9346821,6.5,Existing_Structures/generated_pka/1bvc_model1.pka,resname+resseq+chain,0.8881842302218831,-0.09621410753628734,-0.046497869778116874
HIS,6.0,13.211176472635607,3.7394,1,1,3,1,1.7675,2.1508,0.9522732789657962,1MBC,A,119,6.1,392,432,352,6,0.6157047,6.5,Existing_Structures/generated_pka/1mbc_model1.pka,resname+resseq+chain,0.8881842302218831,-0.06408904874391308,0.2724795302218831
TYR,10.5,29.7523299283306,9.4264,0,6,0,3,1.585,2.0531,0.0006305594883398,1A6K,A,151,10.6,394,434,353,6,0.21509996,10.0,Existing_Structures/generated_pka/1a6k_model1.pka,resname+resseq+chain,0.002505592667285737,0.0018750331789459372,-0.21259436733271428
HIS,6.0,34.918577184276614,-11.5415,1,2,1,3,0.4205,0.9444,0.2847472489508016,1YMB,A,36,7.8,398,438,354,5,0.73798186,6.5,Existing_Structures/generated_pka/1ymb_model1.pka,resname+resseq+chain,0.8881842302218831,0.6034369812710815,0.1502023702218831
HIS,6.0,34.918577184276614,-11.5415,1,2,1,3,0.4205,0.9444,0.3087638475852371,1YMB,A,36,7.75,399,439,355,5,0.73798186,6.5,Existing_Structures/generated_pka/1ymb_model1.pka,resname+resseq+chain,0.8881842302218831,0.579420382636646,0.1502023702218831
HIS,6.0,34.918577184276614,-11.5415,1,2,1,3,0.4205,0.9444,0.2663662975861928,1YMB,A,36,7.84,400,440,356,5,0.73798186,6.5,Existing_Structures/generated_pka/1ymb_model1.pka,resname+resseq+chain,0.8881842302218831,0.6218179326356903,0.1502023702218831
HIS,6.0,34.918577184276614,-11.5415,1,2,1,3,0.4205,0.9444,0.2847472489508016,1YMB,A,36,7.8,401,441,357,5,0.73798186,6.5,Existing_Structures/generated_pka/1ymb_model1.pka,resname+resseq+chain,0.8881842302218831,0.6034369812710815,0.1502023702218831
HIS,6.0,67.15887004446384,6.6073,0,6,2,4,0.0552,0.3316,0.9836750575334462,1YMB,A,48,5.62,402,442,358,5,0.8626045,6.5,Existing_Structures/generated_pka/1ymb_model1.pka,resname+resseq+chain,0.8881842302218831,-0.09549082731156311,0.02557973022188309
HIS,6.0,67.15887004446384,6.6073,0,6,2,4,0.0552,0.3316,0.9875672647455576,1YMB,A,48,5.5,403,443,359,5,0.8626045,6.5,Existing_Structures/generated_pka/1ymb_model1.pka,resname+resseq+chain,0.8881842302218831,-0.09938303452367447,0.02557973022188309
HIS,6.0,67.15887004446384,6.6073,0,6,2,4,0.0552,0.3316,0.9875672647455576,1YMB,A,48,5.5,404,444,360,5,0.8626045,6.5,Existing_Structures/generated_pka/1ymb_model1.pka,resname+resseq+chain,0.8881842302218831,-0.09938303452367447,0.02557973022188309
HIS,6.0,67.15887004446384,6.6073,0,6,2,4,0.0552,0.3316,0.9921193161496696,1YMB,A,48,5.3,405,445,361,5,0.8626045,6.5,Existing_Structures/generated_pka/1ymb_model1.pka,resname+resseq+chain,0.8881842302218831,-0.10393508592778655,0.02557973022188309
HIS,6.0,92.55399821301503,-1.8973,0,3,2,2,0.0,0.0,0.7425355589430698,1YMB,A,81,6.94,406,446,362,5,0.8459022,6.5,Existing_Structures/generated_pka/1ymb_model1.pka,resname+resseq+chain,0.8881842302218831,0.1456486712788133,0.04228203022188304
HIS,6.0,92.55399821301503,-1.8973,0,3,2,2,0.0,0.0,0.7761545753418307,1YMB,A,81,6.86,407,447,363,5,0.8459022,6.5,Existing_Structures/generated_pka/1ymb_model1.pka,resname+resseq+chain,0.8881842302218831,0.11202965488005234,0.04228203022188304
HIS,6.0,92.55399821301503,-1.8973,0,3,2,2,0.0,0.0,0.8336624691834381,1YMB,A,81,6.7,408,448,364,5,0.8459022,6.5,Existing_Structures/generated_pka/1ymb_model1.pka,resname+resseq+chain,0.8881842302218831,0.05452176103844497,0.04228203022188304
HIS,6.0,54.08668472988114,4.8281,1,1,1,3,0.4832,0.4864,0.971333904197582,1YMB,A,113,5.87,411,451,365,5,0.77268326,6.5,Existing_Structures/generated_pka/1ymb_model1.pka,resname+resseq+chain,0.8881842302218831,-0.08314967397569895,0.1155009702218831
HIS,6.0,54.08668472988114,4.8281,1,1,1,3,0.4832,0.4864,0.9776043775428296,1YMB,A,113,5.76,412,452,366,5,0.77268326,6.5,Existing_Structures/generated_pka/1ymb_model1.pka,resname+resseq+chain,0.8881842302218831,-0.0894201473209465,0.1155009702218831
HIS,6.0,54.08668472988114,4.8281,1,1,1,3,0.4832,0.4864,0.99009900990099,1YMB,A,113,5.4,413,453,367,5,0.77268326,6.5,Existing_Structures/generated_pka/1ymb_model1.pka,resname+resseq+chain,0.8881842302218831,-0.10191477967910689,0.1155009702218831
HIS,6.0,45.14482022925399,1.0773,1,2,3,0,0.663,0.7613,0.802909170153816,1YMB,A,116,6.79,415,455,368,5,0.6833937,6.5,Existing_Structures/generated_pka/1ymb_model1.pka,resname+resseq+chain,0.8881842302218831,0.08527506006806707,0.2047905302218831
HIS,6.0,45.14482022925399,1.0773,1,2,3,0,0.663,0.7613,0.8271780169631398,1YMB,A,116,6.72,416,456,369,5,0.6833937,6.5,Existing_Structures/generated_pka/1ymb_model1.pka,resname+resseq+chain,0.8881842302218831,0.061006213258743336,0.2047905302218831
HIS,6.0,45.14482022925399,1.0773,1,2,3,0,0.663,0.7613,0.8336624691834381,1YMB,A,116,6.7,417,457,370,5,0.6833937,6.5,Existing_Structures/generated_pka/1ymb_model1.pka,resname+resseq+chain,0.8881842302218831,0.05452176103844497,0.2047905302218831
HIS,6.0,45.14482022925399,1.0773,1,2,3,0,0.663,0.7613,0.7992399910868984,1YMB,A,116,6.8,418,458,371,5,0.6833937,6.5,Existing_Structures/generated_pka/1ymb_model1.pka,resname+resseq+chain,0.8881842302218831,0.08894423913498473,0.2047905302218831
HIS,6.0,17.51759385515221,8.827,0,2,2,2,0.7714,0.786,0.8737104209450817,1YMB,A,119,6.56,419,459,372,5,0.91376895,6.5,Existing_Structures/generated_pka/1ymb_model1.pka,resname+resseq+chain,0.8881842302218831,0.01447380927680142,-0.025584719778116938
HIS,6.0,17.51759385515221,8.827,0,2,2,2,0.7714,0.786,0.8858769425858496,1YMB,A,119,6.51,420,460,373,5,0.91376895,6.5,Existing_Structures/generated_pka/1ymb_model1.pka,resname+resseq+chain,0.8881842302218831,0.002307287636033495,-0.025584719778116938
HIS,6.0,17.51759385515221,8.827,0,2,2,2,0.7714,0.786,0.9109760314653454,1YMB,A,119,6.39,421,461,374,5,0.91376895,6.5,Existing_Structures/generated_pka/1ymb_model1.pka,resname+resseq+chain,0.8881842302218831,-0.022791801243462362,-0.025584719778116938
HIS,6.0,17.51759385515221,8.827,0,2,2,2,0.7714,0.786,0.9406490568972324,1YMB,A,119,6.2,422,462,375,5,0.91376895,6.5,Existing_Structures/generated_pka/1ymb_model1.pka,resname+resseq+chain,0.8881842302218831,-0.05246482667534935,-0.025584719778116938
TYR,10.5,80.86181885504193,1.3598,1,0,0,0,0.0,0.0,0.0049868787366879,1ANS,A,7,9.7,424,465,376,7,0.09062243,10.0,Existing_Structures/generated_pka/1ans_model1.pka,resname+resseq+chain,0.002505592667285737,-0.002481286069402163,-0.08811683733271426
TYR,10.5,18.82022997439672,-7.1833,1,1,0,1,0.0,0.0,0.0019912891707283,1ANS,A,18,10.1,425,466,377,7,0.1350902,10.0,Existing_Structures/generated_pka/1ans_model1.pka,resname+resseq+chain,0.002505592667285737,0.0005143034965574373,-0.13258460733271427
GLU,4.1,94.75816128180124,1.0149,0,1,0,1,0.0675,0.2187,0.99009900990099,1ANS,A,20,5.4,426,467,378,7,0.8759361,4.5,Existing_Structures/generated_pka/1ans_model1.pka,resname+resseq+chain,0.9987426574886448,0.00864364758765479,0.12280655748864477
LYS,10.5,42.02485825214693,-7.1171,1,2,0,0,0.0199,0.092,0.0003713972419378,3FT7,B,12,10.83,427,473,379,6,-0.011165658,10.5,Existing_Structures/generated_pka/3ft7_model1.pka,resname+resseq+chain,0.0007936977781692444,0.0004223005362314444,0.011959355778169244
TYR,10.5,51.36706333428464,5.5511,1,2,0,0,0.0,0.0,0.0178717953722617,3FT7,B,16,9.14,428,474,380,6,0.00903619,10.0,Existing_Structures/generated_pka/3ft7_model1.pka,resname+resseq+chain,0.002505592667285737,-0.015366202704975962,-0.006530597332714262
GLU,4.1,72.25501045904646,14.2653,2,2,3,2,1.2484,2.4628,0.9994754678181524,3FT7,B,20,4.12,429,475,381,6,0.9995142,4.5,Existing_Structures/generated_pka/3ft7_model1.pka,resname+resseq+chain,0.9987426574886448,-0.0007328103295076716,-0.0007715425113552499
HIS,6.0,17.24558398548635,-21.145,1,2,1,2,0.4247,0.4246,0.9975513019253108,3FT7,B,22,4.79,430,476,382,6,0.5949849,6.5,Existing_Structures/generated_pka/3ft7_model1.pka,resname+resseq+chain,0.8881842302218831,-0.10936707170342774,0.29319933022188305
ASP,3.9,65.15161332381984,1.8956,1,2,1,2,3.5044,5.2751,0.999989767174789,3FT7,B,23,2.41,431,477,383,6,1.0014397,3.8,Existing_Structures/generated_pka/3ft7_model1.pka,resname+resseq+chain,0.9997488744367387,-0.00024089273805039113,-0.0016908255632612779
GLU,4.1,84.28842243880338,-3.486,1,2,3,3,3.0012,4.5716,0.999848666780366,3FT7,B,27,3.58,432,478,384,6,0.9923117,4.5,Existing_Structures/generated_pka/3ft7_model1.pka,resname+resseq+chain,0.9987426574886448,-0.0011060092917212216,0.006430957488644751
LYS,10.5,91.881882994208,-0.903,1,2,2,2,0.0,0.0,0.0001659311530268,3FT7,B,30,11.18,433,479,385,6,0.0052941134,10.5,Existing_Structures/generated_pka/3ft7_model1.pka,resname+resseq+chain,0.0007936977781692444,0.0006277666251424444,-0.004500415621830755
GLU,4.1,90.02362025593685,-1.7092,1,2,2,2,2.0034,2.7762,0.9984535785044,3FT7,B,31,4.59,434,480,386,6,0.9979049,4.5,Existing_Structures/generated_pka/3ft7_model1.pka,resname+resseq+chain,0.9987426574886448,0.00028907898424479495,0.0008377574886447858
LYS,10.5,46.02472566297843,-2.3768,1,2,3,3,0.647,0.7297,0.0009323841492796,3FT7,B,32,10.43,435,481,387,6,0.04382432,10.5,Existing_Structures/generated_pka/3ft7_model1.pka,resname+resseq+chain,0.0007936977781692444,-0.00013868637111035561,-0.04303062222183075
ASP,3.9,29.077841152181072,12.665,2,3,1,3,4.4324,6.4872,0.9999748817666264,3FT7,B,38,2.8,436,482,388,6,1.0086341,3.8,Existing_Structures/generated_pka/3ft7_model1.pka,resname+resseq+chain,0.9997488744367387,-0.0002260073298877563,-0.008885225563261434
LYS,10.5,46.82708922255899,-6.9031,2,1,2,2,0.1846,0.6975,3.6306487268132894e-05,3FT7,B,45,11.84,438,484,389,6,-0.0627028,10.5,Existing_Structures/generated_pka/3ft7_model1.pka,resname+resseq+chain,0.0007936977781692444,0.0007573912909011115,0.06349649777816925
GLU,4.1,49.3446535127902,-4.8873,2,2,4,2,2.9474,5.2075,0.9999855458112192,3FT7,B,46,2.56,439,485,390,6,0.9760045,4.5,Existing_Structures/generated_pka/3ft7_model1.pka,resname+resseq+chain,0.9987426574886448,-0.0012428883225744647,0.022738157488644717
ASP,3.9,47.75570966621272,-8.8589,2,1,2,3,2.6992,4.1863,0.9999855458112192,3FT7,B,49,2.56,440,486,391,6,0.9850405,3.8,Existing_Structures/generated_pka/3ft7_model1.pka,resname+resseq+chain,0.9997488744367387,-0.0002366713744805793,0.01470837443673867
HIS,6.0,27.95395702242793,-8.4358,1,3,4,5,0.0419,0.0191,0.7425355589430698,3FT7,B,51,6.94,441,487,392,6,0.44222575,6.5,Existing_Structures/generated_pka/3ft7_model1.pka,resname+resseq+chain,0.8881842302218831,0.1456486712788133,0.4459584802218831
ASP,3.9,69.04115857575779,1.9192,1,1,2,4,0.9777,1.3309,0.9999698013947792,3FT7,B,52,2.88,442,488,393,6,0.98086846,,Existing_Structures/generated_pka/3ft7_model1.pka,resname+resseq+chain,,,
ASP,3.9,77.61060485342706,13.879,0,2,1,1,3.1833,4.2078,0.9999813794753638,1PPF,I,7,2.67,443,492,394,9,1.0028205,3.8,Existing_Structures/generated_pka/1ppf_model1.pka,resname+resseq+chain,0.9997488744367387,-0.0002325050386251526,-0.0030716255632612377
GLU,4.1,81.68188507623178,3.2217,0,2,1,1,1.3834,2.1448,0.9994507609554468,1PPF,I,10,4.14,444,493,395,9,0.99981177,4.5,Existing_Structures/generated_pka/1ppf_model1.pka,resname+resseq+chain,0.9987426574886448,-0.0007081034668020569,-0.0010691125113552191
TYR,10.5,6.610720549725338,14.7796,1,2,1,2,0.2354,0.7966,0.0017347861159992,1PPF,I,11,10.16,445,494,396,9,0.27277017,10.0,Existing_Structures/generated_pka/1ppf_model1.pka,resname+resseq+chain,0.002505592667285737,0.0007708065512865372,-0.27026457733271425
LYS,10.5,40.143054613235954,-4.6435,0,2,2,2,0.0009,0.0,0.003376998798311,1PPF,I,13,9.87,446,495,397,9,-0.013431923,10.5,Existing_Structures/generated_pka/1ppf_model1.pka,resname+resseq+chain,0.0007936977781692444,-0.002583301020141756,0.014225620778169244
GLU,4.1,25.64002199495798,25.0182,1,1,2,1,2.757,4.4944,0.9999354387455212,1PPF,I,19,3.21,447,496,398,9,0.9585674,4.5,Existing_Structures/generated_pka/1ppf_model1.pka,resname+resseq+chain,0.9987426574886448,-0.0011927812568763851,0.04017525748864481
TYR,10.5,12.278713321557948,10.1019,4,3,1,1,1.4573,1.4373,0.0002137505099015,1PPF,I,20,11.07,448,497,399,9,0.041364472,10.0,Existing_Structures/generated_pka/1ppf_model1.pka,resname+resseq+chain,0.002505592667285737,0.0022918421573842373,-0.038858879332714265
ASP,3.9,36.37088389752627,11.1264,0,2,1,1,2.872,4.0577,0.999992056780748,1PPF,I,27,2.3,449,498,400,9,1.0007443,3.8,Existing_Structures/generated_pka/1ppf_model1.pka,resname+resseq+chain,0.9997488744367387,-0.00024318234400932948,-0.0009954255632613762
LYS,10.5,63.20098905150802,-0.5304,2,1,1,1,0.0001,0.0,0.0001905097709078,1PPF,I,29,11.12,450,499,401,9,-0.0069458224,10.5,Existing_Structures/generated_pka/1ppf_model1.pka,resname+resseq+chain,0.0007936977781692444,0.0006031880072614444,0.007739520178169245
LYS,10.5,48.1971541250145,-9.0583,1,2,1,2,1.3192,1.4857,0.0018586262127003,1PPF,I,34,10.13,452,501,402,9,0.0035095334,10.5,Existing_Structures/generated_pka/1ppf_model1.pka,resname+resseq+chain,0.0007936977781692444,-0.0010649284345310556,-0.002715835621830756
GLU,4.1,91.8861057668931,4.8612,0,2,1,1,2.4848,4.0707,0.9974361942128144,1PPF,I,43,4.81,453,502,403,9,0.9847884,4.5,Existing_Structures/generated_pka/1ppf_model1.pka,resname+resseq+chain,0.9987426574886448,0.001306463275830394,0.013954257488644761
HIS,6.0,48.847886915633325,-5.8863,1,2,1,0,0.1135,0.4264,0.4426883662377074,1PPF,I,52,7.5,454,503,404,9,0.8338338,6.5,Existing_Structures/generated_pka/1ppf_model1.pka,resname+resseq+chain,0.8881842302218831,0.4454958639841757,0.05435043022188313
LYS,10.5,75.50474781875438,0.9009,3,2,0,0,0.9131,1.1166,0.0001994864287215,1PPF,I,55,11.1,455,504,405,9,0.021647194,10.5,Existing_Structures/generated_pka/1ppf_model1.pka,resname+resseq+chain,0.0007936977781692444,0.0005942113494477445,-0.020853496221830758
ASP,3.9,104.09637887852352,8.9005,2,1,1,1,3.0356,4.3506,0.9999601908677748,1BPI,A,3,3.0,456,506,406,1,0.9997831,3.8,Existing_Structures/generated_pka/1bpi_model1.pka,resname+resseq+chain,0.9997488744367387,-0.00021131643103611264,-3.422556326138082e-05
GLU,4.1,31.227489687056547,-0.5942,2,2,1,1,1.8585,3.7996,0.9998005135712784,1BPI,A,7,3.7,457,507,407,1,0.9914028,4.5,Existing_Structures/generated_pka/1bpi_model1.pka,resname+resseq+chain,0.9987426574886448,-0.0010578560826336458,0.007339857488644741
LYS,10.5,94.75321430954344,-0.9903,2,1,0,0,0.0,0.0,0.0006305594883398,1BPI,A,15,10.6,458,508,408,1,-0.011564124,10.5,Existing_Structures/generated_pka/1bpi_model1.pka,resname+resseq+chain,0.0007936977781692444,0.00016313828982944447,0.012357821778169244
LYS,10.5,103.58491645176086,0.0342,0,1,0,0,0.7705,0.8119,0.0006305594883398,1BPI,A,26,10.6,459,509,409,1,-0.01912202,10.5,Existing_Structures/generated_pka/1bpi_model1.pka,resname+resseq+chain,0.0007936977781692444,0.00016313828982944447,0.019915717778169244
LYS,10.5,54.36084960151386,-1.8828,2,1,1,1,1.225,1.7611,0.0003979487443048,1BPI,A,41,10.8,460,510,410,1,0.015588509,10.5,Existing_Structures/generated_pka/1bpi_model1.pka,resname+resseq+chain,0.0007936977781692444,0.00039574903386444443,-0.014794811221830757
LYS,10.5,83.10392963128014,0.9877,2,2,1,0,0.3894,0.7554,0.0006305594883398,1BPI,A,46,10.6,461,511,411,1,0.014147984,10.5,Existing_Structures/generated_pka/1bpi_model1.pka,resname+resseq+chain,0.0007936977781692444,0.00016313828982944447,-0.013354286221830757
GLU,4.1,84.39883534362325,7.3339,2,1,1,1,3.4112,5.619,0.9997488744367388,1BPI,A,49,3.8,462,512,412,1,0.99807703,4.5,Existing_Structures/generated_pka/1bpi_model1.pka,resname+resseq+chain,0.9987426574886448,-0.0010062169480939964,0.0006656274886447378
ASP,3.9,52.5850579898957,8.5533,3,1,1,1,4.6741,7.9954,0.999900009999,1BPI,A,50,3.4,463,513,413,1,1.0066537,3.8,Existing_Structures/generated_pka/1bpi_model1.pka,resname+resseq+chain,0.9997488744367387,-0.00015113556226131752,-0.00690482556326133
CYS,8.3,15.696187126554086,4.34,0,3,2,2,0.4567,0.9626,0.999916830540624,1PPN,A,25,3.32,464,515,414,4,0.7331001,9.0,Existing_Structures/generated_pka/1ppn_model1.pka,resname+resseq+chain,0.02450336755033601,-0.975413462990288,-0.708596732449664
CYS,8.3,17.62397299176787,21.8438,1,4,1,3,0.3295,0.9754,0.9999698013947792,1PPO,A,25,2.88,465,516,415,9,0.8872266,9.0,Existing_Structures/generated_pka/1ppo_model1.pka,resname+resseq+chain,0.02450336755033601,-0.9754664338444432,-0.862723232449664
GLU,4.1,34.23860578641491,7.8752,1,4,2,3,2.7906,4.0463,0.9992925550482872,1NLX,A,407,4.25,466,517,416,9,0.99783164,4.5,Existing_Structures/generated_pka/1nlx_model1.pka,resname+resseq+chain,0.9987426574886448,-0.0005498975596424094,0.0009110174886447497
GLU,4.1,23.205633847223805,6.5008,1,4,2,3,4.5007,6.0106,0.9999383443014734,1NLX,A,408,3.19,467,518,417,9,0.97376156,4.5,Existing_Structures/generated_pka/1nlx_model1.pka,resname+resseq+chain,0.9987426574886448,-0.0011956868128286668,0.024981097488644743
GLU,4.1,80.44819393446231,-11.8964,3,2,2,3,4.3438,6.44,0.9997488744367388,1NLX,A,413,3.8,468,519,418,9,1.0096515,4.5,Existing_Structures/generated_pka/1nlx_model1.pka,resname+resseq+chain,0.9987426574886448,-0.0010062169480939964,-0.010908842511355155
ASP,3.9,39.08048004092917,-8.0221,2,3,2,3,4.7043,6.8437,0.9998741233057576,1NLX,A,414,3.5,469,520,419,9,0.991994,3.8,Existing_Structures/generated_pka/1nlx_model1.pka,resname+resseq+chain,0.9997488744367387,-0.00012524886901899013,0.007754874436738612
ASP,3.9,58.86506230429952,7.0834,0,3,2,3,2.8857,3.8607,0.9999045098606352,1NLX,A,433,3.38,470,521,420,9,1.0026257,3.8,Existing_Structures/generated_pka/1nlx_model1.pka,resname+resseq+chain,0.9997488744367387,-0.0001556354238965163,-0.0028768255632614093
GLU,4.1,46.22552931008884,3.8822,1,4,2,2,4.5299,7.6016,0.9972533362368368,1NLX,A,439,4.84,471,522,421,9,1.0149492,4.5,Existing_Structures/generated_pka/1nlx_model1.pka,resname+resseq+chain,0.9987426574886448,0.0014893212518080068,-0.016206542511355226
ASP,3.9,51.93256132794644,1.3491,1,3,2,3,5.0259,8.5947,0.9999900000999988,1NLX,A,452,2.4,472,523,422,9,1.0096673,3.8,Existing_Structures/generated_pka/1nlx_model1.pka,resname+resseq+chain,0.9997488744367387,-0.0002411256632601777,-0.00991842556326139
ASP,3.9,13.328465987272182,-1.9376,1,3,2,3,4.1246,5.6637,0.9974944073327142,1NLX,A,465,4.8,473,524,423,9,0.8937328,3.8,Existing_Structures/generated_pka/1nlx_model1.pka,resname+resseq+chain,0.9997488744367387,0.002254467104024438,0.10601607443673866
GLU,4.1,7.981093164095969,-17.4119,2,3,2,5,3.4684,4.8838,0.9995431206445424,1NLX,A,466,4.06,474,525,424,9,0.87922513,4.5,Existing_Structures/generated_pka/1nlx_model1.pka,resname+resseq+chain,0.9987426574886448,-0.0008004631558976572,0.11951752748864475
ASP,3.9,34.792453906394485,0.9883,0,2,3,4,2.9486,5.1799,0.9998741233057576,1NLX,A,476,3.5,475,526,425,9,0.98164225,3.8,Existing_Structures/generated_pka/1nlx_model1.pka,resname+resseq+chain,0.9997488744367387,-0.00012524886901899013,0.018106624436738605
HIS,6.0,46.38182867900859,-20.8795,0,2,3,1,0.2706,0.6342,0.5,1NLX,A,477,7.4,476,527,426,9,0.7604816,6.5,Existing_Structures/generated_pka/1nlx_model1.pka,resname+resseq+chain,0.8881842302218831,0.3881842302218831,0.1277026302218831
GLU,4.1,84.96124771331776,-2.9864,0,3,3,2,1.9383,3.3724,0.999868191701862,1NLX,A,481,3.52,477,528,427,9,1.0030854,4.5,Existing_Structures/generated_pka/1nlx_model1.pka,resname+resseq+chain,0.9987426574886448,-0.0011255342132172608,-0.0043427425113552465
ASP,3.9,60.099919388481794,-1.8103,0,3,3,2,3.0724,5.0589,0.999954293270239,1NLX,A,482,3.06,478,529,428,9,0.99809456,3.8,Existing_Structures/generated_pka/1nlx_model1.pka,resname+resseq+chain,0.9997488744367387,-0.00020541883350033707,0.0016543144367386908
GLU,4.1,87.6238955479649,4.1761,1,3,3,4,3.0223,4.4666,0.9984535785044,1NLX,A,485,4.59,479,530,429,9,0.9978753,4.5,Existing_Structures/generated_pka/1nlx_model1.pka,resname+resseq+chain,0.9987426574886448,0.00028907898424479495,0.0008673574886447488
HIS,6.0,11.115176894767677,-21.506,2,1,2,5,1.5952,2.8602,0.557311633762293,1NLX,A,490,7.3,480,531,430,9,0.39878857,6.5,Existing_Structures/generated_pka/1nlx_model1.pka,resname+resseq+chain,0.8881842302218831,0.3308725964595901,0.4893956602218831
GLU,4.1,12.193845515169029,6.3441,3,1,0,6,4.6965,6.4715,0.9993547623713688,1NLX,A,493,4.21,481,532,431,9,0.91006523,4.5,Existing_Structures/generated_pka/1nlx_model1.pka,resname+resseq+chain,0.9987426574886448,-0.0006121048827240072,0.08867742748864482
GLU,4.1,28.95009727207654,-2.2789,1,0,3,5,0.761,0.9715,0.9998222036761504,1NLX,A,503,3.65,482,533,432,9,0.8948153,4.5,Existing_Structures/generated_pka/1nlx_model1.pka,resname+resseq+chain,0.9987426574886448,-0.001079546187505609,0.10392735748864479
HIS,6.0,51.792274569297525,-3.2843,1,1,2,6,0.6344,0.6457,0.8881842302218831,1NLX,A,505,6.5,483,534,433,9,0.6823387,6.5,Existing_Structures/generated_pka/1nlx_model1.pka,resname+resseq+chain,0.8881842302218831,0.0,0.20584553022188312
HIS,6.0,40.78772623725031,6.0312,0,4,1,4,0.7886,1.1282,0.9617134961177454,1POH,A,76,6.0,484,535,434,7,0.8608353,6.5,Existing_Structures/generated_pka/1poh_model1.pka,resname+resseq+chain,0.8881842302218831,-0.07352926589586228,0.027348930221883117
HIS,6.0,18.35537954692168,-44.8469,2,5,4,2,0.4362,0.5221,0.3868631798468573,1GYM,A,32,7.6,485,536,435,10,0.557122,6.5,Existing_Structures/generated_pka/1gym_model1.pka,resname+resseq+chain,0.8881842302218831,0.5013210503750258,0.3310622302218831
HIS,6.0,33.99685553564355,-18.8498,3,5,4,1,0.0374,0.0011,0.7597469266479578,1GYM,A,82,6.9,486,537,436,10,0.42429316,6.5,Existing_Structures/generated_pka/1gym_model1.pka,resname+resseq+chain,0.8881842302218831,0.12843730357392524,0.4638910702218831
HIS,6.0,62.12764968572628,9.8325,1,3,2,3,0.465,0.5444,0.99009900990099,1GYM,A,92,5.4,487,538,437,10,0.88955146,6.5,Existing_Structures/generated_pka/1gym_model1.pka,resname+resseq+chain,0.8881842302218831,-0.10191477967910689,-0.001367229778116874
HIS,6.0,13.298648816943675,-17.4498,2,0,3,2,1.7653,1.8474,0.7597469266479578,1GYM,A,227,6.9,488,539,438,10,0.6453516,6.5,Existing_Structures/generated_pka/1gym_model1.pka,resname+resseq+chain,0.8881842302218831,0.12843730357392524,0.24283263022188306
LYS,10.5,26.03688709812292,-1.5674,3,1,6,3,0.0142,0.0752,0.0124327352544423,1FEZ,A,53,9.3,489,540,439,8,-0.06878549,10.5,Existing_Structures/generated_pka/1fez_model1.pka,resname+resseq+chain,0.0007936977781692444,-0.011639037476273055,0.06957918777816925
ASP,3.9,83.67856315810184,11.0357,2,1,3,1,2.6413,3.5731,0.999897681170986,3WU2,O,23,3.41,490,541,440,10,0.99238724,3.8,Existing_Structures/generated_pka/3wu2_model1.pka,resname+resseq+chain,0.9997488744367387,-0.00014880673424733093,0.007361634436738651
ASP,3.9,94.54638138485356,24.4399,1,1,3,1,2.3425,3.1809,0.999954293270239,3WU2,O,24,3.06,491,542,441,10,1.0002798,3.8,Existing_Structures/generated_pka/3wu2_model1.pka,resname+resseq+chain,0.9997488744367387,-0.00020541883350033707,-0.0005309255632612864
ASP,3.9,67.32246521282971,17.5151,1,1,1,1,3.3244,4.42,0.9998825240467272,3WU2,O,33,3.47,492,543,442,10,0.9974899,3.8,Existing_Structures/generated_pka/3wu2_model1.pka,resname+resseq+chain,0.9997488744367387,-0.0001336496099885176,0.0022589744367386144
GLU,4.1,46.084758120544585,-9.5213,2,4,1,9,2.8586,3.8484,0.9988264812094182,3WU2,O,54,4.47,493,544,443,10,1.0058866,4.5,Existing_Structures/generated_pka/3wu2_model1.pka,resname+resseq+chain,0.9987426574886448,-8.382372077342382e-05,-0.007143942511355195
GLU,4.1,87.3769782148876,-5.2549,1,4,0,7,2.5935,3.1211,0.9994115028774412,3WU2,O,64,4.17,494,545,444,10,0.9737679,4.5,Existing_Structures/generated_pka/3wu2_model1.pka,resname+resseq+chain,0.9987426574886448,-0.000668845388796413,0.02497475748864475
GLU,4.1,52.1045466275974,5.8804,3,2,0,4,2.3682,3.2243,0.9999066832787434,3WU2,O,74,3.37,495,546,445,10,1.0017896,4.5,Existing_Structures/generated_pka/3wu2_model1.pka,resname+resseq+chain,0.9987426574886448,-0.0011640257900986661,-0.0030469425113551774
GLU,4.1,52.42917431439548,7.4634,2,1,1,4,2.4201,2.9027,0.9982652138840008,3WU2,O,84,4.64,496,547,446,10,0.9941691,4.5,Existing_Structures/generated_pka/3wu2_model1.pka,resname+resseq+chain,0.9987426574886448,0.00047744360464396784,0.004573557488644742
ASP,3.9,59.30224379480449,12.9344,0,1,1,0,3.0457,4.4668,0.9999985545623186,3WU2,O,90,1.56,497,548,447,10,0.9767382,3.8,Existing_Structures/generated_pka/3wu2_model1.pka,resname+resseq+chain,0.9997488744367387,-0.0002496801255799097,0.023010674436738654
GLU,4.1,49.88810252490262,-2.4068,2,4,3,4,1.6095,2.4658,0.996124625506375,3WU2,O,98,4.99,498,549,448,10,1.0162483,4.5,Existing_Structures/generated_pka/3wu2_model1.pka,resname+resseq+chain,0.9987426574886448,0.0026180319822697307,-0.017505642511355224
GLU,4.1,61.910162190268,1.5997,2,2,4,5,2.5418,2.8637,0.99974302647409,3WU2,O,114,3.81,499,550,449,10,0.93397313,4.5,Existing_Structures/generated_pka/3wu2_model1.pka,resname+resseq+chain,0.9987426574886448,-0.0010003689854451991,0.06476952748864473
ASP,3.9,36.837770142002384,7.7046,0,2,1,1,2.5317,2.8041,0.9969192250721745,3WU2,O,141,4.89,500,551,450,10,0.9992618,3.8,Existing_Structures/generated_pka/3wu2_model1.pka,resname+resseq+chain,0.9997488744367387,0.002829649364564202,0.000487074436738677
GLU,4.1,59.01809027167598,-3.007,0,3,0,4,3.2134,4.1348,0.9986834787744208,3WU2,O,145,4.52,501,552,451,10,1.0000708,4.5,Existing_Structures/generated_pka/3wu2_model1.pka,resname+resseq+chain,0.9987426574886448,5.9178714224006335e-05,-0.001328142511355268
ASP,3.9,29.64908720993103,5.1823,2,1,3,2,3.4878,4.8697,0.9998878107424116,3WU2,O,205,3.45,502,553,452,10,0.96910495,3.8,Existing_Structures/generated_pka/3wu2_model1.pka,resname+resseq+chain,0.9997488744367387,-0.00013893630567296533,0.03064392443673869
GLU,4.1,31.33322682739788,-6.0529,4,1,2,2,3.4699,5.5728,0.9999818033225388,3WU2,O,210,2.66,503,554,453,10,0.95638436,4.5,Existing_Structures/generated_pka/3wu2_model1.pka,resname+resseq+chain,0.9987426574886448,-0.001239145833894062,0.042358297488644725
GLU,4.1,47.4077499382048,-1.5879,0,2,1,3,3.1067,3.4828,0.9996765110220516,3WU2,O,216,3.91,504,555,454,10,0.9929689,4.5,Existing_Structures/generated_pka/3wu2_model1.pka,resname+resseq+chain,0.9987426574886448,-0.0009338535334068032,0.005773757488644726
GLU,4.1,51.02971819844361,-4.7304,0,5,0,4,3.0685,3.4125,0.9946583682969876,3WU2,O,218,5.13,505,556,455,10,1.0004421,4.5,Existing_Structures/generated_pka/3wu2_model1.pka,resname+resseq+chain,0.9987426574886448,0.004084289191657153,-0.0016994425113551204
GLU,4.1,60.96200508555758,-0.3022,1,3,2,8,2.9255,3.3876,0.99936944051166,3WU2,O,232,4.2,506,557,456,10,0.9960264,4.5,Existing_Structures/generated_pka/3wu2_model1.pka,resname+resseq+chain,0.9987426574886448,-0.0006267830230152205,0.002716257488644791
GLU,4.1,61.7341094327106,1.441,3,1,2,3,1.8692,2.0212,0.9962984004553768,3WU2,O,244,4.97,507,558,457,10,0.99746823,4.5,Existing_Structures/generated_pka/3wu2_model1.pka,resname+resseq+chain,0.9987426574886448,0.0024442570332680047,0.0012744274886448137
ASP,3.9,48.66452935994926,5.6517,0,5,2,1,1.9059,2.3015,0.9996020512556952,2BUS,A,6,4.0,508,559,458,5,0.9996277,3.8,Existing_Structures/generated_pka/2bus_model1.pka,resname+resseq+chain,0.9997488744367387,0.00014682318104342063,0.00012117443673864692
ASP,3.9,48.66452935994926,5.6517,0,5,2,1,1.9059,2.3015,0.9994990638291864,2BUS,A,6,4.1,509,560,459,5,0.9996277,3.8,Existing_Structures/generated_pka/2bus_model1.pka,resname+resseq+chain,0.9997488744367387,0.0002498106075522477,0.00012117443673864692
GLU,4.1,72.60955136558971,5.1661,0,5,2,1,1.3177,2.2451,0.9992063022218308,2BUS,A,9,4.3,510,561,460,5,1.000313,4.5,Existing_Structures/generated_pka/2bus_model1.pka,resname+resseq+chain,0.9987426574886448,-0.0004636447331860527,-0.0015703425113552383
GLU,4.1,72.60955136558971,5.1661,0,5,2,1,1.3177,2.2451,0.9987426574886448,2BUS,A,9,4.5,511,562,461,5,1.000313,4.5,Existing_Structures/generated_pka/2bus_model1.pka,resname+resseq+chain,0.9987426574886448,0.0,-0.0015703425113552383
ASP,3.9,99.47413048553622,5.8404,0,3,2,1,0.6548,2.072,0.9998415357956376,2BUS,A,12,3.6,512,563,462,5,0.97252023,3.8,Existing_Structures/generated_pka/2bus_model1.pka,resname+resseq+chain,0.9997488744367387,-9.266135889895999e-05,0.02722864443673867
GLU,4.1,78.39039835280035,15.4313,2,2,0,1,0.3015,0.6314,0.9994990638291864,2BUS,A,20,4.1,513,564,463,5,0.9994916,4.5,Existing_Structures/generated_pka/2bus_model1.pka,resname+resseq+chain,0.9987426574886448,-0.0007564063405416377,-0.0007489425113552661
GLU,4.1,78.39039835280035,15.4313,2,2,0,1,0.3015,0.6314,0.9990009990009991,2BUS,A,20,4.4,514,565,464,5,0.9994916,4.5,Existing_Structures/generated_pka/2bus_model1.pka,resname+resseq+chain,0.9987426574886448,-0.0002583415123543764,-0.0007489425113552661
HIS,6.0,0.0,-4.1896,1,0,1,0,1.131,1.2419,0.9999292104330793,3SSI,A,43,3.25,515,566,465,9,0.8414493,6.5,Existing_Structures/generated_pka/3ssi_model1.pka,resname+resseq+chain,0.8881842302218831,-0.11174498021119617,0.04673493022188313
HIS,6.0,14.437047094701194,-6.9885,2,0,3,4,0.3706,0.4443,0.9617134961177454,3SSI,A,106,6.0,516,567,466,9,0.68336964,6.5,Existing_Structures/generated_pka/3ssi_model1.pka,resname+resseq+chain,0.8881842302218831,-0.07352926589586228,0.20481459022188309
ASP,3.9,7.17883175146226,12.2431,2,1,2,0,3.8828,6.3423,0.903218404295181,2L6X,A,97,6.43,517,568,467,7,0.87955827,3.8,Existing_Structures/generated_pka/2l6x_model1.pka,resname+resseq+chain,0.9997488744367387,0.09653047014155769,0.12019060443673868
ASP,3.9,7.17883175146226,12.2431,2,1,2,0,3.8828,6.3423,0.9479085506726252,2L6X,A,97,6.14,518,569,468,7,0.87955827,3.8,Existing_Structures/generated_pka/2l6x_model1.pka,resname+resseq+chain,0.9997488744367387,0.051840323764113405,0.12019060443673868
ASP,3.9,7.17883175146226,12.2431,2,1,2,0,3.8828,6.3423,0.9833011506249288,2L6X,A,97,5.63,519,570,469,7,0.87955827,3.8,Existing_Structures/generated_pka/2l6x_model1.pka,resname+resseq+chain,0.9997488744367387,0.01644772381180981,0.12019060443673868
ASP,3.9,7.17883175146226,12.2431,2,1,2,0,3.8828,6.3423,0.9693465699682844,2L6X,A,97,5.9,520,571,470,7,0.87955827,3.8,Existing_Structures/generated_pka/2l6x_model1.pka,resname+resseq+chain,0.9997488744367387,0.030402304468454266,0.12019060443673868
ASP,3.9,7.17883175146226,12.2431,2,1,2,0,3.8828,6.3423,0.8576633185538569,2L6X,A,97,6.62,521,572,471,7,0.87955827,3.8,Existing_Structures/generated_pka/2l6x_model1.pka,resname+resseq+chain,0.9997488744367387,0.14208555588288174,0.12019060443673868
ASP,3.9,7.17883175146226,12.2431,2,1,2,0,3.8828,6.3423,0.8858769425858496,2L6X,A,97,6.51,522,573,472,7,0.87955827,3.8,Existing_Structures/generated_pka/2l6x_model1.pka,resname+resseq+chain,0.9997488744367387,0.11387193185088906,0.12019060443673868
ASP,3.9,7.17883175146226,12.2431,2,1,2,0,3.8828,6.3423,0.3759982413823329,2L6X,A,97,7.62,523,574,473,7,0.87955827,3.8,Existing_Structures/generated_pka/2l6x_model1.pka,resname+resseq+chain,0.9997488744367387,0.6237506330544058,0.12019060443673868
ASP,3.9,7.17883175146226,12.2431,2,1,2,0,3.8828,6.3423,0.802909170153816,2L6X,A,97,6.79,524,575,474,7,0.87955827,3.8,Existing_Structures/generated_pka/2l6x_model1.pka,resname+resseq+chain,0.9997488744367387,0.19683970428292263,0.12019060443673868
CYS,8.3,8.84801837100354,44.4756,4,1,1,1,1.7843,2.7178,0.9854245035095256,2HNP,A,215,5.57,525,576,475,3,0.95129454,9.0,Existing_Structures/generated_pka/2hnp_model1.pka,resname+resseq+chain,0.02450336755033601,-0.9609211359591896,-0.926791172449664
CYS,8.3,7.52241539667422,40.6105,4,1,1,2,1.6761,2.8487,0.9981413737872996,1YPT,A,403,4.67,526,577,476,7,0.93651325,9.0,Existing_Structures/generated_pka/1ypt_model1.pka,resname+resseq+chain,0.02450336755033601,-0.9736380062369636,-0.912009882449664
HIS,6.0,28.892298654091714,-24.7763,4,1,2,1,0.189,0.6142,0.1051372103559197,1DG9,A,66,8.33,527,578,477,4,0.6631557,6.5,Existing_Structures/generated_pka/1dg9_model1.pka,resname+resseq+chain,0.8881842302218831,0.7830470198659634,0.22502853022188307
HIS,6.0,28.892298654091714,-24.7763,4,1,2,1,0.189,0.6142,0.0988131708783324,1DG9,A,66,8.36,528,579,478,4,0.6631557,6.5,Existing_Structures/generated_pka/1dg9_model1.pka,resname+resseq+chain,0.8881842302218831,0.7893710593435507,0.22502853022188307
HIS,6.0,28.892298654091714,-24.7763,4,1,2,1,0.189,0.6142,0.1141230574141507,1DG9,A,66,8.29,529,580,479,4,0.6631557,6.5,Existing_Structures/generated_pka/1dg9_model1.pka,resname+resseq+chain,0.8881842302218831,0.7740611728077323,0.22502853022188307
HIS,6.0,10.39671983383044,-23.2204,4,1,3,1,2.6126,2.9488,0.0159592718906025,1DG9,A,72,9.19,530,581,480,4,0.7311401,6.5,Existing_Structures/generated_pka/1dg9_model1.pka,resname+resseq+chain,0.8881842302218831,0.8722249583312806,0.15704413022188313
HIS,6.0,10.39671983383044,-23.2204,4,1,3,1,2.6126,2.9488,0.0159592718906025,1DG9,A,72,9.19,531,582,481,4,0.7311401,6.5,Existing_Structures/generated_pka/1dg9_model1.pka,resname+resseq+chain,0.8881842302218831,0.8722249583312806,0.15704413022188313
CYS,8.3,2.539602264148374,11.6485,1,2,0,3,0.7496,1.266,0.0382865038822547,1ST9,A,73,8.8,532,583,482,8,0.79147506,9.0,Existing_Structures/generated_pka/1st9_model1.pka,resname+resseq+chain,0.02450336755033601,-0.013783136331918688,-0.766971692449664
CYS,8.3,2.226065256198082,12.2983,1,2,0,2,0.2149,1.0496,0.9264124438824266,3C71,A,74,6.3,533,584,483,1,0.42932233,9.0,Existing_Structures/generated_pka/3c71_model1.pka,resname+resseq+chain,0.02450336755033601,-0.9019090763320906,-0.404818962449664
CYS,8.3,4.572765516552963,4.9146,1,2,0,3,0.1817,0.9917,0.5,3C73,A,74,7.4,534,585,484,7,0.6081817,9.0,Existing_Structures/generated_pka/3c73_model1.pka,resname+resseq+chain,0.02450336755033601,-0.475496632449664,-0.583678332449664
CYS,8.3,0.9092921681893944,5.3869,1,2,0,3,0.2497,1.0633,0.0767893196971002,2H19,A,74,8.48,535,586,485,1,0.3255431,9.0,Existing_Structures/generated_pka/2h19_model1.pka,resname+resseq+chain,0.02450336755033601,-0.052285952146764195,-0.301039732449664
CYS,8.3,0.8177268017509325,-13.6272,0,2,0,3,0.2792,0.3357,0.1368068886032102,1SU9,A,76,8.2,536,587,486,3,0.56843907,9.0,Existing_Structures/generated_pka/1su9_model1.pka,resname+resseq+chain,0.02450336755033601,-0.11230352105287418,-0.543935702449664
CYS,8.3,0.8177268017509325,-13.6272,0,2,0,3,0.2792,0.3357,0.1368068886032102,1SU9,A,76,8.2,537,588,487,3,0.56843907,9.0,Existing_Structures/generated_pka/1su9_model1.pka,resname+resseq+chain,0.02450336755033601,-0.11230352105287418,-0.543935702449664
CYS,8.3,0.8103211685530218,5.3476,0,2,0,2,0.2633,0.5551,0.9804376961274206,3C71,A,77,5.7,538,589,488,1,0.3017881,9.0,Existing_Structures/generated_pka/3c71_model1.pka,resname+resseq+chain,0.02450336755033601,-0.9559343285770846,-0.277284732449664
CYS,8.3,0.694440636421825,2.0802,0,2,0,3,0.151,0.4652,0.4426883662377074,3C73,A,77,7.5,539,590,489,7,0.4069094,9.0,Existing_Structures/generated_pka/3c73_model1.pka,resname+resseq+chain,0.02450336755033601,-0.4181849986873714,-0.382406032449664
CYS,8.3,0.4199301235113675,-0.1493,0,2,2,2,0.2847,0.4506,0.5,2H1B,A,77,7.4,540,591,490,8,0.4939462,9.0,Existing_Structures/generated_pka/2h1b_model1.pka,resname+resseq+chain,0.02450336755033601,-0.475496632449664,-0.469442832449664
CYS,8.3,0.8739265845947247,-3.055,1,2,0,3,0.438,1.4634,0.0988131708783324,2H1A,A,77,8.36,541,592,491,10,0.36260644,9.0,Existing_Structures/generated_pka/2h1a_model1.pka,resname+resseq+chain,0.02450336755033601,-0.07430980332799639,-0.338103072449664
CYS,8.3,0.8739265845947247,-3.055,1,2,0,3,0.438,1.4634,0.1118157697781168,2H1A,A,77,8.3,542,593,492,10,0.36260644,9.0,Existing_Structures/generated_pka/2h1a_model1.pka,resname+resseq+chain,0.02450336755033601,-0.08731240222778079,-0.338103072449664
GLU,4.1,27.97245391036679,-1.0462,4,3,0,5,2.8135,3.7975,0.9987426574886448,2RN2,A,6,4.5,543,594,493,7,0.9583938,4.5,Existing_Structures/generated_pka/2rn2_model1.pka,resname+resseq+chain,0.9987426574886448,0.0,0.04034885748864481
ASP,3.9,18.94996224029959,-0.314,4,1,3,5,3.5416,4.8286,0.9522732789657962,2RN2,A,10,6.1,544,595,494,7,0.9159846,3.8,Existing_Structures/generated_pka/2rn2_model1.pka,resname+resseq+chain,0.9997488744367387,0.04747559547094249,0.08376427443673862
GLU,4.1,38.93056795429784,9.4425,4,1,0,3,2.0902,2.7838,0.9998415357956376,2RN2,A,32,3.6,545,596,495,7,0.9969653,4.5,Existing_Structures/generated_pka/2rn2_model1.pka,resname+resseq+chain,0.9987426574886448,-0.0010988783069928454,0.0017773574886447152
GLU,4.1,13.761970688980416,3.7824,3,1,4,1,2.9242,4.2853,0.9990009990009991,2RN2,A,48,4.4,546,597,496,7,0.814762,4.5,Existing_Structures/generated_pka/2rn2_model1.pka,resname+resseq+chain,0.9987426574886448,-0.0002583415123543764,0.18398065748864478
GLU,4.1,41.23498019377074,-4.7857,1,2,1,2,2.1225,2.8123,0.9999369082463724,2RN2,A,57,3.2,547,598,497,7,0.99496454,4.5,Existing_Structures/generated_pka/2rn2_model1.pka,resname+resseq+chain,0.9987426574886448,-0.0011942507577276107,0.003778117488644761
GLU,4.1,48.59596837250801,4.7692,1,2,0,3,1.6752,2.9282,0.9996838722023704,2RN2,A,61,3.9,548,599,498,7,0.99379104,4.5,Existing_Structures/generated_pka/2rn2_model1.pka,resname+resseq+chain,0.9987426574886448,-0.0009412147137256577,0.0049516174886448105
HIS,6.0,80.96116738002077,-2.1128,0,1,0,2,0.0,0.0,0.7152527510491988,2RN2,A,62,7.0,549,600,499,7,0.71230054,6.5,Existing_Structures/generated_pka/2rn2_model1.pka,resname+resseq+chain,0.8881842302218831,0.17293147917268425,0.1758836902218831
GLU,4.1,60.88356562669852,6.4402,2,3,0,3,2.4721,3.3335,0.9990009990009991,2RN2,A,64,4.4,550,601,500,7,1.0115035,4.5,Existing_Structures/generated_pka/2rn2_model1.pka,resname+resseq+chain,0.9987426574886448,-0.0002583415123543764,-0.012760842511355341
ASP,3.9,34.195881223278704,-5.6503,2,1,3,4,3.8021,5.7291,0.99998415131926,2RN2,A,70,2.6,551,602,501,7,0.9793222,3.8,Existing_Structures/generated_pka/2rn2_model1.pka,resname+resseq+chain,0.9997488744367387,-0.00023527688252134027,0.020426674436738623
ASP,3.9,73.90703941154806,6.2467,1,4,1,0,1.9348,3.8563,0.9999369082463724,2RN2,A,94,3.2,553,604,502,7,1.0118353,3.8,Existing_Structures/generated_pka/2rn2_model1.pka,resname+resseq+chain,0.9997488744367387,-0.0001880338096337253,-0.012086425563261338
ASP,3.9,34.84489851688639,3.9737,1,2,2,1,2.8001,4.0524,0.9999369082463724,2RN2,A,108,3.2,555,606,503,7,0.9820323,3.8,Existing_Structures/generated_pka/2rn2_model1.pka,resname+resseq+chain,0.9997488744367387,-0.0001880338096337253,0.017716574436738686
GLU,4.1,40.71103743890961,-2.1633,1,2,1,3,3.1541,4.6297,0.9994990638291864,2RN2,A,119,4.1,557,608,504,7,0.9943533,4.5,Existing_Structures/generated_pka/2rn2_model1.pka,resname+resseq+chain,0.9987426574886448,-0.0007564063405416377,0.004389357488644774
HIS,6.0,82.82495858692174,3.5539,0,1,3,1,0.0,0.0,0.6661394245831224,2RN2,A,124,7.1,558,609,505,7,0.73550963,6.5,Existing_Structures/generated_pka/2rn2_model1.pka,resname+resseq+chain,0.8881842302218831,0.22204480563876072,0.15267460022188306
HIS,6.0,47.502191911015096,-1.3487,2,1,1,5,0.8123,1.1761,0.2402530733520421,2RN2,A,127,7.9,559,610,506,7,0.8562889,6.5,Existing_Structures/generated_pka/2rn2_model1.pka,resname+resseq+chain,0.8881842302218831,0.6479311568698409,0.03189533022188307
GLU,4.1,21.525256796444097,9.0519,3,2,3,6,2.8597,4.1855,0.9998415357956376,2RN2,A,129,3.6,560,611,507,7,0.9557126,4.5,Existing_Structures/generated_pka/2rn2_model1.pka,resname+resseq+chain,0.9987426574886448,-0.0010988783069928454,0.043030057488644746
GLU,4.1,78.21786290063116,-0.8811,3,1,3,5,3.9474,6.116,0.9992063022218308,2RN2,A,131,4.3,561,612,508,7,0.9911568,4.5,Existing_Structures/generated_pka/2rn2_model1.pka,resname+resseq+chain,0.9987426574886448,-0.0004636447331860527,0.0075858574886448205
ASP,3.9,50.71735063228087,-12.7105,2,1,3,4,3.6435,5.6502,0.9994990638291864,2RN2,A,134,4.1,562,613,509,7,0.99336714,3.8,Existing_Structures/generated_pka/2rn2_model1.pka,resname+resseq+chain,0.9997488744367387,0.0002498106075522477,0.0063817344367386175
GLU,4.1,81.34844239135799,-9.1209,2,0,3,3,3.4443,5.4989,0.9992063022218308,2RN2,A,135,4.3,563,614,510,7,1.0023332,4.5,Existing_Structures/generated_pka/2rn2_model1.pka,resname+resseq+chain,0.9987426574886448,-0.0004636447331860527,-0.003590542511355266
GLU,4.1,88.46526239232716,5.215,3,0,2,1,2.1946,3.3642,0.99936944051166,2RN2,A,147,4.2,564,615,511,7,1.0046004,4.5,Existing_Structures/generated_pka/2rn2_model1.pka,resname+resseq+chain,0.9987426574886448,-0.0006267830230152205,-0.0058577425113551795
GLU,4.1,62.43292507441483,5.755,2,2,2,1,0.3373,1.3072,0.9990009990009991,2RN2,A,154,4.4,566,617,512,7,1.0476776,4.5,Existing_Structures/generated_pka/2rn2_model1.pka,resname+resseq+chain,0.9987426574886448,-0.0002583415123543764,-0.04893494251135533
ASP,3.9,56.45221339185799,3.2916,0,0,2,1,2.4665,3.0874,0.9998619806255172,9RNT,A,3,3.54,567,619,513,5,0.9809156,3.8,Existing_Structures/generated_pka/9rnt_model1.pka,resname+resseq+chain,0.9997488744367387,-0.00011310618877857781,0.018833274436738656
ASP,3.9,37.94460305350319,2.7232,1,0,4,0,7.1955,9.6077,0.999868191701862,9RNT,A,15,3.52,568,620,514,5,0.9741212,3.8,Existing_Structures/generated_pka/9rnt_model1.pka,resname+resseq+chain,0.9997488744367387,-0.00011931726512337537,0.025627674436738634
HIS,6.0,23.38609904949351,-12.4066,0,2,1,4,0.6919,0.981,0.4033708266942261,9RNT,A,27,7.57,569,621,515,5,0.5797328,6.5,Existing_Structures/generated_pka/9rnt_model1.pka,resname+resseq+chain,0.8881842302218831,0.484813403527657,0.30845143022188304
GLU,4.1,49.7874974010299,-7.6232,0,1,1,3,3.0599,4.9228,0.9840407281093976,9RNT,A,28,5.61,570,622,516,5,0.9881062,4.5,Existing_Structures/generated_pka/9rnt_model1.pka,resname+resseq+chain,0.9987426574886448,0.014701929379247192,0.010636457488644724
ASP,3.9,52.56143197955973,-9.1817,0,1,1,3,2.6998,4.7009,0.999276088467471,9RNT,A,29,4.26,571,623,517,5,0.98915976,3.8,Existing_Structures/generated_pka/9rnt_model1.pka,resname+resseq+chain,0.9997488744367387,0.0004727859692676972,0.0105891144367386
GLU,4.1,73.66743102521475,-5.4344,0,2,1,3,1.2958,1.7358,0.9909623162617603,9RNT,A,31,5.36,572,624,518,5,0.99152267,4.5,Existing_Structures/generated_pka/9rnt_model1.pka,resname+resseq+chain,0.9987426574886448,0.007780341226884424,0.007219987488644719
HIS,6.0,38.803246434638105,-19.1796,1,1,1,2,1.1496,1.3593,0.4769904127024377,9RNT,A,40,7.44,573,625,519,5,0.799399,6.5,Existing_Structures/generated_pka/9rnt_model1.pka,resname+resseq+chain,0.8881842302218831,0.4111938175194454,0.08878523022188312
GLU,4.1,32.6992013515709,0.8192,0,0,1,2,2.6939,3.5046,0.9998340688469732,9RNT,A,46,3.62,574,626,520,5,0.9788908,4.5,Existing_Structures/generated_pka/9rnt_model1.pka,resname+resseq+chain,0.9987426574886448,-0.0010914113583284646,0.01985185748864482
ASP,3.9,114.45339582426466,-0.8136,0,0,1,2,1.6974,2.0153,0.999339742779612,9RNT,A,49,4.22,575,627,521,5,0.9994287,3.8,Existing_Structures/generated_pka/9rnt_model1.pka,resname+resseq+chain,0.9997488744367387,0.0004091316571266379,0.00032017443673870716
GLU,4.1,11.674000918152275,5.5217,1,2,1,3,3.1347,4.9869,0.999637053723058,9RNT,A,58,3.96,576,628,522,5,0.89420146,4.5,Existing_Structures/generated_pka/9rnt_model1.pka,resname+resseq+chain,0.9987426574886448,-0.0008943962344132306,0.10454119748864477
ASP,3.9,86.19412107786812,-1.704,0,0,3,0,2.3898,2.6395,0.9996838722023704,9RNT,A,66,3.9,577,629,523,5,0.9799049,3.8,Existing_Structures/generated_pka/9rnt_model1.pka,resname+resseq+chain,0.9997488744367387,6.500223436822772e-05,0.019843974436738687
ASP,3.9,2.164492501119279,14.8153,1,0,3,2,4.7786,6.7088,0.9999998741074746,9RNT,A,76,0.5,578,630,524,5,0.917727,3.8,Existing_Structures/generated_pka/9rnt_model1.pka,resname+resseq+chain,0.9997488744367387,-0.00025099967073594076,0.0820218744367387
GLU,4.1,46.32878834847185,16.8022,0,2,1,3,3.1175,4.2504,0.9999258744708712,9RNT,A,82,3.27,579,631,525,5,0.9985353,4.5,Existing_Structures/generated_pka/9rnt_model1.pka,resname+resseq+chain,0.9987426574886448,-0.0011832169822264538,0.0002073574886447549
HIS,6.0,27.19145741297573,-24.7918,1,1,1,3,0.8567,1.5548,0.551623547310961,9RNT,A,92,7.31,580,632,526,5,0.7297291,6.5,Existing_Structures/generated_pka/9rnt_model1.pka,resname+resseq+chain,0.8881842302218831,0.3365606829109221,0.15845513022188307
GLU,4.1,54.49132766778941,-5.982,1,0,3,2,2.182,2.2435,0.9921193161496696,9RNT,A,102,5.3,581,633,527,5,0.9873735,4.5,Existing_Structures/generated_pka/9rnt_model1.pka,resname+resseq+chain,0.9987426574886448,0.0066233413389751306,0.011369157488644754
ASP,3.9,31.93621749535317,5.3488,1,5,1,3,3.1222,4.6449,0.9996838722023704,1DE3,A,9,3.9,582,634,528,8,0.98481405,3.8,Existing_Structures/generated_pka/1de3_model1.pka,resname+resseq+chain,0.9997488744367387,6.500223436822772e-05,0.014934824436738658
GLU,4.1,41.57006861364224,-2.8524,1,5,1,2,2.2994,3.5528,0.9984176147191982,1DE3,A,19,4.6,583,635,529,8,1.0160257,4.5,Existing_Structures/generated_pka/1de3_model1.pka,resname+resseq+chain,0.9987426574886448,0.00032504276944655963,-0.01728304251135515
GLU,4.1,42.45674973734171,8.8215,1,2,1,2,3.9439,5.8208,0.9984176147191982,1DE3,A,31,4.6,584,636,530,8,1.0020916,4.5,Existing_Structures/generated_pka/1de3_model1.pka,resname+resseq+chain,0.9987426574886448,0.00032504276944655963,-0.003348942511355202
HIS,6.0,50.98738417278901,-12.5571,0,2,1,1,0.0,0.0,0.9264124438824266,1DE3,A,35,6.3,585,637,531,8,0.8667437,6.5,Existing_Structures/generated_pka/1de3_model1.pka,resname+resseq+chain,0.8881842302218831,-0.03822821366054352,0.02144053022188308
HIS,6.0,72.36049261611922,-3.3412,0,3,2,1,0.0001,0.0,0.7992399910868984,1DE3,A,36,6.8,586,638,532,8,0.87363434,6.5,Existing_Structures/generated_pka/1de3_model1.pka,resname+resseq+chain,0.8881842302218831,0.08894423913498473,0.014549890221883133
HIS,6.0,35.76694315424756,-1.1917,1,3,3,1,0.0,0.0,0.333860575416878,1DE3,A,50,7.7,588,640,533,8,0.74100167,6.5,Existing_Structures/generated_pka/1de3_model1.pka,resname+resseq+chain,0.8881842302218831,0.554323654805005,0.14718256022188314
ASP,3.9,72.57205662392894,4.3383,2,4,4,0,0.7758,1.2122,0.9992063022218308,1DE3,A,57,4.3,589,641,534,8,0.9526145,3.8,Existing_Structures/generated_pka/1de3_model1.pka,resname+resseq+chain,0.9997488744367387,0.0005425722149078327,0.047134374436738624
ASP,3.9,77.31686207967348,11.6504,2,3,5,0,1.2256,1.7482,0.9994990638291864,1DE3,A,59,4.1,590,642,535,8,0.9854112,3.8,Existing_Structures/generated_pka/1de3_model1.pka,resname+resseq+chain,0.9997488744367387,0.0002498106075522477,0.014337674436738612
ASP,3.9,59.23522264665091,19.7086,1,4,4,0,0.4828,0.8149,0.9996838722023704,1DE3,A,75,3.9,591,643,536,8,0.85835284,3.8,Existing_Structures/generated_pka/1de3_model1.pka,resname+resseq+chain,0.9997488744367387,6.500223436822772e-05,0.14139603443673865
HIS,6.0,16.87207977360957,-26.0372,1,5,5,1,0.9286,0.8095,0.557311633762293,1DE3,A,82,7.3,593,645,537,8,0.5252367,6.5,Existing_Structures/generated_pka/1de3_model1.pka,resname+resseq+chain,0.8881842302218831,0.3308725964595901,0.3629475302218831
ASP,3.9,50.28743142862863,-13.4575,0,4,4,1,1.5335,2.1386,0.9997488744367388,1DE3,A,85,3.8,594,646,538,8,0.98336774,3.8,Existing_Structures/generated_pka/1de3_model1.pka,resname+resseq+chain,0.9997488744367387,-1.1102230246251565e-16,0.01638113443673861
HIS,6.0,37.655808505576665,-6.8846,1,5,5,0,0.8613,1.6195,0.7597469266479578,1DE3,A,92,6.9,596,648,539,8,0.47776553,6.5,Existing_Structures/generated_pka/1de3_model1.pka,resname+resseq+chain,0.8881842302218831,0.12843730357392524,0.4104187002218831
GLU,4.1,1.5592593688045489,1.5516,1,3,1,2,2.7975,4.9158,0.995013121263312,1DE3,A,96,5.1,597,649,540,8,0.9617326,4.5,Existing_Structures/generated_pka/1de3_model1.pka,resname+resseq+chain,0.9987426574886448,0.0037295362253327857,0.03701005748864472
HIS,6.0,49.99266839546448,3.2476,1,2,2,1,0.0154,0.0,0.8631931113967901,1DE3,A,104,6.6,599,651,541,8,0.8714623,6.5,Existing_Structures/generated_pka/1de3_model1.pka,resname+resseq+chain,0.8881842302218831,0.024991118825092973,0.016721930221883063
ASP,3.9,93.93759593284496,18.1714,0,5,3,1,1.3461,2.5001,0.9998005135712784,1DE3,A,109,3.7,601,653,542,8,0.985085,3.8,Existing_Structures/generated_pka/1de3_model1.pka,resname+resseq+chain,0.9997488744367387,-5.1639134539760434e-05,0.014663874436738666
GLU,4.1,79.3200821440837,9.2449,1,4,2,1,0.4268,0.9875,0.99684769081674,1DE3,A,115,4.9,602,654,543,8,0.9707281,4.5,Existing_Structures/generated_pka/1de3_model1.pka,resname+resseq+chain,0.9987426574886448,0.0018949666719048075,0.028014557488644787
HIS,6.0,7.199935081971677,1.2288,1,2,1,3,0.3423,0.6503,0.975496632449664,1DE3,A,137,5.8,603,655,544,8,0.613399,6.5,Existing_Structures/generated_pka/1de3_model1.pka,resname+resseq+chain,0.8881842302218831,-0.08731240222778092,0.27478523022188306
GLU,4.1,47.40552721090086,6.5445,2,5,1,3,2.1791,3.0285,0.9992063022218308,1DE3,A,140,4.3,604,656,545,8,1.0090184,4.5,Existing_Structures/generated_pka/1de3_model1.pka,resname+resseq+chain,0.9987426574886448,-0.0004636447331860527,-0.010275742511355213
GLU,4.1,97.41509547932438,5.9566,2,4,1,3,2.8873,4.4176,0.9992063022218308,1DE3,A,144,4.3,605,657,546,8,1.0131264,4.5,Existing_Structures/generated_pka/1de3_model1.pka,resname+resseq+chain,0.9987426574886448,-0.0004636447331860527,-0.014383742511355213
HIS,6.0,46.70397753160293,3.7082,0,1,0,1,0.0,0.0,0.3868631798468573,1DE3,A,150,7.6,606,658,547,8,0.7963483,6.5,Existing_Structures/generated_pka/1de3_model1.pka,resname+resseq+chain,0.8881842302218831,0.5013210503750258,0.09183593022188308
ASP,3.9,101.5049464654841,-15.4304,1,0,3,3,2.0254,2.1702,0.999890364201712,1LNI,A,1,3.44,607,659,548,7,0.9988503,,Existing_Structures/generated_pka/1lni_model1.pka,resname+resseq+chain,,,
GLU,4.1,24.885599093060733,4.1833,3,0,2,1,4.2993,4.8958,0.9958486120307296,1LNI,A,14,5.02,608,661,549,7,1.0053284,4.5,Existing_Structures/generated_pka/1lni_model1.pka,resname+resseq+chain,0.9987426574886448,0.002894045457915162,-0.0065857425113552415
ASP,3.9,78.5380849057745,-0.0542,2,0,4,1,5.3264,6.7728,0.9997911140293796,1LNI,A,17,3.72,609,662,550,7,0.9856942,3.8,Existing_Structures/generated_pka/1lni_model1.pka,resname+resseq+chain,0.9997488744367387,-4.22395926409358e-05,0.01405467443673869
ASP,3.9,105.53812804046984,-9.4763,0,0,4,1,1.7225,2.4641,0.99705747478091,1LNI,A,25,4.87,610,663,551,7,0.9814032,3.8,Existing_Structures/generated_pka/1lni_model1.pka,resname+resseq+chain,0.9997488744367387,0.0026913996558286524,0.018345674436738624
TYR,10.5,31.754882355818097,-1.1623,4,0,1,2,1.597,2.656,0.0001258766942425,1LNI,A,30,11.3,611,664,552,7,-0.011461853,10.0,Existing_Structures/generated_pka/1lni_model1.pka,resname+resseq+chain,0.002505592667285737,0.0023797159730432373,0.013967445667285736
ASP,3.9,0.4487020162274504,11.9972,3,0,3,1,3.2367,5.8627,0.9999902277232888,1LNI,A,33,2.39,612,665,553,7,0.76854444,3.8,Existing_Structures/generated_pka/1lni_model1.pka,resname+resseq+chain,0.9997488744367387,-0.00024135328655017219,0.23120443443673866
GLU,4.1,61.688531387761344,8.2234,3,0,3,2,2.9689,4.5932,0.9994507609554468,1LNI,A,41,4.14,613,666,554,7,1.0007513,4.5,Existing_Structures/generated_pka/1lni_model1.pka,resname+resseq+chain,0.9987426574886448,-0.0007081034668020569,-0.00200864251135513
TYR,10.5,79.11330302666444,0.8415,2,0,0,1,0.7813,1.0537,0.0006305594883398,1LNI,A,49,10.6,614,667,555,7,0.048124954,10.0,Existing_Structures/generated_pka/1lni_model1.pka,resname+resseq+chain,0.002505592667285737,0.0018750331789459372,-0.04561936133271426
HIS,6.0,39.6196289378772,-7.241,0,0,3,3,1.2371,1.8336,0.1188622164463019,1LNI,A,53,8.27,616,669,556,7,0.77991647,6.5,Existing_Structures/generated_pka/1lni_model1.pka,resname+resseq+chain,0.8881842302218831,0.7693220137755812,0.10826776022188311
GLU,4.1,12.66396859354312,11.4385,4,0,2,3,4.0041,4.7597,0.9998952981088288,1LNI,A,54,3.42,617,670,557,7,1.0027698,4.5,Existing_Structures/generated_pka/1lni_model1.pka,resname+resseq+chain,0.9987426574886448,-0.0011526406201840533,-0.004027142511355275
GLU,4.1,79.16748624161525,-11.6004,0,0,2,3,1.1414,1.6472,0.9998825240467272,1LNI,A,74,3.47,619,672,558,7,1.000981,4.5,Existing_Structures/generated_pka/1lni_model1.pka,resname+resseq+chain,0.9987426574886448,-0.001139866558082403,-0.002238342511355129
GLU,4.1,14.855985054881868,-10.1417,0,0,2,2,2.7805,3.864,0.9999462997042396,1LNI,A,78,3.13,620,673,559,7,0.9660826,4.5,Existing_Structures/generated_pka/1lni_model1.pka,resname+resseq+chain,0.9987426574886448,-0.00120364221559488,0.032660057488644756
ASP,3.9,11.970506288498708,-4.8634,1,0,2,3,2.7093,3.0766,0.5172625244323764,1LNI,A,79,7.37,621,674,560,7,0.83292645,3.8,Existing_Structures/generated_pka/1lni_model1.pka,resname+resseq+chain,0.9997488744367387,0.48248635000436224,0.16682242443673867
ASP,3.9,43.45070191613833,11.0798,3,0,1,2,3.1818,4.8479,0.9999592636317388,1LNI,A,84,3.01,624,677,561,7,1.0007842,3.8,Existing_Structures/generated_pka/1lni_model1.pka,resname+resseq+chain,0.9997488744367387,-0.00021038919500016018,-0.0010353255632613578
HIS,6.0,62.5075500307622,1.8141,4,0,1,2,1.3509,1.5353,0.918168175244848,1LNI,A,85,6.35,625,678,562,7,0.6828627,6.5,Existing_Structures/generated_pka/1lni_model1.pka,resname+resseq+chain,0.8881842302218831,-0.029983945022964864,0.20532153022188304
ASP,3.9,47.51464648068748,6.2233,0,0,2,1,4.3717,6.1474,0.9999510245167786,1LNI,A,93,3.09,627,680,563,7,1.006237,3.8,Existing_Structures/generated_pka/1lni_model1.pka,resname+resseq+chain,0.9997488744367387,-0.0002021500800399867,-0.006488125563261393
GLU,4.1,38.480447880260925,5.0686,2,3,0,2,2.0904,3.1933,0.9999776132897904,7RSA,A,2,2.75,628,683,564,1,0.9924245,4.5,Existing_Structures/generated_pka/7rsa_model1.pka,resname+resseq+chain,0.9987426574886448,-0.0012349558011456319,0.006318157488644727
GLU,4.1,38.480447880260925,5.0686,2,3,0,2,2.0904,3.1933,0.9999748817666264,7RSA,A,2,2.8,629,684,565,1,0.9924245,4.5,Existing_Structures/generated_pka/7rsa_model1.pka,resname+resseq+chain,0.9987426574886448,-0.0012322242779816417,0.006318157488644727
GLU,4.1,38.480447880260925,5.0686,2,3,0,2,2.0904,3.1933,0.9999800477749496,7RSA,A,2,2.7,630,685,566,1,0.9924245,4.5,Existing_Structures/generated_pka/7rsa_model1.pka,resname+resseq+chain,0.9987426574886448,-0.0012373902863048736,0.006318157488644727
GLU,4.1,52.56127166529517,7.515,2,2,2,3,2.9986,4.3383,0.9996020512556952,7RSA,A,9,4.0,631,686,567,1,1.0014551,4.5,Existing_Structures/generated_pka/7rsa_model1.pka,resname+resseq+chain,0.9987426574886448,-0.0008593937670504648,-0.002712442511355273
GLU,4.1,52.56127166529517,7.515,2,2,2,3,2.9986,4.3383,0.9996020512556952,7RSA,A,9,4.0,632,687,568,1,1.0014551,4.5,Existing_Structures/generated_pka/7rsa_model1.pka,resname+resseq+chain,0.9987426574886448,-0.0008593937670504648,-0.002712442511355273
GLU,4.1,52.56127166529517,7.515,2,2,2,3,2.9986,4.3383,0.9996020512556952,7RSA,A,9,4.0,633,688,569,1,1.0014551,4.5,Existing_Structures/generated_pka/7rsa_model1.pka,resname+resseq+chain,0.9987426574886448,-0.0008593937670504648,-0.002712442511355273
HIS,6.0,9.00362396593595,-19.4094,4,3,3,3,2.9873,3.6907,0.9543232189603376,7RSA,A,12,6.08,634,689,570,1,0.62018657,6.5,Existing_Structures/generated_pka/7rsa_model1.pka,resname+resseq+chain,0.8881842302218831,-0.06613898873845447,0.2679976602218831
HIS,6.0,9.00362396593595,-19.4094,4,3,3,3,2.9873,3.6907,0.9590873001033208,7RSA,A,12,6.03,635,690,571,1,0.62018657,6.5,Existing_Structures/generated_pka/7rsa_model1.pka,resname+resseq+chain,0.8881842302218831,-0.07090306988143769,0.2679976602218831
HIS,6.0,9.00362396593595,-19.4094,4,3,3,3,2.9873,3.6907,0.9406490568972324,7RSA,A,12,6.2,636,691,572,1,0.62018657,6.5,Existing_Structures/generated_pka/7rsa_model1.pka,resname+resseq+chain,0.8881842302218831,-0.05246482667534935,0.2679976602218831
HIS,6.0,9.00362396593595,-19.4094,4,3,3,3,2.9873,3.6907,0.9617134961177454,7RSA,A,12,6.0,637,692,573,1,0.62018657,6.5,Existing_Structures/generated_pka/7rsa_model1.pka,resname+resseq+chain,0.8881842302218831,-0.07352926589586228,0.2679976602218831
ASP,3.9,84.87198346947736,11.3672,3,6,1,1,1.2191,1.9696,0.9999748817666264,7RSA,A,38,2.8,639,694,574,1,1.0082892,3.8,Existing_Structures/generated_pka/7rsa_model1.pka,resname+resseq+chain,0.9997488744367387,-0.0002260073298877563,-0.008540325563261453
ASP,3.9,84.87198346947736,11.3672,3,6,1,1,1.2191,1.9696,0.9998741233057576,7RSA,A,38,3.5,640,695,575,1,1.0082892,3.8,Existing_Structures/generated_pka/7rsa_model1.pka,resname+resseq+chain,0.9997488744367387,-0.00012524886901899013,-0.008540325563261453
ASP,3.9,84.87198346947736,11.3672,3,6,1,1,1.2191,1.9696,0.9999949881527824,7RSA,A,38,2.1,641,696,576,1,1.0082892,3.8,Existing_Structures/generated_pka/7rsa_model1.pka,resname+resseq+chain,0.9997488744367387,-0.0002461137160437721,-0.008540325563261453
HIS,6.0,0.0440432183843964,-37.6131,2,1,3,2,4.6299,5.1717,0.9617134961177454,7RSA,A,48,6.0,642,697,577,1,0.8233774,6.5,Existing_Structures/generated_pka/7rsa_model1.pka,resname+resseq+chain,0.8881842302218831,-0.07352926589586228,0.06480683022188305
GLU,4.1,30.813658840486173,-0.3652,1,1,2,2,2.028,3.1081,0.9987426574886448,7RSA,A,49,4.5,643,698,578,1,0.95261145,4.5,Existing_Structures/generated_pka/7rsa_model1.pka,resname+resseq+chain,0.9987426574886448,0.0,0.04613120748864474
GLU,4.1,30.813658840486173,-0.3652,1,1,2,2,2.028,3.1081,0.9980087108292718,7RSA,A,49,4.7,644,699,579,1,0.95261145,4.5,Existing_Structures/generated_pka/7rsa_model1.pka,resname+resseq+chain,0.9987426574886448,0.000733946659372986,0.04613120748864474
GLU,4.1,30.813658840486173,-0.3652,1,1,2,2,2.028,3.1081,0.9992063022218308,7RSA,A,49,4.3,645,700,580,1,0.95261145,4.5,Existing_Structures/generated_pka/7rsa_model1.pka,resname+resseq+chain,0.9987426574886448,-0.0004636447331860527,0.04613120748864474
ASP,3.9,72.64557972222735,-2.634,0,2,2,2,3.9779,6.0177,0.9997488744367388,7RSA,A,53,3.8,646,701,581,1,1.0040905,3.8,Existing_Structures/generated_pka/7rsa_model1.pka,resname+resseq+chain,0.9997488744367387,-1.1102230246251565e-16,-0.004341625563261342
ASP,3.9,72.64557972222735,-2.634,0,2,2,2,3.9779,6.0177,0.9996838722023704,7RSA,A,53,3.9,647,702,582,1,1.0040905,3.8,Existing_Structures/generated_pka/7rsa_model1.pka,resname+resseq+chain,0.9997488744367387,6.500223436822772e-05,-0.004341625563261342
ASP,3.9,72.64557972222735,-2.634,0,2,2,2,3.9779,6.0177,0.9998005135712784,7RSA,A,53,3.7,648,703,583,1,1.0040905,3.8,Existing_Structures/generated_pka/7rsa_model1.pka,resname+resseq+chain,0.9997488744367387,-5.1639134539760434e-05,-0.004341625563261342
ASP,3.9,21.329891107354577,13.6644,1,4,3,1,3.7215,4.9192,0.999900009999,7RSA,A,83,3.4,649,704,584,1,1.0045588,3.8,Existing_Structures/generated_pka/7rsa_model1.pka,resname+resseq+chain,0.9997488744367387,-0.00015113556226131752,-0.00480992556326143
ASP,3.9,21.329891107354577,13.6644,1,4,3,1,3.7215,4.9192,0.9998741233057576,7RSA,A,83,3.5,650,705,585,1,1.0045588,3.8,Existing_Structures/generated_pka/7rsa_model1.pka,resname+resseq+chain,0.9997488744367387,-0.00012524886901899013,-0.00480992556326143
ASP,3.9,21.329891107354577,13.6644,1,4,3,1,3.7215,4.9192,0.9999205734856,7RSA,A,83,3.3,651,706,586,1,1.0045588,3.8,Existing_Structures/generated_pka/7rsa_model1.pka,resname+resseq+chain,0.9997488744367387,-0.00017169904886138454,-0.00480992556326143
GLU,4.1,30.93973947006876,5.6292,2,4,1,1,3.2214,5.0094,0.9995535158449952,7RSA,A,86,4.05,652,707,587,1,1.0073596,4.5,Existing_Structures/generated_pka/7rsa_model1.pka,resname+resseq+chain,0.9987426574886448,-0.000810858356350419,-0.008616942511355252
GLU,4.1,30.93973947006876,5.6292,2,4,1,1,3.2214,5.0094,0.9994990638291864,7RSA,A,86,4.1,653,708,588,1,1.0073596,4.5,Existing_Structures/generated_pka/7rsa_model1.pka,resname+resseq+chain,0.9987426574886448,-0.0007564063405416377,-0.008616942511355252
GLU,4.1,30.93973947006876,5.6292,2,4,1,1,3.2214,5.0094,0.9996020512556952,7RSA,A,86,4.0,654,709,589,1,1.0073596,4.5,Existing_Structures/generated_pka/7rsa_model1.pka,resname+resseq+chain,0.9987426574886448,-0.0008593937670504648,-0.008616942511355252
HIS,6.0,34.862553739731936,-12.5997,0,2,1,1,0.8067,0.652,0.8430219644140362,7RSA,A,105,6.67,655,710,590,1,0.7594808,6.5,Existing_Structures/generated_pka/7rsa_model1.pka,resname+resseq+chain,0.8881842302218831,0.04516226580784688,0.12870343022188313
HIS,6.0,34.862553739731936,-12.5997,0,2,1,1,0.8067,0.652,0.7917488375081845,7RSA,A,105,6.82,656,711,591,1,0.7594808,6.5,Existing_Structures/generated_pka/7rsa_model1.pka,resname+resseq+chain,0.8881842302218831,0.09643539271369861,0.12870343022188313
HIS,6.0,34.862553739731936,-12.5997,0,2,1,1,0.8067,0.652,0.8336624691834381,7RSA,A,105,6.7,657,712,592,1,0.7594808,6.5,Existing_Structures/generated_pka/7rsa_model1.pka,resname+resseq+chain,0.8881842302218831,0.05452176103844497,0.12870343022188313
HIS,6.0,34.862553739731936,-12.5997,0,2,1,1,0.8067,0.652,0.8881842302218831,7RSA,A,105,6.5,658,713,593,1,0.7594808,6.5,Existing_Structures/generated_pka/7rsa_model1.pka,resname+resseq+chain,0.8881842302218831,0.0,0.12870343022188313
GLU,4.1,65.48997632785729,5.3006,0,1,1,1,1.6547,2.7216,0.9998741233057576,7RSA,A,111,3.5,659,714,594,1,0.97708315,4.5,Existing_Structures/generated_pka/7rsa_model1.pka,resname+resseq+chain,0.9987426574886448,-0.0011314658171128755,0.021659507488644758
GLU,4.1,65.48997632785729,5.3006,0,1,1,1,1.6547,2.7216,0.9998741233057576,7RSA,A,111,3.5,660,715,595,1,0.97708315,4.5,Existing_Structures/generated_pka/7rsa_model1.pka,resname+resseq+chain,0.9987426574886448,-0.0011314658171128755,0.021659507488644758
GLU,4.1,65.48997632785729,5.3006,0,1,1,1,1.6547,2.7216,0.9998741233057576,7RSA,A,111,3.5,661,716,596,1,0.97708315,4.5,Existing_Structures/generated_pka/7rsa_model1.pka,resname+resseq+chain,0.9987426574886448,-0.0011314658171128755,0.021659507488644758
HIS,6.0,56.90951254192237,-1.6964,1,3,1,2,0.7635,1.3423,0.9248272212397116,7RSA,A,119,6.31,662,717,597,1,0.87154555,6.5,Existing_Structures/generated_pka/7rsa_model1.pka,resname+resseq+chain,0.8881842302218831,-0.03664299101782853,0.016638680221883084
HIS,6.0,56.90951254192237,-1.6964,1,3,1,2,0.7635,1.3423,0.9215623250569782,7RSA,A,119,6.33,663,718,598,1,0.87154555,6.5,Existing_Structures/generated_pka/7rsa_model1.pka,resname+resseq+chain,0.8881842302218831,-0.03337809483509513,0.016638680221883084
HIS,6.0,56.90951254192237,-1.6964,1,3,1,2,0.7635,1.3423,0.9522732789657962,7RSA,A,119,6.1,664,719,599,1,0.87154555,6.5,Existing_Structures/generated_pka/7rsa_model1.pka,resname+resseq+chain,0.8881842302218831,-0.06408904874391308,0.016638680221883084
HIS,6.0,56.90951254192237,-1.6964,1,3,1,2,0.7635,1.3423,0.8881842302218831,7RSA,A,119,6.5,665,720,600,1,0.87154555,6.5,Existing_Structures/generated_pka/7rsa_model1.pka,resname+resseq+chain,0.8881842302218831,0.0,0.016638680221883084
ASP,3.9,7.7114171522720625,5.4659,1,5,2,1,2.7182,3.8826,0.9999553336359582,7RSA,A,121,3.05,666,721,601,1,0.8542865,3.8,Existing_Structures/generated_pka/7rsa_model1.pka,resname+resseq+chain,0.9997488744367387,-0.00020645919921957745,0.1454623744367387
ASP,3.9,7.7114171522720625,5.4659,1,5,2,1,2.7182,3.8826,0.9999498837883978,7RSA,A,121,3.1,667,722,602,1,0.8542865,3.8,Existing_Structures/generated_pka/7rsa_model1.pka,resname+resseq+chain,0.9997488744367387,-0.00020100935165912048,0.1454623744367387
ASP,3.9,7.7114171522720625,5.4659,1,5,2,1,2.7182,3.8826,0.9999601908677748,7RSA,A,121,3.0,668,723,603,1,0.8542865,3.8,Existing_Structures/generated_pka/7rsa_model1.pka,resname+resseq+chain,0.9997488744367387,-0.00021131643103611264,0.1454623744367387
ASP,3.9,88.70184456962636,9.4818,0,7,1,1,2.3036,3.1329,0.9999610969990028,1DIV,A,8,2.99,669,725,604,10,1.0078816,3.8,Existing_Structures/generated_pka/1div_model1.pka,resname+resseq+chain,0.9997488744367387,-0.0002122225622641638,-0.008132725563261278
GLU,4.1,51.11765099969012,10.3695,0,8,1,4,2.6134,3.4325,0.999852111035564,1DIV,A,17,3.57,670,726,605,10,0.8706779,4.5,Existing_Structures/generated_pka/1div_model1.pka,resname+resseq+chain,0.9987426574886448,-0.0011094535469192701,0.12806475748864476
ASP,3.9,86.19764542537058,8.63,0,3,1,1,2.0508,2.4708,0.9999553336359582,1DIV,A,23,3.05,671,727,606,10,1.0098327,3.8,Existing_Structures/generated_pka/1div_model1.pka,resname+resseq+chain,0.9997488744367387,-0.00020645919921957745,-0.010083825563261373
GLU,4.1,55.26098255520494,14.9808,0,5,1,2,1.601,2.2231,0.9995636746306916,1DIV,A,38,4.04,672,728,607,10,1.0002475,4.5,Existing_Structures/generated_pka/1div_model1.pka,resname+resseq+chain,0.9987426574886448,-0.0008210171420468537,-0.0015048425113551867
GLU,4.1,52.39626434835586,5.8209,1,5,0,3,3.7264,5.0751,0.9993547623713688,1DIV,A,48,4.21,673,729,608,10,1.0147419,4.5,Existing_Structures/generated_pka/1div_model1.pka,resname+resseq+chain,0.9987426574886448,-0.0006121048827240072,-0.015999242511355205
GLU,4.1,37.60676523442083,5.405,1,4,0,4,3.0452,4.4999,0.9993547623713688,1DIV,A,54,4.21,674,730,609,10,0.98737043,4.5,Existing_Structures/generated_pka/1div_model1.pka,resname+resseq+chain,0.9987426574886448,-0.0006121048827240072,0.011372227488644748
GLU,4.1,69.5656963509033,-2.5797,1,4,1,3,2.2534,2.8011,0.9993837849532564,1AZP,A,11,4.19,675,731,610,8,1.0199072,4.5,Existing_Structures/generated_pka/1azp_model1.pka,resname+resseq+chain,0.9987426574886448,-0.000641127464611646,-0.021164542511355244
GLU,4.1,66.31984006983656,-3.7325,1,5,1,3,1.189,1.6927,0.9989777530658436,1AZP,A,12,4.41,676,732,611,8,1.0137178,4.5,Existing_Structures/generated_pka/1azp_model1.pka,resname+resseq+chain,0.9987426574886448,-0.00023509557719880725,-0.014975142511355233
GLU,4.1,47.006126463491135,4.3079,1,5,4,3,2.2736,3.495,0.9996020512556952,1AZP,A,14,4.0,677,733,612,8,0.8782738,4.5,Existing_Structures/generated_pka/1azp_model1.pka,resname+resseq+chain,0.9987426574886448,-0.0008593937670504648,0.12046885748864478
ASP,3.9,36.4463086341358,15.4834,1,5,3,2,5.673,7.7049,0.999969098000638,1AZP,A,16,2.89,678,734,613,8,0.9898203,3.8,Existing_Structures/generated_pka/1azp_model1.pka,resname+resseq+chain,0.9997488744367387,-0.00022022356389939102,0.009928574436738669
ASP,3.9,39.96299118557199,6.2842,1,6,3,1,4.3369,5.1201,0.9998952981088288,1AZP,A,35,3.42,679,735,614,8,0.99302596,3.8,Existing_Structures/generated_pka/1azp_model1.pka,resname+resseq+chain,0.9997488744367387,-0.00014642367209016793,0.0067229144367386695
ASP,3.9,50.32257739706571,-4.9582,1,6,3,3,3.3316,3.9386,0.9999475220080593,1AZP,A,36,3.12,680,736,615,8,0.93678486,3.8,Existing_Structures/generated_pka/1azp_model1.pka,resname+resseq+chain,0.9997488744367387,-0.00019864757132059818,0.0629640144367386
GLU,4.1,42.63048101361116,3.3856,1,4,2,3,2.9272,3.6174,0.9993547623713688,1AZP,A,47,4.21,681,737,616,8,1.007582,4.5,Existing_Structures/generated_pka/1azp_model1.pka,resname+resseq+chain,0.9987426574886448,-0.0006121048827240072,-0.008839342511355208
ASP,3.9,64.65581489759022,1.3196,1,7,2,3,3.7812,4.6265,0.9998587661953428,1AZP,A,49,3.55,682,738,617,8,1.0170264,3.8,Existing_Structures/generated_pka/1azp_model1.pka,resname+resseq+chain,0.9997488744367387,-0.00010989175860409706,-0.017277525563261342
GLU,4.1,46.909621311011634,7.7151,3,5,3,2,2.4656,3.818,0.999865121906295,1AZP,A,53,3.53,683,739,618,8,0.9999673,4.5,Existing_Structures/generated_pka/1azp_model1.pka,resname+resseq+chain,0.9987426574886448,-0.001122464417650182,-0.001224642511355234
ASP,3.9,48.80330891061169,0.2587,3,3,1,4,5.1799,6.3315,0.9999108828487612,1AZP,A,56,3.35,684,740,619,8,1.0110555,3.8,Existing_Structures/generated_pka/1azp_model1.pka,resname+resseq+chain,0.9997488744367387,-0.00016200841202251848,-0.011306625563261452
GLU,4.1,61.25079032331884,-3.8039,3,4,1,2,2.6199,4.1129,0.999611106152269,1AZP,A,62,3.99,685,741,620,8,1.0095346,4.5,Existing_Structures/generated_pka/1azp_model1.pka,resname+resseq+chain,0.9987426574886448,-0.0008684486636242328,-0.01079194251135529
GLU,4.1,73.43888374173527,3.4483,3,4,1,2,3.08,3.9771,0.9993243738039768,1AZP,A,64,4.23,686,742,621,8,0.985349,4.5,Existing_Structures/generated_pka/1azp_model1.pka,resname+resseq+chain,0.9987426574886448,-0.0005817163153319926,0.013393657488644739
GLU,4.1,53.38615703896959,2.2569,4,2,1,3,1.572,2.458,0.9999369082463724,2CI2,I,23,3.2,687,743,622,2,1.0230323,4.5,Existing_Structures/generated_pka/2ci2_model1.pka,resname+resseq+chain,0.9987426574886448,-0.0011942507577276107,-0.024289642511355125
GLU,4.1,48.4276782888424,8.2816,1,3,1,4,1.6522,2.4454,0.9999205734856,2CI2,I,26,3.3,688,744,623,2,1.0091393,4.5,Existing_Structures/generated_pka/2ci2_model1.pka,resname+resseq+chain,0.9987426574886448,-0.00117791599695527,-0.010396642511355192
GLU,4.1,71.99158910775587,7.9082,0,3,1,2,3.2847,4.8076,0.99936944051166,2CI2,I,33,4.2,689,745,624,2,1.0022706,4.5,Existing_Structures/generated_pka/2ci2_model1.pka,resname+resseq+chain,0.9987426574886448,-0.0006267830230152205,-0.003527942511355131
GLU,4.1,65.27199283428354,-1.7492,0,3,2,3,3.4651,5.5021,0.9997488744367388,2CI2,I,34,3.8,690,746,625,2,0.9988407,4.5,Existing_Structures/generated_pka/2ci2_model1.pka,resname+resseq+chain,0.9987426574886448,-0.0010062169480939964,-9.804251135525632e-05
ASP,3.9,30.904787743708123,-1.5665,1,4,2,4,1.6624,2.6972,0.9999205734856,2CI2,I,42,3.3,691,747,626,2,0.996348,3.8,Existing_Structures/generated_pka/2ci2_model1.pka,resname+resseq+chain,0.9997488744367387,-0.00017169904886138454,0.0034008744367386434
GLU,4.1,60.43999604871463,3.2353,2,4,2,1,2.1141,3.453,0.9996838722023704,2CI2,I,45,3.9,692,748,627,2,1.0046076,4.5,Existing_Structures/generated_pka/2ci2_model1.pka,resname+resseq+chain,0.9987426574886448,-0.0009412147137256577,-0.0058649425113551645
GLU,4.1,59.640786930146646,3.0443,4,0,1,1,1.046,1.5227,0.9998741233057576,2CI2,I,60,3.5,693,749,628,2,0.96536016,4.5,Existing_Structures/generated_pka/2ci2_model1.pka,resname+resseq+chain,0.9987426574886448,-0.0011314658171128755,0.03338249748864475
ASP,3.9,31.754481209968898,19.2279,4,2,2,3,1.6797,2.7206,0.9997488744367388,2CI2,I,64,3.8,694,750,629,2,1.0167831,3.8,Existing_Structures/generated_pka/2ci2_model1.pka,resname+resseq+chain,0.9997488744367387,-1.1102230246251565e-16,-0.017034225563261396
ASP,3.9,47.570961208108415,12.9576,0,2,2,2,3.8667,4.8273,0.9999748817666264,2CI2,I,71,2.8,695,751,630,2,1.0012615,3.8,Existing_Structures/generated_pka/2ci2_model1.pka,resname+resseq+chain,0.9997488744367387,-0.0002260073298877563,-0.0015126255632613717
ASP,3.9,74.65915831294775,-15.3963,1,3,2,3,2.8324,3.7585,0.9960347143808476,2CI2,I,74,5.0,696,752,631,2,1.0027412,3.8,Existing_Structures/generated_pka/2ci2_model1.pka,resname+resseq+chain,0.9997488744367387,0.0037141600558910914,-0.0029923255632613444
CYS,8.3,0.3297305120788461,-0.2328,2,2,2,4,0.6075,0.7945,0.7597469266479578,1AO6,A,34,6.9,697,753,632,9,0.37130633,9.0,Existing_Structures/generated_pka/1ao6_model1.pka,resname+resseq+chain,0.02450336755033601,-0.7352435590976218,-0.346802962449664
HIS,6.0,76.62032874082398,-4.1338,1,4,1,3,0.0,0.0,0.8835282880564395,1STN,A,8,6.52,698,754,633,6,0.8928102,6.5,Existing_Structures/generated_pka/1stn_model1.pka,resname+resseq+chain,0.8881842302218831,0.004655942165443627,-0.004625969778116912
HIS,6.0,76.62032874082398,-4.1338,1,4,1,3,0.0,0.0,0.7917488375081845,1STN,A,8,6.82,699,755,634,6,0.8928102,6.5,Existing_Structures/generated_pka/1stn_model1.pka,resname+resseq+chain,0.8881842302218831,0.09643539271369861,-0.004625969778116912
HIS,6.0,81.45891120303325,-3.4921,1,3,1,3,0.0751,0.2244,0.8811377835536983,1EY7,A,8,6.53,700,756,635,1,0.8883614,6.5,Existing_Structures/generated_pka/1ey7_model1.pka,resname+resseq+chain,0.8881842302218831,0.007046446668184769,-0.00017716977811688128
HIS,6.0,77.99648595312469,-6.9109,1,4,1,2,0.014,0.0705,0.9431684791599028,2QDB,A,8,6.18,701,757,636,7,0.8692906,6.5,Existing_Structures/generated_pka/2qdb_model1.pka,resname+resseq+chain,0.8881842302218831,-0.054984248938019675,0.018893630221883062
HIS,6.0,86.39781775486075,-2.5586,1,2,1,2,0.0,0.0,0.9264124438824266,2RDF,A,8,6.3,702,758,637,6,0.7727564,6.5,Existing_Structures/generated_pka/2rdf_model1.pka,resname+resseq+chain,0.8881842302218831,-0.03822821366054352,0.11542783022188308
HIS,6.0,81.45170648702057,-0.1774,1,3,1,3,0.0724,0.1771,0.8881842302218831,3D6C,A,8,6.5,703,759,638,8,0.860248,6.5,Existing_Structures/generated_pka/3d6c_model1.pka,resname+resseq+chain,0.8881842302218831,0.0,0.027936230221883074
GLU,4.1,15.16209572406389,1.0889,1,3,2,3,1.0831,1.6117,0.9999736980118938,3BDC,A,10,2.82,704,760,639,2,1.0175543,4.5,Existing_Structures/generated_pka/3bdc_model1.pka,resname+resseq+chain,0.9987426574886448,-0.0012310405232490718,-0.018811642511355253
GLU,4.1,18.16760603163928,2.7626,1,3,2,3,0.9671,1.3715,0.9999498837883978,2RKS,A,10,3.1,705,761,640,3,0.9766378,4.5,Existing_Structures/generated_pka/2rks_model1.pka,resname+resseq+chain,0.9987426574886448,-0.0012072262997530059,0.02210485748864477
GLU,4.1,13.966301189701886,4.4983,1,3,2,3,1.2262,1.7759,0.9999498837883978,3D6C,A,10,3.1,706,762,641,8,0.97618777,4.5,Existing_Structures/generated_pka/3d6c_model1.pka,resname+resseq+chain,0.9987426574886448,-0.0012072262997530059,0.02255488748864476
ASP,3.9,24.52686047827627,-0.2467,2,4,3,4,4.4896,6.2887,0.9999935434993964,3BDC,A,19,2.21,707,763,642,2,1.0146406,3.8,Existing_Structures/generated_pka/3bdc_model1.pka,resname+resseq+chain,0.9997488744367387,-0.000244669062657743,-0.014891725563261238
GLU,4.1,4.0598851410707,-9.5405,2,6,3,5,3.976,5.8694,0.9987426574886448,5E1F,A,20,4.5,708,764,643,2,0.6123189,4.5,Existing_Structures/generated_pka/5e1f_model1.pka,resname+resseq+chain,0.9987426574886448,0.0,0.38642375748864477
ASP,3.9,8.434951417220875,0.2136,2,5,4,4,5.9774,7.2025,0.8787049512118517,3BDC,A,21,6.54,709,765,644,2,0.8890133,3.8,Existing_Structures/generated_pka/3bdc_model1.pka,resname+resseq+chain,0.9997488744367387,0.121043923224887,0.11073557443673865
ASP,3.9,23.40311333678427,20.8072,2,7,4,4,3.5286,4.7596,0.8881842302218831,2RKS,A,21,6.5,710,766,645,3,0.8589144,3.8,Existing_Structures/generated_pka/2rks_model1.pka,resname+resseq+chain,0.9997488744367387,0.11156464421485557,0.1408344744367387
ASP,3.9,6.401466857018595,4.626,2,7,4,5,5.213,6.5118,0.8631931113967901,3D6C,A,21,6.6,711,767,646,8,0.74004555,3.8,Existing_Structures/generated_pka/3d6c_model1.pka,resname+resseq+chain,0.9997488744367387,0.13655576303994854,0.2597033244367386
ASP,3.9,6.808934017322691,5.2079,2,4,4,3,2.8927,3.2449,0.7992399910868984,4KY5,A,23,6.8,712,768,647,5,0.75225896,3.8,Existing_Structures/generated_pka/4ky5_model1.pka,resname+resseq+chain,0.9997488744367387,0.2005088833498403,0.24748991443673862
GLU,4.1,0.0,7.2965,2,4,3,3,3.4365,3.706,0.6661394245831224,3QOL,A,23,7.1,713,769,648,9,0.61010736,4.5,Existing_Structures/generated_pka/3qol_model1.pka,resname+resseq+chain,0.9987426574886448,0.3326032329055224,0.3886352974886448
LYS,10.5,0.0,-3.1815,2,7,3,5,0.881,0.9554,0.557311633762293,3QOJ,A,23,7.3,714,770,649,10,0.8715082,10.5,Existing_Structures/generated_pka/3qoj_model1.pka,resname+resseq+chain,0.0007936977781692444,-0.5565179359841237,-0.8707145022218307
ASP,3.9,0.2336335513553328,10.5523,2,4,3,4,4.1652,5.5713,0.7992399910868984,4KY6,A,25,6.8,715,771,650,5,0.63490665,3.8,Existing_Structures/generated_pka/4ky6_model1.pka,resname+resseq+chain,0.9997488744367387,0.2005088833498403,0.36484222443673864
GLU,4.1,0.029845609173595,11.5575,2,5,2,5,3.4461,4.2588,0.4426883662377074,3EVQ,A,25,7.5,716,772,651,2,0.3064492,4.5,Existing_Structures/generated_pka/3evq_model1.pka,resname+resseq+chain,0.9987426574886448,0.5560542912509374,0.6922934574886448
LYS,10.5,0.0,-0.5724,3,9,3,5,0.0,0.0,0.9264124438824266,3ERQ,A,25,6.3,717,773,652,6,0.6474888,10.5,Existing_Structures/generated_pka/3erq_model1.pka,resname+resseq+chain,0.0007936977781692444,-0.9256187461042573,-0.6466951022218307
LYS,10.5,0.0097840363891732,0.7655,3,5,3,3,0.0,0.0,0.6661394245831224,3ITP,A,34,7.1,718,774,653,10,0.71197224,10.5,Existing_Structures/generated_pka/3itp_model1.pka,resname+resseq+chain,0.0007936977781692444,-0.6653457268049531,-0.7111785422218307
ASP,3.9,3.365909554913398,-4.937,3,3,6,4,3.2808,4.5939,0.2402530733520421,4HMJ,A,36,7.9,719,775,654,4,0.66793317,3.8,Existing_Structures/generated_pka/4hmj_model1.pka,resname+resseq+chain,0.9997488744367387,0.7594958010846966,0.3318157044367387
GLU,4.1,0.0791839101317924,-5.3777,3,3,5,5,3.3162,4.585,0.047726721034204,3TP8,A,36,8.7,720,776,655,8,0.6251087,4.5,Existing_Structures/generated_pka/3tp8_model1.pka,resname+resseq+chain,0.9987426574886448,0.9510159364544408,0.3736339574886448
LYS,10.5,0.0,-15.4297,2,7,3,6,0.8199,1.096,0.6131368201531431,3EJI,A,36,7.2,721,777,656,6,0.8887326,10.5,Existing_Structures/generated_pka/3eji_model1.pka,resname+resseq+chain,0.0007936977781692444,-0.6123431223749738,-0.8879389022218307
GLU,4.1,0.0449358566593334,-11.8792,4,4,4,5,2.3249,3.4747,0.7152527510491988,5ISR,A,38,7.0,722,778,657,5,0.6406922,4.5,Existing_Structures/generated_pka/5isr_model1.pka,resname+resseq+chain,0.9987426574886448,0.28348990643944594,0.3580504574886447
GLU,4.1,0.0449358566593334,-11.8792,4,4,4,5,2.3249,3.4747,0.7992399910868984,5ISR,A,38,6.8,723,779,658,5,0.6406922,4.5,Existing_Structures/generated_pka/5isr_model1.pka,resname+resseq+chain,0.9987426574886448,0.1995026664017464,0.3580504574886447
LYS,10.5,2.560186218231055,-27.6094,2,5,2,4,0.4456,0.6699,0.0009990009990009,2RKS,A,38,10.4,724,780,659,3,0.35496432,10.5,Existing_Structures/generated_pka/2rks_model1.pka,resname+resseq+chain,0.0007936977781692444,-0.00020530322083165548,-0.35417062222183077
ASP,3.9,0.0,-18.258,4,1,6,4,3.1818,3.793,0.1663375308165621,3SK5,A,39,8.1,725,781,660,2,0.4875699,3.8,Existing_Structures/generated_pka/3sk5_model1.pka,resname+resseq+chain,0.9997488744367387,0.8334113436201765,0.5121789744367387
ASP,3.9,46.526325301536986,-2.5966,4,2,4,4,2.9295,3.8061,0.999704966147996,3BDC,A,40,3.87,726,782,661,2,1.0033455,3.8,Existing_Structures/generated_pka/3bdc_model1.pka,resname+resseq+chain,0.9997488744367387,4.3908288742677826e-05,-0.0035966255632613464
ASP,3.9,69.04943762785733,4.5652,4,4,4,5,2.8628,4.3722,0.9997488744367388,2RKS,A,40,3.8,727,783,662,3,1.0022548,3.8,Existing_Structures/generated_pka/2rks_model1.pka,resname+resseq+chain,0.9997488744367387,-1.1102230246251565e-16,-0.0025059255632613464
ASP,3.9,37.88539543648979,-1.6036,4,3,4,5,2.8658,4.3334,0.9996838722023704,3D6C,A,40,3.9,728,784,663,8,1.0049012,3.8,Existing_Structures/generated_pka/3d6c_model1.pka,resname+resseq+chain,0.9997488744367387,6.500223436822772e-05,-0.005152325563261284
GLU,4.1,73.84876788495201,-10.8036,2,2,3,3,2.4901,3.7932,0.9991689274849066,3BDC,A,43,4.32,729,785,664,2,0.9993534,4.5,Existing_Structures/generated_pka/3bdc_model1.pka,resname+resseq+chain,0.9987426574886448,-0.00042626999626182993,-0.0006107425113551779
GLU,4.1,45.95860863277376,-5.0082,2,5,3,3,3.5124,5.1344,0.9987426574886448,2RKS,A,43,4.5,730,786,665,3,1.0094442,4.5,Existing_Structures/generated_pka/2rks_model1.pka,resname+resseq+chain,0.9987426574886448,0.0,-0.010701542511355133
GLU,4.1,28.15827672543894,-5.8034,2,5,3,3,2.6434,4.5735,0.9990009990009991,3D6C,A,43,4.4,731,787,666,8,0.9656366,4.5,Existing_Structures/generated_pka/3d6c_model1.pka,resname+resseq+chain,0.9987426574886448,-0.0002583415123543764,0.03310605748864481
HIS,6.0,24.089950397799733,21.393,2,4,3,2,0.8011,1.1187,0.9719681328483034,1STN,A,46,5.86,732,788,667,6,0.8158665,6.5,Existing_Structures/generated_pka/1stn_model1.pka,resname+resseq+chain,0.8881842302218831,-0.08378390262642033,0.07231773022188304
HIS,6.0,24.089950397799733,21.393,2,4,3,2,0.8011,1.1187,0.975496632449664,1STN,A,46,5.8,733,789,668,6,0.8158665,6.5,Existing_Structures/generated_pka/1stn_model1.pka,resname+resseq+chain,0.8881842302218831,-0.08731240222778092,0.07231773022188304
HIS,6.0,58.28462748404518,16.2891,2,4,3,2,0.0,0.0,0.8904506387229247,1EY7,A,46,6.49,734,790,669,1,0.8361001,6.5,Existing_Structures/generated_pka/1ey7_model1.pka,resname+resseq+chain,0.8881842302218831,-0.00226640850104165,0.052084130221883074
GLU,4.1,60.34897216709122,-2.3475,0,2,3,3,2.6726,3.8816,0.9996612706203316,3BDC,A,52,3.93,735,793,670,2,0.9808646,4.5,Existing_Structures/generated_pka/3bdc_model1.pka,resname+resseq+chain,0.9987426574886448,-0.0009186131316868407,0.017878057488644794
GLU,4.1,29.915907396388143,1.7697,0,5,2,3,2.4024,3.577,0.9994990638291864,2RKS,A,52,4.1,736,794,671,3,0.9794353,4.5,Existing_Structures/generated_pka/2rks_model1.pka,resname+resseq+chain,0.9987426574886448,-0.0007564063405416377,0.01930735748864476
GLU,4.1,43.08131973782153,-0.7134,0,5,3,3,2.5412,3.9421,0.9996020512556952,3D6C,A,52,4.0,737,795,672,8,0.9707087,4.5,Existing_Structures/generated_pka/3d6c_model1.pka,resname+resseq+chain,0.9987426574886448,-0.0008593937670504648,0.02803395748864479
GLU,4.1,60.66346397930997,0.929,0,3,3,3,2.5637,3.4708,0.9998769882566692,3BDC,A,57,3.49,738,796,673,2,0.9928265,4.5,Existing_Structures/generated_pka/3bdc_model1.pka,resname+resseq+chain,0.9987426574886448,-0.001134330768024383,0.005916157488644824
GLU,4.1,62.1291730043808,7.4064,0,4,3,3,2.8157,4.9979,0.9998415357956376,2RKS,A,57,3.6,739,797,674,3,0.999727,4.5,Existing_Structures/generated_pka/2rks_model1.pka,resname+resseq+chain,0.9987426574886448,-0.0010988783069928454,-0.0009843425113552629
GLU,4.1,61.79361851069963,6.1311,0,3,3,3,2.5672,4.0115,0.9998415357956376,3D6C,A,57,3.6,740,798,675,8,0.9956962,4.5,Existing_Structures/generated_pka/3d6c_model1.pka,resname+resseq+chain,0.9987426574886448,-0.0010988783069928454,0.003046457488644738
ASP,3.9,1.3872997283462802,-16.4873,2,4,4,4,4.1294,6.6516,0.7992399910868984,5I6W,A,58,6.8,741,799,676,8,0.79013795,3.8,Existing_Structures/generated_pka/5i6w_model1.pka,resname+resseq+chain,0.9997488744367387,0.2005088833498403,0.20961092443673868
ASP,3.9,0.4688307019003083,-9.1392,2,5,4,3,3.4262,5.4771,0.0382865038822547,5IIF,A,62,8.8,742,800,677,10,0.52980363,3.8,Existing_Structures/generated_pka/5iif_model1.pka,resname+resseq+chain,0.9997488744367387,0.9614623705544839,0.4699452444367387
GLU,4.1,0.3211890308009835,-5.1458,2,5,3,4,3.3164,5.5004,0.333860575416878,6EEG,A,62,7.7,743,801,678,5,0.33927402,4.5,Existing_Structures/generated_pka/6eeg_model1.pka,resname+resseq+chain,0.9987426574886448,0.6648820820717667,0.6594686374886447
LYS,10.5,0.1140694162941679,-10.1874,2,6,3,5,1.8827,2.5038,0.1663375308165621,3DMU,A,62,8.1,744,802,679,4,0.23342714,10.5,Existing_Structures/generated_pka/3dmu_model1.pka,resname+resseq+chain,0.0007936977781692444,-0.16554383303839287,-0.23263344222183077
ASP,3.9,1.490615479129248,-8.3442,0,7,4,3,2.2768,4.5772,0.047726721034204,2OXP,A,66,8.7,745,803,680,10,0.3115506,3.8,Existing_Structures/generated_pka/2oxp_model1.pka,resname+resseq+chain,0.9997488744367387,0.9520221534025346,0.6881982744367386
GLU,4.1,0.6659937908928637,-7.3484,0,7,3,4,2.0614,3.8229,0.0735875561175735,5EGT,A,66,8.5,746,804,681,3,0.25955805,4.5,Existing_Structures/generated_pka/5egt_model1.pka,resname+resseq+chain,0.9987426574886448,0.9251551013710713,0.7391846074886448
LYS,10.5,0.0,-5.2212,1,8,3,4,1.1645,1.3709,0.9843983377581704,3HZX,A,66,5.6,747,805,682,3,0.83146095,10.5,Existing_Structures/generated_pka/3hzx_model1.pka,resname+resseq+chain,0.0007936977781692444,-0.9836046399800011,-0.8306672522218307
GLU,4.1,42.88386234357608,-0.7269,0,7,2,2,2.1621,3.8336,0.9997709657034494,3BDC,A,67,3.76,748,806,683,2,0.99088997,4.5,Existing_Structures/generated_pka/3bdc_model1.pka,resname+resseq+chain,0.9987426574886448,-0.0010283082148045963,0.00785268748864476
GLU,4.1,48.25195083325874,-2.5135,0,7,2,2,1.725,3.5204,0.9996838722023704,2RKS,A,67,3.9,749,807,684,3,0.99096686,4.5,Existing_Structures/generated_pka/2rks_model1.pka,resname+resseq+chain,0.9987426574886448,-0.0009412147137256577,0.0077757974886447645
GLU,4.1,43.29375217670165,-0.6071,0,7,2,2,2.3485,4.1553,0.9997488744367388,3D6C,A,67,3.8,750,808,685,8,1.0014994,4.5,Existing_Structures/generated_pka/3d6c_model1.pka,resname+resseq+chain,0.9987426574886448,-0.0010062169480939964,-0.002756742511355159
ASP,3.9,4.6391287937970365,-11.9956,0,9,2,4,2.4951,3.5477,0.333860575416878,4EQP,A,72,7.7,751,809,686,1,0.6633042,3.8,Existing_Structures/generated_pka/4eqp_model1.pka,resname+resseq+chain,0.9997488744367387,0.6658882990198607,0.33644467443673864
GLU,4.1,11.727283479927006,-10.2335,0,9,1,5,2.3839,2.9693,0.557311633762293,3ERO,A,72,7.3,752,810,687,7,0.7765994,4.5,Existing_Structures/generated_pka/3ero_model1.pka,resname+resseq+chain,0.9987426574886448,0.4414310237263518,0.22214325748864472
LYS,10.5,24.02710750573512,-23.6837,0,8,1,3,1.2145,2.9928,0.0593509431027676,2RBM,A,72,8.6,753,811,688,2,0.18325306,10.5,Existing_Structures/generated_pka/2rbm_model1.pka,resname+resseq+chain,0.0007936977781692444,-0.058557245324598356,-0.18245936222183076
GLU,4.1,17.96561815548147,-1.8344,0,6,1,3,3.044,4.1247,0.9999187235547812,3BDC,A,73,3.31,754,812,689,2,0.9166263,4.5,Existing_Structures/generated_pka/3bdc_model1.pka,resname+resseq+chain,0.9987426574886448,-0.0011760660661364053,0.08211635748864476
GLU,4.1,34.69579636015647,-3.5264,0,6,2,3,2.4373,2.9884,0.9999205734856,2RKS,A,73,3.3,755,813,690,3,0.97686946,4.5,Existing_Structures/generated_pka/2rks_model1.pka,resname+resseq+chain,0.9987426574886448,-0.00117791599695527,0.021873197488644802
GLU,4.1,37.49663266559577,-5.7434,0,6,1,4,3.2023,3.7463,0.999900009999,3D6C,A,73,3.4,756,814,691,8,0.9592813,4.5,Existing_Structures/generated_pka/3d6c_model1.pka,resname+resseq+chain,0.9987426574886448,-0.001157352510355203,0.039461357488644766
ASP,3.9,0.1346824717354865,-17.6823,2,5,3,3,3.0409,3.6065,0.1118157697781168,4KY7,A,74,8.3,757,815,692,2,0.45150915,3.8,Existing_Structures/generated_pka/4ky7_model1.pka,resname+resseq+chain,0.9997488744367387,0.8879331046586219,0.5482397244367386
LYS,10.5,2.461791586201955,-7.9876,3,5,1,3,0.6965,0.9307,0.5,3RUZ,A,74,7.4,758,816,693,10,-0.16272956,10.5,Existing_Structures/generated_pka/3ruz_model1.pka,resname+resseq+chain,0.0007936977781692444,-0.49920630222183077,0.16352325777816923
GLU,4.1,7.546720711007837,-1.1032,2,5,1,4,2.2349,2.7526,0.9999275616516868,3BDC,A,75,3.26,759,817,694,2,0.98625845,4.5,Existing_Structures/generated_pka/3bdc_model1.pka,resname+resseq+chain,0.9987426574886448,-0.0011849041630420665,0.01248420748864476
GLU,4.1,9.149942229064086,-0.6862,2,5,1,5,2.4775,2.988,0.9999205734856,3D6C,A,75,3.3,760,818,695,8,0.92476654,4.5,Existing_Structures/generated_pka/3d6c_model1.pka,resname+resseq+chain,0.9987426574886448,-0.00117791599695527,0.07397611748864474
ASP,3.9,0.0,-10.8043,3,4,4,5,2.623,3.7402,0.4426883662377074,5J1Z,A,90,7.5,763,821,696,6,0.61344326,3.8,Existing_Structures/generated_pka/5j1z_model1.pka,resname+resseq+chain,0.9997488744367387,0.5570605081990312,0.3863056144367386
GLU,4.1,0.0,-11.9729,3,3,3,6,2.268,3.0271,0.9090909090909092,5I6Y,A,90,6.4,764,822,697,5,0.4004737,4.5,Existing_Structures/generated_pka/5i6y_model1.pka,resname+resseq+chain,0.9987426574886448,0.0896517483977356,0.5982689574886448
ASP,3.9,1.4644038951480487,-26.122,3,4,4,5,2.2444,2.6232,0.8631931113967901,5JAV,A,91,6.6,765,823,698,4,0.5849413,3.8,Existing_Structures/generated_pka/5jav_model1.pka,resname+resseq+chain,0.9997488744367387,0.13655576303994854,0.41480757443673866
GLU,4.1,1.701074502758364,-7.003,3,4,3,6,2.268,2.885,0.6661394245831224,3D4D,A,91,7.1,766,824,699,2,0.69057226,4.5,Existing_Structures/generated_pka/3d4d_model1.pka,resname+resseq+chain,0.9987426574886448,0.3326032329055224,0.3081703974886447
ASP,3.9,4.431003339584378,-11.4377,1,4,5,5,2.5938,3.0568,0.4426883662377074,2OEO,A,92,7.5,767,825,700,9,0.7883297,3.8,Existing_Structures/generated_pka/2oeo_model1.pka,resname+resseq+chain,0.9997488744367387,0.5570605081990312,0.21141917443673863
GLU,4.1,2.624267732479059,-12.0278,2,5,4,6,2.7158,3.238,0.024503367550336,5KIX,A,92,9.0,768,826,701,7,0.6776244,4.5,Existing_Structures/generated_pka/5kix_model1.pka,resname+resseq+chain,0.9987426574886448,0.9742392899383088,0.32111825748864475
LYS,10.5,1.6592623112960134,-4.1813,1,9,3,5,0.0053,0.0292,0.9921193161496696,5E3F,A,92,5.3,769,827,702,6,0.6475946,10.5,Existing_Structures/generated_pka/5e3f_model1.pka,resname+resseq+chain,0.0007936977781692444,-0.9913256183715004,-0.6468009022218307
ASP,3.9,47.485502000707214,8.2089,0,5,1,3,3.6868,4.6947,0.9999942456337396,3BDC,A,95,2.16,770,828,703,2,1.0148046,3.8,Existing_Structures/generated_pka/3bdc_model1.pka,resname+resseq+chain,0.9997488744367387,-0.0002453711970009653,-0.01505572556326129
ASP,3.9,48.69914695788265,9.0898,0,5,1,3,3.908,4.826,0.9999949881527824,2RKS,A,95,2.1,771,829,704,3,1.0056978,3.8,Existing_Structures/generated_pka/2rks_model1.pka,resname+resseq+chain,0.9997488744367387,-0.0002461137160437721,-0.005948925563261431
ASP,3.9,38.80100988484653,8.6221,0,5,1,3,3.6591,4.3662,0.999992056780748,3D6C,A,95,2.3,772,830,705,8,0.96406525,3.8,Existing_Structures/generated_pka/3d6c_model1.pka,resname+resseq+chain,0.9997488744367387,-0.00024318234400932948,0.03568362443673867
GLU,4.1,0.0960336739921597,2.3803,2,6,4,6,3.6349,4.9525,0.0909090909090909,3TP7,A,99,8.4,773,831,706,7,0.25654083,4.5,Existing_Structures/generated_pka/3tp7_model1.pka,resname+resseq+chain,0.9987426574886448,0.9078335665795538,0.7422018274886448
LYS,10.5,0.2333419555976398,-4.3156,1,8,3,4,1.4587,2.3429,0.8881842302218831,4HMI,A,99,6.5,774,832,707,9,0.38696292,10.5,Existing_Structures/generated_pka/4hmi_model1.pka,resname+resseq+chain,0.0007936977781692444,-0.8873905324437138,-0.38616922222183075
ASP,3.9,0.0,-0.8375,3,4,5,5,2.5966,3.9595,0.7992399910868984,5DEH,A,100,6.8,775,833,708,3,0.23520143,3.8,Existing_Structures/generated_pka/5deh_model1.pka,resname+resseq+chain,0.9997488744367387,0.2005088833498403,0.7645474444367386
GLU,4.1,40.838143826871736,7.0318,3,4,2,4,2.5629,4.0295,0.99974302647409,3BDC,A,101,3.81,776,834,709,2,1.0082121,4.5,Existing_Structures/generated_pka/3bdc_model1.pka,resname+resseq+chain,0.9987426574886448,-0.0010003689854451991,-0.009469442511355175
GLU,4.1,37.53931299400383,11.4166,3,5,2,4,2.9224,4.2573,0.9996838722023704,2RKS,A,101,3.9,777,835,710,3,0.998061,4.5,Existing_Structures/generated_pka/2rks_model1.pka,resname+resseq+chain,0.9987426574886448,-0.0009412147137256577,0.0006816574886447935
GLU,4.1,42.1202071717235,2.3967,3,4,2,5,2.6419,4.6286,0.9996838722023704,3D6C,A,101,3.9,778,836,711,8,0.99830437,4.5,Existing_Structures/generated_pka/3d6c_model1.pka,resname+resseq+chain,0.9987426574886448,-0.0009412147137256577,0.00043828748864471745
LYS,10.5,0.0343793011595753,,2,6,3,5,1.5722,2.0361,0.1368068886032102,3E5S,A,103,8.2,779,837,712,3,0.3438139,10.5,Existing_Structures/generated_pka/3e5s_model1.pka,resname+resseq+chain,0.0007936977781692444,-0.13601319082504096,-0.3430202022218308
ASP,3.9,0.0,-4.2475,3,6,3,5,3.8709,6.4884,0.0049868787366879,3P75,A,104,9.7,780,838,713,1,0.1922795,3.8,Existing_Structures/generated_pka/3p75_model1.pka,resname+resseq+chain,0.9997488744367387,0.9947619957000507,0.8074693744367387
GLU,4.1,0.0,-10.8206,3,6,2,6,4.1511,5.9829,0.0099009900990099,3H6M,A,104,9.4,781,839,714,8,0.56662,4.5,Existing_Structures/generated_pka/3h6m_model1.pka,resname+resseq+chain,0.9987426574886448,0.9888416673896349,0.43212265748864476
LYS,10.5,0.0,-24.3598,3,5,2,3,1.5789,2.3754,0.333860575416878,3C1F,A,104,7.7,782,840,715,3,0.3664107,10.5,Existing_Structures/generated_pka/3c1f_model1.pka,resname+resseq+chain,0.0007936977781692444,-0.3330668776387088,-0.36561700222183074
GLU,4.1,2.545598186929544,-10.9486,3,3,3,6,1.8541,2.6611,0.2402530733520421,4YIJ,A,109,7.9,783,841,716,4,0.7400156,4.5,Existing_Structures/generated_pka/4yij_model1.pka,resname+resseq+chain,0.9987426574886448,0.7584895841366026,0.2587270574886448
ASP,3.9,8.339170542657554,-8.1983,2,2,3,2,3.109,3.9296,0.7152527510491988,5KGU,A,118,7.0,784,842,717,4,0.8985898,3.8,Existing_Structures/generated_pka/5kgu_model1.pka,resname+resseq+chain,0.9997488744367387,0.2844961233875398,0.10115907443673866
HIS,6.0,25.52818105171583,-1.4308,1,5,1,3,1.5482,1.7326,0.9921193161496696,1STN,A,121,5.3,785,843,718,6,0.84527516,6.5,Existing_Structures/generated_pka/1stn_model1.pka,resname+resseq+chain,0.8881842302218831,-0.10393508592778655,0.04290907022188306
HIS,6.0,25.405318862319305,-3.7151,1,4,1,3,1.1302,1.1631,0.9929703085603608,1EY7,A,121,5.25,786,844,719,1,0.86697924,6.5,Existing_Structures/generated_pka/1ey7_model1.pka,resname+resseq+chain,0.8881842302218831,-0.10478607833847775,0.021204990221883047
HIS,6.0,24.645801377476182,1.9744,1,5,1,2,1.4142,1.1954,0.9995736023736926,2QDB,A,121,4.03,787,845,720,7,0.8998412,6.5,Existing_Structures/generated_pka/2qdb_model1.pka,resname+resseq+chain,0.8881842302218831,-0.11138937215180955,-0.011656969778116921
HIS,6.0,25.96496539700226,3.0569,1,4,1,2,2.6131,2.7693,0.9993086473282712,2RDF,A,121,4.24,788,846,721,6,0.8067505,6.5,Existing_Structures/generated_pka/2rdf_model1.pka,resname+resseq+chain,0.8881842302218831,-0.1111244171063881,0.08143373022188305
HIS,6.0,21.868437145059605,-13.1207,1,4,1,4,1.7038,1.646,0.9804376961274206,3D6C,A,121,5.7,789,847,722,8,0.794975,6.5,Existing_Structures/generated_pka/3d6c_model1.pka,resname+resseq+chain,0.8881842302218831,-0.09225346590553751,0.0932092302218831
GLU,4.1,25.33088657712264,6.5298,1,4,2,4,3.7797,5.9672,0.9996910659265044,3BDC,A,122,3.89,790,848,723,2,1.0085219,4.5,Existing_Structures/generated_pka/3bdc_model1.pka,resname+resseq+chain,0.9987426574886448,-0.0009484084378595936,-0.009779242511355313
GLU,4.1,33.946273921988926,27.8149,1,5,2,4,2.9632,4.4619,0.9996838722023704,2RKS,A,122,3.9,791,849,724,3,0.9944277,4.5,Existing_Structures/generated_pka/2rks_model1.pka,resname+resseq+chain,0.9987426574886448,-0.0009412147137256577,0.004314957488644744
GLU,4.1,27.896250840331653,-24.5883,1,4,2,5,3.3903,4.8178,0.9996838722023704,3D6C,A,122,3.9,792,850,725,8,0.9776508,4.5,Existing_Structures/generated_pka/3d6c_model1.pka,resname+resseq+chain,0.9987426574886448,-0.0009412147137256577,0.021091857488644727
HIS,6.0,61.6334467036599,-0.8123,2,3,0,4,0.8562,0.9524,0.9790678994786604,1STN,A,124,5.73,793,851,726,6,0.8192571,6.5,Existing_Structures/generated_pka/1stn_model1.pka,resname+resseq+chain,0.8881842302218831,-0.09088366925677727,0.06892713022188313
HIS,6.0,61.6334467036599,-0.8123,2,3,0,4,0.8562,0.9524,0.9625523674635552,1STN,A,124,5.99,794,852,727,6,0.8192571,6.5,Existing_Structures/generated_pka/1stn_model1.pka,resname+resseq+chain,0.8881842302218831,-0.07436813724167213,0.06892713022188313
HIS,6.0,56.61069147755785,-1.7925,2,3,0,4,0.8538,1.1059,0.979991148859336,1EY7,A,124,5.71,795,853,728,1,0.89249563,6.5,Existing_Structures/generated_pka/1ey7_model1.pka,resname+resseq+chain,0.8881842302218831,-0.09180691863745294,-0.004311399778116898
HIS,6.0,59.10862063616153,-1.5554,2,3,0,3,0.3367,0.5368,0.979991148859336,2QDB,A,124,5.71,796,854,729,7,0.9006831,6.5,Existing_Structures/generated_pka/2qdb_model1.pka,resname+resseq+chain,0.8881842302218831,-0.09180691863745294,-0.012498869778116872
HIS,6.0,60.03686920651901,-3.7012,2,3,1,3,0.5395,0.5858,0.9829188284532066,2RDF,A,124,5.64,797,855,730,6,0.7618897,6.5,Existing_Structures/generated_pka/2rdf_model1.pka,resname+resseq+chain,0.8881842302218831,-0.09473459823132346,0.12629453022188308
LYS,10.5,0.0,-8.5178,3,7,3,5,0.6952,1.2157,0.9406490568972324,3C1E,A,125,6.2,798,856,731,5,0.5621549,10.5,Existing_Structures/generated_pka/3c1e_model1.pka,resname+resseq+chain,0.0007936977781692444,-0.9398553591190631,-0.5613612022218307
GLU,4.1,16.006647425141928,11.3537,2,5,1,4,3.4959,5.2624,0.9997761779936488,3BDC,A,129,3.75,799,857,732,2,1.011864,4.5,Existing_Structures/generated_pka/3bdc_model1.pka,resname+resseq+chain,0.9987426574886448,-0.0010335205050040486,-0.013121342511355327
GLU,4.1,18.73982119268437,10.0104,2,6,1,4,4.0159,5.7928,0.9997488744367388,2RKS,A,129,3.8,800,858,733,3,1.005365,4.5,Existing_Structures/generated_pka/2rks_model1.pka,resname+resseq+chain,0.9987426574886448,-0.0010062169480939964,-0.006622342511355295
GLU,4.1,15.950664864066502,8.1444,2,5,1,5,3.4777,4.5959,0.9997488744367388,3D6C,A,129,3.8,801,859,734,8,0.959956,4.5,Existing_Structures/generated_pka/3d6c_model1.pka,resname+resseq+chain,0.9987426574886448,-0.0010062169480939964,0.03878665748864474
GLU,4.1,40.24317844004614,1.9564,2,4,0,2,2.4907,4.202,0.9997709657034494,3BDC,A,135,3.76,802,860,735,2,1.0123703,4.5,Existing_Structures/generated_pka/3bdc_model1.pka,resname+resseq+chain,0.9987426574886448,-0.0010283082148045963,-0.013627642511355176
GLU,4.1,41.2280770732316,2.6884,1,4,0,2,3.0215,4.5145,0.9996838722023704,2RKS,A,135,3.9,803,861,736,3,1.0112888,4.5,Existing_Structures/generated_pka/2rks_model1.pka,resname+resseq+chain,0.9987426574886448,-0.0009412147137256577,-0.012546142511355218
GLU,4.1,39.89438339931612,1.4301,2,4,0,2,2.8792,4.5301,0.9997488744367388,3D6C,A,135,3.8,804,862,737,8,1.0136989,4.5,Existing_Structures/generated_pka/3d6c_model1.pka,resname+resseq+chain,0.9987426574886448,-0.0010062169480939964,-0.0149562425113553
GLU,4.1,69.6791013300602,-1.6543,1,4,0,4,1.5785,2.3788,0.9994115028774412,1BNZ,A,11,4.17,807,875,738,9,1.0141143,4.5,Existing_Structures/generated_pka/1bnz_model1.pka,resname+resseq+chain,0.9987426574886448,-0.000668845388796413,-0.015371642511355144
GLU,4.1,69.6791013300602,-1.6543,1,4,0,4,1.5785,2.3788,0.9998741233057576,1BNZ,A,11,3.5,808,876,739,9,1.0141143,4.5,Existing_Structures/generated_pka/1bnz_model1.pka,resname+resseq+chain,0.9987426574886448,-0.0011314658171128755,-0.015371642511355144
GLU,4.1,52.62416507081562,-1.2736,1,4,0,3,1.7281,2.2104,0.9991495857816872,1BNZ,A,12,4.33,809,877,740,9,1.0147419,4.5,Existing_Structures/generated_pka/1bnz_model1.pka,resname+resseq+chain,0.9987426574886448,-0.00040692829304245226,-0.015999242511355205
GLU,4.1,52.62416507081562,-1.2736,1,4,0,3,1.7281,2.2104,0.9998741233057576,1BNZ,A,12,3.5,810,878,741,9,1.0147419,4.5,Existing_Structures/generated_pka/1bnz_model1.pka,resname+resseq+chain,0.9987426574886448,-0.0011314658171128755,-0.015999242511355205
ASP,3.9,76.14802967778961,14.6647,0,5,2,3,3.4439,4.2667,0.999983404406344,1BNZ,A,16,2.62,812,880,742,9,1.0042578,3.8,Existing_Structures/generated_pka/1bnz_model1.pka,resname+resseq+chain,0.9997488744367387,-0.0002345299696053793,-0.004508925563261323
ASP,3.9,76.14802967778961,14.6647,0,5,2,3,3.4439,4.2667,0.9999683782233666,1BNZ,A,16,2.9,813,881,743,9,1.0042578,3.8,Existing_Structures/generated_pka/1bnz_model1.pka,resname+resseq+chain,0.9997488744367387,-0.00021950378662793923,-0.004508925563261323
ASP,3.9,36.509749968217015,10.2256,1,5,2,2,2.0238,2.2635,0.9999813794753638,1BNZ,A,35,2.67,816,884,744,9,0.99734545,3.8,Existing_Structures/generated_pka/1bnz_model1.pka,resname+resseq+chain,0.9997488744367387,-0.0002325050386251526,0.002403424436738688
ASP,3.9,36.509749968217015,10.2256,1,5,2,2,2.0238,2.2635,0.99998415131926,1BNZ,A,35,2.6,817,885,745,9,0.99734545,3.8,Existing_Structures/generated_pka/1bnz_model1.pka,resname+resseq+chain,0.9997488744367387,-0.00023527688252134027,0.002403424436738688
GLU,4.1,34.66416344664273,-4.3811,1,5,2,2,1.1396,1.2734,0.9969192250721745,1BNZ,A,36,4.89,818,886,746,9,0.9960726,4.5,Existing_Structures/generated_pka/1bnz_model1.pka,resname+resseq+chain,0.9987426574886448,0.0018234324164703164,0.0026700574886447948
GLU,4.1,34.66416344664273,-4.3811,1,5,2,2,1.1396,1.2734,0.99009900990099,1BNZ,A,36,5.4,819,887,747,9,0.9960726,4.5,Existing_Structures/generated_pka/1bnz_model1.pka,resname+resseq+chain,0.9987426574886448,0.00864364758765479,0.0026700574886447948
GLU,4.1,49.380946880855966,6.389,1,4,1,3,3.5438,4.5871,0.9995736023736926,1BNZ,A,48,4.03,820,888,748,9,1.0179609,4.5,Existing_Structures/generated_pka/1bnz_model1.pka,resname+resseq+chain,0.9987426574886448,-0.0008309448850478685,-0.019218242511355288
GLU,4.1,49.380946880855966,6.389,1,4,1,3,3.5438,4.5871,0.9998741233057576,1BNZ,A,48,3.5,821,889,749,9,1.0179609,4.5,Existing_Structures/generated_pka/1bnz_model1.pka,resname+resseq+chain,0.9987426574886448,-0.0011314658171128755,-0.019218242511355288
ASP,3.9,63.17173898544828,-4.8107,1,6,1,4,2.5288,3.6967,0.9998587661953428,1BNZ,A,50,3.55,822,890,750,9,1.0013945,3.8,Existing_Structures/generated_pka/1bnz_model1.pka,resname+resseq+chain,0.9997488744367387,-0.00010989175860409706,-0.0016456255632613104
ASP,3.9,63.17173898544828,-4.8107,1,6,1,4,2.5288,3.6967,0.9999601908677748,1BNZ,A,50,3.0,823,891,751,9,1.0013945,3.8,Existing_Structures/generated_pka/1bnz_model1.pka,resname+resseq+chain,0.9997488744367387,-0.00021131643103611264,-0.0016456255632613104
GLU,4.1,20.7423623797461,22.03,1,5,2,3,3.9559,5.0965,0.9998554769128672,1BNZ,A,54,3.56,824,892,752,9,1.0009326,4.5,Existing_Structures/generated_pka/1bnz_model1.pka,resname+resseq+chain,0.9987426574886448,-0.0011128194242224776,-0.0021899425113552917
GLU,4.1,20.7423623797461,22.03,1,5,2,3,3.9559,5.0965,0.9999369082463724,1BNZ,A,54,3.2,825,893,753,9,1.0009326,4.5,Existing_Structures/generated_pka/1bnz_model1.pka,resname+resseq+chain,0.9987426574886448,-0.0011942507577276107,-0.0021899425113552917
GLU,4.1,80.31968708408894,4.1146,1,6,0,3,2.2446,3.346,0.9993086473282712,1BNZ,A,60,4.24,826,894,754,9,1.0002838,4.5,Existing_Structures/generated_pka/1bnz_model1.pka,resname+resseq+chain,0.9987426574886448,-0.0005659898396264129,-0.0015411425113552868
GLU,4.1,80.31968708408894,4.1146,1,6,0,3,2.2446,3.346,0.9994990638291864,1BNZ,A,60,4.1,827,895,755,9,1.0002838,4.5,Existing_Structures/generated_pka/1bnz_model1.pka,resname+resseq+chain,0.9987426574886448,-0.0007564063405416377,-0.0015411425113552868
HIS,6.0,78.64497172478525,-3.6023,0,2,6,1,0.0014,0.0,0.9406490568972324,2TRX,A,6,6.2,828,898,756,1,0.65655404,6.5,Existing_Structures/generated_pka/2trx_model1.pka,resname+resseq+chain,0.8881842302218831,-0.05246482667534935,0.23163019022188314
ASP,3.9,37.34283421373238,-0.9236,0,5,3,2,2.7694,3.076,0.9997488744367388,2TRX,A,20,3.8,829,899,757,1,0.9894791,3.8,Existing_Structures/generated_pka/2trx_model1.pka,resname+resseq+chain,0.9997488744367387,-1.1102230246251565e-16,0.01026977443673871
ASP,3.9,1.6363453295159118,7.7704,0,4,3,1,3.1926,3.9149,0.4426883662377074,2TRX,A,26,7.5,830,900,758,1,0.72482646,3.8,Existing_Structures/generated_pka/2trx_model1.pka,resname+resseq+chain,0.9997488744367387,0.5570605081990312,0.2749224144367387
CYS,8.3,4.782131291755124,7.496,1,3,2,1,0.3938,1.5602,0.9198816569709808,2FD3,A,32,6.34,831,901,759,9,0.66108376,9.0,Existing_Structures/generated_pka/2fd3_model1.pka,resname+resseq+chain,0.02450336755033601,-0.8953782894206448,-0.636580392449664
CYS,8.3,3.3348563996909304,7.3396,1,3,2,1,1.0051,2.1626,0.6661394245831224,2TRX,A,32,7.1,832,902,760,1,0.981564,9.0,Existing_Structures/generated_pka/2trx_model1.pka,resname+resseq+chain,0.02450336755033601,-0.6416360570327864,-0.957060632449664
CYS,8.3,0.0382592575096746,-0.3295,1,3,2,1,0.625,1.783,0.0031523091832602,2TRX,A,35,9.9,833,903,761,1,0.6843603,9.0,Existing_Structures/generated_pka/2trx_model1.pka,resname+resseq+chain,0.02450336755033601,0.02135105836707581,-0.659856932449664
GLU,4.1,54.60016786050023,-5.0384,0,2,5,3,1.0357,1.5166,0.9974944073327142,1ERT,A,6,4.8,834,905,762,4,0.9599716,4.5,Existing_Structures/generated_pka/1ert_model1.pka,resname+resseq+chain,0.9987426574886448,0.0012482501559305526,0.03877105748864473
GLU,4.1,53.57735351455011,-1.9537,0,2,5,3,0.9062,0.9214,0.99684769081674,1ERU,A,6,4.9,835,906,763,10,0.96077174,4.5,Existing_Structures/generated_pka/1eru_model1.pka,resname+resseq+chain,0.9987426574886448,0.0018949666719048075,0.037970917488644784
GLU,4.1,84.89914263268156,0.3002,0,3,1,2,3.5077,5.7189,0.9990009990009991,1ERT,A,13,4.4,836,907,764,4,1.0014312,4.5,Existing_Structures/generated_pka/1ert_model1.pka,resname+resseq+chain,0.9987426574886448,-0.0002583415123543764,-0.0026885425113553074
GLU,4.1,84.89914263268156,0.3002,0,3,1,2,3.5077,5.7189,0.9974944073327142,1ERT,A,13,4.8,837,908,765,4,1.0014312,4.5,Existing_Structures/generated_pka/1ert_model1.pka,resname+resseq+chain,0.9987426574886448,0.0012482501559305526,-0.0026885425113553074
GLU,4.1,85.315923776751,0.9752,0,3,1,2,3.4604,4.817,0.9990009990009991,1ERU,A,13,4.4,838,909,766,10,1.0066227,4.5,Existing_Structures/generated_pka/1eru_model1.pka,resname+resseq+chain,0.9987426574886448,-0.0002583415123543764,-0.007880042511355323
ASP,3.9,96.8813571747224,-2.9009,0,5,2,1,3.1784,5.1832,0.9996020512556952,1ERT,A,16,4.0,839,910,767,4,1.0018576,3.8,Existing_Structures/generated_pka/1ert_model1.pka,resname+resseq+chain,0.9997488744367387,0.00014682318104342063,-0.002108725563261249
ASP,3.9,96.8813571747224,-2.9009,0,5,2,1,3.1784,5.1832,0.9998005135712784,1ERT,A,16,3.7,840,911,768,4,1.0018576,3.8,Existing_Structures/generated_pka/1ert_model1.pka,resname+resseq+chain,0.9997488744367387,-5.1639134539760434e-05,-0.002108725563261249
ASP,3.9,94.72692412713536,-5.4582,0,5,2,1,3.3505,4.4465,0.99936944051166,1ERU,A,16,4.2,841,912,769,10,0.9966689,3.8,Existing_Structures/generated_pka/1eru_model1.pka,resname+resseq+chain,0.9997488744367387,0.0003794339250786649,0.003079974436738686
ASP,3.9,98.6512986810322,5.2023,0,3,2,1,1.262,1.7322,0.9997488744367388,1ERT,A,20,3.8,842,913,770,4,1.0069828,3.8,Existing_Structures/generated_pka/1ert_model1.pka,resname+resseq+chain,0.9997488744367387,-1.1102230246251565e-16,-0.007233925563261412
ASP,3.9,98.6512986810322,5.2023,0,3,2,1,1.262,1.7322,0.9998415357956376,1ERT,A,20,3.6,843,914,771,4,1.0069828,3.8,Existing_Structures/generated_pka/1ert_model1.pka,resname+resseq+chain,0.9997488744367387,-9.266135889895999e-05,-0.007233925563261412
ASP,3.9,101.33623048755216,7.854,0,3,2,1,1.166,1.3754,0.9997488744367388,1ERU,A,20,3.8,844,915,772,10,1.0041943,3.8,Existing_Structures/generated_pka/1eru_model1.pka,resname+resseq+chain,0.9997488744367387,-1.1102230246251565e-16,-0.004445425563261329
ASP,3.9,1.471083354795963,-8.3321,0,5,3,3,3.6239,4.4446,0.0031523091832602,1ERT,A,26,9.9,845,916,773,4,0.20722899,3.8,Existing_Structures/generated_pka/1ert_model1.pka,resname+resseq+chain,0.9997488744367387,0.9965965652534785,0.7925198844367387
ASP,3.9,0.5091586235581217,-9.108,0,5,3,3,3.467,4.9606,0.1663375308165621,1ERU,A,26,8.1,846,917,774,10,0.31242508,3.8,Existing_Structures/generated_pka/1eru_model1.pka,resname+resseq+chain,0.9997488744367387,0.8334113436201765,0.6873237944367386
CYS,8.3,13.798517926910876,11.6304,0,3,3,1,0.1718,0.8793,0.9264124438824266,1ERT,A,32,6.3,847,918,775,4,0.6969688,9.0,Existing_Structures/generated_pka/1ert_model1.pka,resname+resseq+chain,0.02450336755033601,-0.9019090763320906,-0.6724654324496641
HIS,6.0,47.59932251735575,-2.7558,0,4,1,2,0.0,0.0,0.9875672647455576,1ERT,A,43,5.5,848,919,776,4,0.78760153,6.5,Existing_Structures/generated_pka/1ert_model1.pka,resname+resseq+chain,0.8881842302218831,-0.09938303452367447,0.10058270022188309
GLU,4.1,58.9495349844009,3.0113,0,3,0,2,3.4823,5.3118,0.9994990638291864,1ERT,A,47,4.1,849,920,777,4,0.99744546,4.5,Existing_Structures/generated_pka/1ert_model1.pka,resname+resseq+chain,0.9987426574886448,-0.0007564063405416377,0.0012971974886447635
GLU,4.1,52.2858391647368,0.9822,0,4,0,2,3.427,4.1157,0.9992063022218308,1ERU,A,47,4.3,850,921,778,10,0.9770963,4.5,Existing_Structures/generated_pka/1eru_model1.pka,resname+resseq+chain,0.9987426574886448,-0.0004636447331860527,0.02164635748864474
ASP,3.9,15.780047563420773,-3.5465,0,4,5,2,6.0858,7.2238,0.9999748817666264,1ERT,A,58,2.8,853,924,779,4,0.91271687,3.8,Existing_Structures/generated_pka/1ert_model1.pka,resname+resseq+chain,0.9997488744367387,-0.0002260073298877563,0.08703200443673864
ASP,3.9,15.780047563420773,-3.5465,0,4,5,2,6.0858,7.2238,0.9999498837883978,1ERT,A,58,3.1,854,925,780,4,0.91271687,3.8,Existing_Structures/generated_pka/1ert_model1.pka,resname+resseq+chain,0.9997488744367387,-0.00020100935165912048,0.08703200443673864
ASP,3.9,49.81326462271915,-13.7485,0,0,5,2,1.7121,2.1579,0.99936944051166,1ERT,A,60,4.2,855,926,781,4,0.98481816,3.8,Existing_Structures/generated_pka/1ert_model1.pka,resname+resseq+chain,0.9997488744367387,0.0003794339250786649,0.014930714436738657
ASP,3.9,54.76847627781775,-18.0201,0,1,5,2,2.4562,3.0276,0.9921193161496696,1ERT,A,61,5.3,856,927,782,4,0.98922545,3.8,Existing_Structures/generated_pka/1ert_model1.pka,resname+resseq+chain,0.9997488744367387,0.007629558287069016,0.010523424436738704
ASP,3.9,60.99391132877378,5.484,0,1,4,3,3.7454,4.1846,0.9999369082463724,1ERT,A,64,3.2,857,928,783,4,0.9517999,3.8,Existing_Structures/generated_pka/1ert_model1.pka,resname+resseq+chain,0.9997488744367387,-0.0001880338096337253,0.04794897443673862
ASP,3.9,60.99391132877378,5.484,0,1,4,3,3.7454,4.1846,0.9999498837883978,1ERT,A,64,3.1,858,929,784,4,0.9517999,3.8,Existing_Structures/generated_pka/1ert_model1.pka,resname+resseq+chain,0.9997488744367387,-0.00020100935165912048,0.04794897443673862
ASP,3.9,71.12965810736898,3.0126,0,1,4,3,2.5899,3.4034,0.9999369082463724,1ERU,A,64,3.2,859,930,785,10,0.99380773,3.8,Existing_Structures/generated_pka/1eru_model1.pka,resname+resseq+chain,0.9997488744367387,-0.0001880338096337253,0.0059411444367386546
GLU,4.1,63.50337580202407,-3.864,0,3,1,3,2.0044,3.2499,0.99684769081674,1ERT,A,68,4.9,860,931,786,4,1.0037395,4.5,Existing_Structures/generated_pka/1ert_model1.pka,resname+resseq+chain,0.9987426574886448,0.0018949666719048075,-0.004996842511355237
GLU,4.1,60.04658985034037,-7.2576,0,3,1,3,2.2055,3.6905,0.995013121263312,1ERU,A,68,5.1,861,932,787,10,1.0068201,4.5,Existing_Structures/generated_pka/1eru_model1.pka,resname+resseq+chain,0.9987426574886448,0.0037295362253327857,-0.008077442511355337
GLU,4.1,86.68230204628678,-4.105,0,2,1,3,2.203,3.9202,0.9984176147191982,1ERT,A,70,4.6,862,933,788,4,0.99664056,4.5,Existing_Structures/generated_pka/1ert_model1.pka,resname+resseq+chain,0.9987426574886448,0.00032504276944655963,0.0021020974886447608
GLU,4.1,77.93907249878306,-2.3287,0,3,1,3,2.2891,4.5388,0.9974944073327142,1ERU,A,70,4.8,863,934,789,10,1.0028872,4.5,Existing_Structures/generated_pka/1eru_model1.pka,resname+resseq+chain,0.9987426574886448,0.0012482501559305526,-0.004144542511355209
GLU,4.1,37.10890263002069,-0.4156,0,4,1,4,1.6296,2.0202,0.9998005135712784,1ERT,A,88,3.7,864,935,790,4,0.96946996,4.5,Existing_Structures/generated_pka/1ert_model1.pka,resname+resseq+chain,0.9987426574886448,-0.0010578560826336458,0.029272697488644805
GLU,4.1,35.91438496944678,-2.1109,0,4,1,4,1.8641,2.2271,0.9998415357956376,1ERU,A,88,3.6,865,936,791,10,0.9785161,4.5,Existing_Structures/generated_pka/1eru_model1.pka,resname+resseq+chain,0.9987426574886448,-0.0010988783069928454,0.02022655748864477
GLU,4.1,106.62193421518396,8.3058,0,3,0,3,2.8715,3.8826,0.9994990638291864,1ERT,A,95,4.1,866,937,792,4,0.99370915,4.5,Existing_Structures/generated_pka/1ert_model1.pka,resname+resseq+chain,0.9987426574886448,-0.0007564063405416377,0.005033507488644728
GLU,4.1,96.70647153775631,7.9474,0,3,0,3,3.1421,4.5614,0.9994990638291864,1ERU,A,95,4.1,867,938,793,10,1.0009707,4.5,Existing_Structures/generated_pka/1eru_model1.pka,resname+resseq+chain,0.9987426574886448,-0.0007564063405416377,-0.0022280425113553326
GLU,4.1,28.30051973712777,16.0609,0,3,0,4,3.3172,4.5385,0.9996838722023704,1ERT,A,98,3.9,868,939,794,4,0.96692127,4.5,Existing_Structures/generated_pka/1ert_model1.pka,resname+resseq+chain,0.9987426574886448,-0.0009412147137256577,0.031821387488644715
GLU,4.1,29.12095262979428,12.7574,0,3,0,4,3.4291,5.6137,0.9996838722023704,1ERU,A,98,3.9,869,940,795,10,0.9874986,4.5,Existing_Structures/generated_pka/1eru_model1.pka,resname+resseq+chain,0.9987426574886448,-0.0009412147137256577,0.011244057488644765
GLU,4.1,81.37484857117641,-7.085,0,2,0,4,2.1349,3.2558,0.9990009990009991,1ERT,A,103,4.4,870,941,796,4,0.99304533,4.5,Existing_Structures/generated_pka/1ert_model1.pka,resname+resseq+chain,0.9987426574886448,-0.0002583415123543764,0.005697327488644821
GLU,4.1,80.85809506152049,-8.4663,0,2,0,4,2.4982,2.8598,0.9987426574886448,1ERU,A,103,4.5,871,942,797,10,0.98587847,4.5,Existing_Structures/generated_pka/1eru_model1.pka,resname+resseq+chain,0.9987426574886448,0.0,0.012864187488644818
CYS,8.3,13.87120240987329,17.4049,0,2,3,0,0.1955,0.9561,0.9090909090909092,2O89,A,29,6.4,872,944,798,6,0.7148852,9.0,Existing_Structures/generated_pka/2o89_model1.pka,resname+resseq+chain,0.02450336755033601,-0.8845875415405732,-0.690381832449664
CYS,8.3,8.110866100672569,-3.2383,1,3,2,1,0.5794,0.9056,0.6661394245831224,1XOB,A,32,7.1,873,945,799,10,0.75656664,9.0,Existing_Structures/generated_pka/1xob_model1.pka,resname+resseq+chain,0.02450336755033601,-0.6416360570327864,-0.732063272449664
CYS,8.3,12.645749212961594,6.6159,2,0,2,0,0.74,1.5567,0.993729987658566,2PPT,A,73,5.2,874,946,800,8,0.72017366,9.0,Existing_Structures/generated_pka/2ppt_model1.pka,resname+resseq+chain,0.02450336755033601,-0.96922662010823,-0.695670292449664
HIS,6.0,83.1663825913611,-4.7983,4,1,3,5,0.0,0.0,0.5629847281035959,1YPI,A,103,7.29,876,948,801,9,0.63306856,6.5,Existing_Structures/generated_pka/1ypi_model1.pka,resname+resseq+chain,0.8881842302218831,0.3251995021182872,0.2551156702218831
CYS,8.3,13.529030687754288,15.1341,2,0,1,2,1.4475,2.8548,0.6131368201531431,1O73,A,40,7.2,877,949,802,6,1.0025933,9.0,Existing_Structures/generated_pka/1o73_model1.pka,resname+resseq+chain,0.02450336755033601,-0.5886334526028071,-0.978089932449664
ASP,3.9,113.73296122187736,9.368,2,1,1,1,1.7432,2.4325,0.9999601908677748,4PTI,A,3,3.0,878,951,803,5,1.0040874,3.8,Existing_Structures/generated_pka/4pti_model1.pka,resname+resseq+chain,0.9997488744367387,-0.00021131643103611264,-0.0043385255632613084
GLU,4.1,33.54596010665695,0.7569,2,2,1,1,1.7593,2.9089,0.9998005135712784,4PTI,A,7,3.7,879,952,804,5,1.0084152,4.5,Existing_Structures/generated_pka/4pti_model1.pka,resname+resseq+chain,0.9987426574886448,-0.0010578560826336458,-0.009672542511355187
TYR,10.5,42.01546112395167,4.06,2,2,0,1,0.0,0.0,0.0009990009990009,4PTI,A,10,10.4,880,953,805,5,0.021302141,10.0,Existing_Structures/generated_pka/4pti_model1.pka,resname+resseq+chain,0.002505592667285737,0.0015065916682848372,-0.018796548332714262
LYS,10.5,96.08137903407614,-0.6194,1,1,0,0,0.0,0.0,0.0006305594883398,4PTI,A,15,10.6,881,954,806,5,0.0008644528,10.5,Existing_Structures/generated_pka/4pti_model1.pka,resname+resseq+chain,0.0007936977781692444,0.00016313828982944447,-7.075502183075556e-05
TYR,10.5,34.04330064530065,1.7467,1,1,1,1,0.0,0.0,0.0001994864287215,4PTI,A,21,11.1,882,955,807,5,-0.021596383,10.0,Existing_Structures/generated_pka/4pti_model1.pka,resname+resseq+chain,0.002505592667285737,0.002306106238564237,0.024101975667285738
TYR,10.5,3.8940342871577207,6.9145,2,1,2,2,1.3647,1.616,5.011621160218207e-05,4PTI,A,23,11.7,883,956,808,5,0.101225905,10.0,Existing_Structures/generated_pka/4pti_model1.pka,resname+resseq+chain,0.002505592667285737,0.002455476455683555,-0.09872031233271426
LYS,10.5,101.50454879807128,-0.174,0,1,0,1,0.0,0.0,0.0006305594883398,4PTI,A,26,10.6,884,957,809,5,0.002486298,10.5,Existing_Structures/generated_pka/4pti_model1.pka,resname+resseq+chain,0.0007936977781692444,0.00016313828982944447,-0.0016926002218307556
TYR,10.5,8.21113202605146,18.8037,4,3,0,1,1.6277,1.88,0.0001994864287215,4PTI,A,35,11.1,885,958,810,5,0.1396793,10.0,Existing_Structures/generated_pka/4pti_model1.pka,resname+resseq+chain,0.002505592667285737,0.002306106238564237,-0.13717370733271428
LYS,10.5,56.33946960426126,-1.9825,2,1,1,1,0.0,0.0,0.0003979487443048,4PTI,A,41,10.8,886,959,811,5,-0.01395809,10.5,Existing_Structures/generated_pka/4pti_model1.pka,resname+resseq+chain,0.0007936977781692444,0.00039574903386444443,0.014751787778169243
LYS,10.5,84.2309744125659,0.9393,2,2,1,0,0.0,0.0,0.0006305594883398,4PTI,A,46,10.6,887,960,812,5,0.011234632,10.5,Existing_Structures/generated_pka/4pti_model1.pka,resname+resseq+chain,0.0007936977781692444,0.00016313828982944447,-0.010440934221830756
GLU,4.1,84.98289235873831,3.1022,2,1,1,1,2.8865,3.7099,0.9997488744367388,4PTI,A,49,3.8,888,961,813,5,1.0050404,4.5,Existing_Structures/generated_pka/4pti_model1.pka,resname+resseq+chain,0.9987426574886448,-0.0010062169480939964,-0.0062977425113551755
ASP,3.9,56.29631256633984,8.072,3,1,1,1,3.758,5.0467,0.999900009999,4PTI,A,50,3.4,889,962,814,5,1.0005184,3.8,Existing_Structures/generated_pka/4pti_model1.pka,resname+resseq+chain,0.9997488744367387,-0.00015113556226131752,-0.0007695255632613751
HIS,6.0,14.205106496317429,-36.6684,1,2,3,2,2.435,2.7963,0.9985230761422984,2TGA,A,40,4.57,890,964,815,10,0.8818627,6.5,Existing_Structures/generated_pka/2tga_model1.pka,resname+resseq+chain,0.8881842302218831,-0.11033884592041532,0.006321530221883087
HIS,6.0,25.741124266457128,-28.0924,0,2,2,0,2.3869,3.1336,0.5402082283237458,2TGA,A,57,7.33,891,965,816,10,0.7345357,6.5,Existing_Structures/generated_pka/2tga_model1.pka,resname+resseq+chain,0.8881842302218831,0.34797600189813727,0.15364853022188307
CYS,8.3,0.0,-5.0141,1,2,2,2,0.4791,0.5016,0.0003161277976296,1I7K,A,102,10.9,892,966,817,9,0.39714676,9.0,Existing_Structures/generated_pka/1i7k_model1.pka,resname+resseq+chain,0.02450336755033601,0.02418723975270641,-0.372643392449664
GLU,4.1,98.61926217304018,4.4283,0,4,2,3,2.4455,3.3023,0.9996838722023704,1UBQ,A,16,3.9,893,967,818,3,1.0015525,4.5,Existing_Structures/generated_pka/1ubq_model1.pka,resname+resseq+chain,0.9987426574886448,-0.0009412147137256577,-0.0028098425113552983
ASP,3.9,28.804759716005503,8.8406,1,2,3,4,2.7909,3.3527,0.9999498837883978,1UBQ,A,21,3.1,894,968,819,3,0.97067934,3.8,Existing_Structures/generated_pka/1ubq_model1.pka,resname+resseq+chain,0.9997488744367387,-0.00020100935165912048,0.029069534436738653
GLU,4.1,86.32524024279802,5.1882,3,2,5,3,3.0726,4.5274,0.9992063022218308,1UBQ,A,24,4.3,895,969,820,3,0.97818315,4.5,Existing_Structures/generated_pka/1ubq_model1.pka,resname+resseq+chain,0.9987426574886448,-0.0004636447331860527,0.020559507488644768
ASP,3.9,99.1312986576997,-0.7864,0,3,2,3,2.4694,3.9129,0.9997488744367388,1UBQ,A,32,3.8,896,970,821,3,0.99613374,3.8,Existing_Structures/generated_pka/1ubq_model1.pka,resname+resseq+chain,0.9997488744367387,-1.1102230246251565e-16,0.003615134436738665
GLU,4.1,24.84357452900482,5.304,0,5,1,1,1.4075,2.5835,0.9987426574886448,1UBQ,A,34,4.5,897,971,822,3,1.0344926,4.5,Existing_Structures/generated_pka/1ubq_model1.pka,resname+resseq+chain,0.9987426574886448,0.0,-0.035749942511355326
ASP,3.9,69.53392956495846,6.0467,3,1,2,2,2.2082,2.6914,0.9998415357956376,1UBQ,A,39,3.6,898,972,823,3,1.0004944,3.8,Existing_Structures/generated_pka/1ubq_model1.pka,resname+resseq+chain,0.9997488744367387,-9.266135889895999e-05,-0.0007455255632613511
GLU,4.1,82.05904447603022,5.5749,3,2,4,2,1.5906,2.2386,0.9997488744367388,1UBQ,A,51,3.8,899,973,824,3,1.0180966,4.5,Existing_Structures/generated_pka/1ubq_model1.pka,resname+resseq+chain,0.9987426574886448,-0.0010062169480939964,-0.01935394251135525
ASP,3.9,57.07177747306871,14.0163,3,3,4,2,2.1265,2.8637,0.999900009999,1UBQ,A,52,3.4,900,974,825,3,1.0067564,3.8,Existing_Structures/generated_pka/1ubq_model1.pka,resname+resseq+chain,0.9997488744367387,-0.00015113556226131752,-0.007007525563261341
ASP,3.9,48.32456728139425,1.5685,1,1,3,3,5.2743,7.6105,0.9998415357956376,1UBQ,A,58,3.6,901,975,826,3,1.0018326,3.8,Existing_Structures/generated_pka/1ubq_model1.pka,resname+resseq+chain,0.9997488744367387,-9.266135889895999e-05,-0.002083725563261307
GLU,4.1,60.488036318980754,5.0109,0,2,0,3,2.019,3.2675,0.9987426574886448,1UBQ,A,64,4.5,902,976,827,3,0.9941399,4.5,Existing_Structures/generated_pka/1ubq_model1.pka,resname+resseq+chain,0.9987426574886448,0.0,0.004602757488644804
CYS,8.3,41.5270385574979,-2.9093,2,1,4,0,0.2357,0.2874,0.0001994864287215,1JBB,A,87,11.1,903,978,828,1,0.80069137,9.0,Existing_Structures/generated_pka/1jbb_model1.pka,resname+resseq+chain,0.02450336755033601,0.02430388112161451,-0.776188002449664
CYS,8.3,23.130049663163497,2.01,2,0,2,0,0.0497,0.0,0.0015823852808017,1JAS,A,88,10.2,904,979,829,6,0.6379307,9.0,Existing_Structures/generated_pka/1jas_model1.pka,resname+resseq+chain,0.02450336755033601,0.02292098226953431,-0.613427332449664
TYR,10.5,16.433729594950282,20.8722,1,3,0,4,0.2435,0.3634,0.8304449113532373,1KVR,A,149,6.71,905,980,830,1,0.5295318,10.0,Existing_Structures/generated_pka/1kvr_model1.pka,resname+resseq+chain,0.002505592667285737,-0.8279393186859515,-0.5270262073327142
TYR,10.5,16.59515878698094,18.2483,1,3,0,4,0.2096,0.2784,0.7761545753418307,1KVT,A,149,6.86,906,981,831,4,0.8572959,10.0,Existing_Structures/generated_pka/1kvt_model1.pka,resname+resseq+chain,0.002505592667285737,-0.773648982674545,-0.8547903073327142
TYR,10.5,17.164112097674632,17.5991,2,3,0,4,0.1939,0.267,0.9294909043747704,1KVS,A,149,6.28,907,982,832,1,0.48314142,10.0,Existing_Structures/generated_pka/1kvs_model1.pka,resname+resseq+chain,0.002505592667285737,-0.9269853117074847,-0.48063582733271426
ASP,3.9,105.9851276102382,0.8201,1,1,2,1,2.5319,2.7429,0.9999563503221536,1VII,A,44,3.04,908,983,833,8,0.99898094,3.8,Existing_Structures/generated_pka/1vii_model1.pka,resname+resseq+chain,0.9997488744367387,-0.00020747588541492057,0.0007679344367386154
GLU,4.1,101.8124156284207,-5.2135,1,1,2,1,3.5404,4.1264,0.9996453124586552,1VII,A,45,3.95,909,984,834,8,0.99771845,4.5,Existing_Structures/generated_pka/1vii_model1.pka,resname+resseq+chain,0.9987426574886448,-0.0009026549700104081,0.001024207488644735
ASP,3.9,69.24321227738479,-10.8171,1,2,2,1,4.167,5.0531,0.999890364201712,1VII,A,46,3.44,910,985,835,8,1.0111338,3.8,Existing_Structures/generated_pka/1vii_model1.pka,resname+resseq+chain,0.9997488744367387,-0.00014148976497330157,-0.011384925563261428
GLU,4.1,72.79350747565692,-7.8288,0,4,0,1,1.9384,2.7715,0.9990676158507203,1VII,A,72,4.37,911,986,836,8,1.007578,4.5,Existing_Structures/generated_pka/1vii_model1.pka,resname+resseq+chain,0.9987426574886448,-0.00032495836207557804,-0.008835342511355315
ASP,3.9,93.84564606471749,1.0309,1,1,2,1,1.2951,1.8785,0.9997246529665365,1QH7,A,5,3.84,912,988,837,4,0.9935948,3.8,Existing_Structures/generated_pka/1qh7_model1.pka,resname+resseq+chain,0.9997488744367387,2.4221470202201445e-05,0.006154074436738655
HIS,6.0,38.56301445569276,21.6407,1,1,2,1,3.1392,3.887,0.8835282880564395,1QH7,A,11,6.52,913,989,838,4,0.65617687,6.5,Existing_Structures/generated_pka/1qh7_model1.pka,resname+resseq+chain,0.8881842302218831,0.004655942165443627,0.23200736022188306
ASP,3.9,59.98060494159827,8.377,1,2,2,1,3.701,5.1573,0.9996533833343184,1QH7,A,12,3.94,914,990,839,4,1.0056573,3.8,Existing_Structures/generated_pka/1qh7_model1.pka,resname+resseq+chain,0.9997488744367387,9.549110242024206e-05,-0.005908425563261321
ASP,3.9,23.29535294926005,14.6312,1,3,2,2,4.2485,5.6281,0.9999108828487612,1QH7,A,15,3.35,915,991,840,4,0.9770312,3.8,Existing_Structures/generated_pka/1qh7_model1.pka,resname+resseq+chain,0.9997488744367387,-0.00016200841202251848,0.022717674436738666
GLU,4.1,9.633273490139048,10.5674,1,4,2,3,3.9576,4.7524,0.9991878296406884,1QH7,A,17,4.31,916,992,841,4,0.9844435,4.5,Existing_Structures/generated_pka/1qh7_model1.pka,resname+resseq+chain,0.9987426574886448,-0.00044517215204364913,0.014299157488644743
ASP,3.9,45.96393352816914,9.0962,2,1,2,2,2.4361,3.3645,0.9998851978189044,1QH7,A,21,3.46,917,993,842,4,0.9673182,3.8,Existing_Structures/generated_pka/1qh7_model1.pka,resname+resseq+chain,0.9997488744367387,-0.00013632338216573725,0.03243067443673864
HIS,6.0,84.9246177214738,3.2093,0,1,1,0,0.7582,1.0325,0.8399506946347537,1QH7,A,32,6.68,918,994,843,4,0.74153143,6.5,Existing_Structures/generated_pka/1qh7_model1.pka,resname+resseq+chain,0.8881842302218831,0.048233535587129395,0.1466528002218831
GLU,4.1,34.28292365250538,1.0609,0,4,1,2,3.2894,5.6848,0.9985894549032848,1QH7,A,56,4.55,919,995,844,4,1.0018958,4.5,Existing_Structures/generated_pka/1qh7_model1.pka,resname+resseq+chain,0.9987426574886448,0.00015320258536000164,-0.0031531425113552336
HIS,6.0,1.6349406334373435,-4.392,2,1,0,2,2.0737,2.5628,0.9995927856133058,1QH7,A,60,4.01,920,996,845,4,0.9084553,6.5,Existing_Structures/generated_pka/1qh7_model1.pka,resname+resseq+chain,0.8881842302218831,-0.11140855539142269,-0.02027106977811688
ASP,3.9,99.27087780330282,2.0656,0,3,1,4,1.8305,3.07,0.9996980960015096,1QH7,A,90,3.88,921,997,846,4,1.0045407,3.8,Existing_Structures/generated_pka/1qh7_model1.pka,resname+resseq+chain,0.9997488744367387,5.077843522904857e-05,-0.004791825563261298
GLU,4.1,10.93926145346953,-4.2277,2,3,1,4,3.9789,4.72,0.9996533833343184,1QH7,A,94,3.94,922,998,847,4,1.0215331,4.5,Existing_Structures/generated_pka/1qh7_model1.pka,resname+resseq+chain,0.9987426574886448,-0.0009107258456736433,-0.022790442511355313
GLU,4.1,18.21554264209499,1.5721,1,2,1,3,2.7989,3.0469,0.998713407900003,1QH7,A,126,4.51,926,1002,848,4,0.974741,4.5,Existing_Structures/generated_pka/1qh7_model1.pka,resname+resseq+chain,0.9987426574886448,2.924958864181093e-05,0.0240016574886448
GLU,4.1,34.81571565132081,-3.3586,1,1,0,2,3.731,6.5055,0.999848666780366,1QH7,A,167,3.58,928,1004,849,4,0.9665162,4.5,Existing_Structures/generated_pka/1qh7_model1.pka,resname+resseq+chain,0.9987426574886448,-0.0011060092917212216,0.03222645748864472
GLU,4.1,0.2400267820316562,26.2602,1,5,1,4,3.6418,4.9871,0.9994990638291864,1QH7,A,178,4.1,929,1005,850,4,0.37952185,4.5,Existing_Structures/generated_pka/1qh7_model1.pka,resname+resseq+chain,0.9987426574886448,-0.0007564063405416377,0.6192208074886447
GLU,4.1,1.043451874730205,3.4393,2,2,2,3,3.1701,3.4955,0.8881842302218831,1QH7,A,184,6.5,930,1006,851,4,0.61062557,4.5,Existing_Structures/generated_pka/1qh7_model1.pka,resname+resseq+chain,0.9987426574886448,0.11055842726676168,0.3881170874886448
ASP,3.9,64.79445985381615,5.9581,1,1,1,0,3.0708,4.2489,0.9999601908677748,1XNB,A,4,3.0,931,1008,852,2,0.9933037,3.8,Existing_Structures/generated_pka/1xnb_model1.pka,resname+resseq+chain,0.9997488744367387,-0.00021131643103611264,0.006445174436738643
ASP,3.9,41.37567306187936,3.9217,2,0,2,1,4.206,5.0283,0.9999874109043696,1XNB,A,11,2.5,932,1009,853,2,0.9782354,3.8,Existing_Structures/generated_pka/1xnb_model1.pka,resname+resseq+chain,0.9997488744367387,-0.00023853646763094538,0.021513474436738678
GLU,4.1,11.326072365825016,-7.3245,2,0,1,2,3.1694,4.084,0.9984176147191982,1XNB,A,78,4.6,933,1010,854,2,0.8657534,4.5,Existing_Structures/generated_pka/1xnb_model1.pka,resname+resseq+chain,0.9987426574886448,0.00032504276944655963,0.13298925748864476
GLU,4.1,10.678475229982222,-11.2883,2,0,1,2,2.6919,3.3117,0.99936944051166,1HV1,A,78,4.2,934,1011,855,8,0.64677787,4.5,Existing_Structures/generated_pka/1hv1_model1.pka,resname+resseq+chain,0.9987426574886448,-0.0006267830230152205,0.3519647874886448
GLU,4.1,12.538187876908951,-1.9442,2,0,1,2,3.3602,4.4943,0.9960347143808476,1HV0,A,78,5.0,935,1012,856,5,0.9403744,4.5,Existing_Structures/generated_pka/1hv0_model1.pka,resname+resseq+chain,0.9987426574886448,0.002707943107797206,0.058368257488644715
ASP,3.9,15.723004641516594,22.8246,2,3,2,0,3.1266,3.7896,0.9999800477749496,1XNB,A,106,2.7,938,1015,857,2,0.9777868,3.8,Existing_Structures/generated_pka/1xnb_model1.pka,resname+resseq+chain,0.9997488744367387,-0.00023117333821098818,0.0219620744367387
ASP,3.9,57.782554754988666,-0.0733,2,0,2,1,2.21,3.2426,0.9999369082463724,1XNB,A,119,3.2,939,1016,858,2,0.98654866,3.8,Existing_Structures/generated_pka/1xnb_model1.pka,resname+resseq+chain,0.9997488744367387,-0.0001880338096337253,0.013200214436738689
ASP,3.9,107.48211356037784,1.604,3,0,3,0,0.7538,0.7952,0.9998415357956376,1XNB,A,121,3.6,940,1017,859,2,1.0093812,3.8,Existing_Structures/generated_pka/1xnb_model1.pka,resname+resseq+chain,0.9997488744367387,-9.266135889895999e-05,-0.009632325563261324
GLU,4.1,13.430314540994662,3.0399,1,1,2,2,2.8774,3.6372,0.6131368201531431,1XNB,A,172,7.2,943,1020,860,2,0.85916793,4.5,Existing_Structures/generated_pka/1xnb_model1.pka,resname+resseq+chain,0.9987426574886448,0.3856058373355017,0.13957472748864475
GLU,4.1,13.430314540994662,3.0399,1,1,2,2,2.8774,3.6372,0.8336624691834381,1XNB,A,172,6.7,944,1021,861,2,0.85916793,4.5,Existing_Structures/generated_pka/1xnb_model1.pka,resname+resseq+chain,0.9987426574886448,0.16508018830520665,0.13957472748864475
GLU,4.1,13.05119278442572,5.6481,1,1,2,2,2.7973,3.5865,0.557311633762293,1HV1,A,172,7.3,945,1022,862,8,0.80098736,4.5,Existing_Structures/generated_pka/1hv1_model1.pka,resname+resseq+chain,0.9987426574886448,0.4414310237263518,0.19775529748864473
GLU,4.1,17.938513060750797,1.7211,1,1,2,2,3.2547,4.0745,0.2402530733520421,1HV0,A,172,7.9,946,1023,863,5,0.9857987,4.5,Existing_Structures/generated_pka/1hv0_model1.pka,resname+resseq+chain,0.9987426574886448,0.7584895841366026,0.012943957488644742
