resname,ref_pka,sasa,electrostatic_potential,arg_count,lys_count,asp_count,glu_count,hbonds_weighted,hbonds_strict_flexible,label,pdb,chain,resseq,expt_pka,pkadr_rownum,pkadr_index,row_id,fold,prediction,propka_pka,propka_file,propka_merge_keys,propka_deprot_probability,propka_delta_vs_label,propka_delta_vs_prediction
CYS,8.3,2.179376038353717,29.3837,2,3,0,4,2.4859,3.3312,0.9921193161496696,1EH6,A,145,5.3,0,1,0,9,0.90105724,9.0,Existing_Structures/generated_pka/1eh6_model1.pka,resname+resseq+chain,0.02450336755033601,-0.9676159485993336,-0.876553872449664
CYS,8.3,22.62748485165837,17.4991,1,4,2,2,0.0838,0.0477,0.7761545753418307,1QLP,A,232,6.86,1,2,1,6,0.94603837,9.0,Existing_Structures/generated_pka/1qlp_model1.pka,resname+resseq+chain,0.02450336755033601,-0.7516512077914947,-0.921535002449664
HIS,6.0,6.969990109588629,-30.4368,1,2,6,1,1.1231,1.3056,0.6131368201531431,1YPH,C,40,7.2,2,3,2,2,0.7011333,6.5,Existing_Structures/generated_pka/1yph_model1.pka,resname+resseq+chain,0.8881842302218831,0.27504741006874,0.18705093022188313
HIS,6.0,1.5521089669708803,,2,1,2,0,1.8558,2.1625,0.9479085506726252,1YPH,C,57,6.14,3,4,3,2,0.9294752,6.5,Existing_Structures/generated_pka/1yph_model1.pka,resname+resseq+chain,0.8881842302218831,-0.05972432045074216,-0.04129096977811686
ASP,3.9,0.9140810685655172,39.2779,1,4,2,0,3.6417,4.7218,0.9999765582613748,1YPH,C,102,2.77,4,5,4,2,0.9190213,3.8,Existing_Structures/generated_pka/1yph_model1.pka,resname+resseq+chain,0.9997488744367387,-0.0002276838246361157,0.08072757443673861
LYS,10.5,70.93448511081624,-2.424,3,2,1,2,0.4105,0.4105,0.0009990009990009,1GS9,A,69,10.4,5,7,5,7,-0.18239407,10.5,Existing_Structures/generated_pka/1gs9_model1.pka,resname+resseq+chain,0.0007936977781692444,-0.00020530322083165548,0.18318776777816922
LYS,10.5,72.77569269237097,-2.8803,3,2,1,2,0.0,0.0,0.0019912891707283,1LE2,A,69,10.1,6,8,6,4,0.0055002132,10.5,Existing_Structures/generated_pka/1le2_model1.pka,resname+resseq+chain,0.0007936977781692444,-0.0011975913925590554,-0.004706515421830756
LYS,10.5,64.94151877187171,-8.2973,1,3,1,4,0.8313,0.9129,0.0025055926672857,1GS9,A,72,10.0,7,9,7,7,0.032932848,10.5,Existing_Structures/generated_pka/1gs9_model1.pka,resname+resseq+chain,0.0007936977781692444,-0.0017118948891164554,-0.03213915022183075
LYS,10.5,53.93650821175461,-7.1214,3,3,2,4,0.0,0.0,0.0025055926672857,1LE2,A,72,10.0,8,10,8,4,0.01928975,10.5,Existing_Structures/generated_pka/1le2_model1.pka,resname+resseq+chain,0.0007936977781692444,-0.0017118948891164554,-0.018496052221830758
LYS,10.5,13.981204572551906,-14.0879,3,4,0,7,2.3077,3.214,0.0019912891707283,1GS9,A,75,10.1,9,11,9,7,0.12312254,10.5,Existing_Structures/generated_pka/1gs9_model1.pka,resname+resseq+chain,0.0007936977781692444,-0.0011975913925590554,-0.12232884222183076
LYS,10.5,28.143352237337748,-7.5997,3,4,0,5,0.0,0.0,0.0025055926672857,1LE2,A,75,10.0,10,12,10,4,0.018025063,10.5,Existing_Structures/generated_pka/1le2_model1.pka,resname+resseq+chain,0.0007936977781692444,-0.0017118948891164554,-0.017231365221830757
LYS,10.5,95.89410042640984,-0.2447,3,1,0,2,0.395,0.98,0.0019912891707283,1GS9,A,95,10.1,11,13,11,7,-0.0069548893,10.5,Existing_Structures/generated_pka/1gs9_model1.pka,resname+resseq+chain,0.0007936977781692444,-0.0011975913925590554,0.007748587078169245
LYS,10.5,80.30096522944875,0.391,2,1,0,3,0.0,0.0,0.0015823852808017,1LE2,A,95,10.2,12,14,12,4,0.0012230462,10.5,Existing_Structures/generated_pka/1le2_model1.pka,resname+resseq+chain,0.0007936977781692444,-0.0007886875026324556,-0.0004293484218307556
LYS,10.5,81.16419533672583,1.5026,5,2,0,0,0.0053,0.0,0.0078806838503302,1GS9,A,143,9.5,13,15,13,7,0.018599348,10.5,Existing_Structures/generated_pka/1gs9_model1.pka,resname+resseq+chain,0.0007936977781692444,-0.007086986072160955,-0.017805650221830758
LYS,10.5,62.65015904540032,1.9225,6,2,0,0,0.0,0.0,0.0099009900990099,1LE2,A,143,9.4,14,16,14,4,0.05652305,10.5,Existing_Structures/generated_pka/1le2_model1.pka,resname+resseq+chain,0.0007936977781692444,-0.009107292320840656,-0.05572935222183075
LYS,10.5,79.27511322301135,1.7197,4,2,0,0,0.0,0.0,0.0156016622418296,1GS9,A,146,9.2,15,17,15,7,-0.009366512,10.5,Existing_Structures/generated_pka/1gs9_model1.pka,resname+resseq+chain,0.0007936977781692444,-0.014807964463660356,0.010160209778169244
LYS,10.5,75.82226444082427,3.3862,6,2,0,0,0.0,0.0,0.0031523091832602,1LE2,A,146,9.9,16,18,16,4,0.06979077,10.5,Existing_Structures/generated_pka/1le2_model1.pka,resname+resseq+chain,0.0007936977781692444,-0.0023586114050909556,-0.06899707222183075
LYS,10.5,86.99947960805429,-1.7856,4,2,3,1,0.0,0.0,0.0001994864287215,1GS9,A,157,11.1,17,19,17,7,-0.00041945418,10.5,Existing_Structures/generated_pka/1gs9_model1.pka,resname+resseq+chain,0.0007936977781692444,0.0005942113494477445,0.0012131519581692445
LYS,10.5,75.80978500243751,-2.758,1,1,3,1,0.0,0.0,0.0003161277976296,1LE2,A,157,10.9,18,20,18,4,-0.020444004,10.5,Existing_Structures/generated_pka/1le2_model1.pka,resname+resseq+chain,0.0007936977781692444,0.00047756998053964444,0.021237701778169246
GLU,4.1,56.68938550421285,7.7569,0,3,0,1,2.0715,2.6018,0.9990009990009991,1PGB,A,15,4.4,23,26,19,1,0.9977933,4.5,Existing_Structures/generated_pka/1pgb_model1.pka,resname+resseq+chain,0.9987426574886448,-0.0002583415123543764,0.0009493574886447753
GLU,4.1,81.72423670418348,6.5521,0,3,1,2,3.0335,3.7851,0.9998005135712784,1PGB,A,19,3.7,24,27,20,1,0.9969737,4.5,Existing_Structures/generated_pka/1pgb_model1.pka,resname+resseq+chain,0.9987426574886448,-0.0010578560826336458,0.0017689574886448067
ASP,3.9,61.92335148824611,24.5296,0,3,3,2,1.5109,3.0195,0.9999683782233666,1PGB,A,22,2.9,25,28,21,1,1.0113593,3.8,Existing_Structures/generated_pka/1pgb_model1.pka,resname+resseq+chain,0.9997488744367387,-0.00021950378662793923,-0.011610425563261417
GLU,4.1,47.95770021659734,9.8788,0,4,3,3,3.0041,5.4069,0.9987426574886448,1PGB,A,27,4.5,26,29,22,1,1.0025625,4.5,Existing_Structures/generated_pka/1pgb_model1.pka,resname+resseq+chain,0.9987426574886448,0.0,-0.0038198425113552537
LYS,10.5,70.9425952514782,-3.9575,0,2,1,2,0.2466,0.2555,0.0003161277976296,1PGB,A,28,10.9,27,30,23,1,0.0179934,10.5,Existing_Structures/generated_pka/1pgb_model1.pka,resname+resseq+chain,0.0007936977781692444,0.00047756998053964444,-0.017199702221830756
ASP,3.9,79.85858877439607,-2.6032,0,2,2,2,2.2413,3.9572,0.9997488744367388,1PGB,A,36,3.8,29,32,24,1,0.99386483,3.8,Existing_Structures/generated_pka/1pgb_model1.pka,resname+resseq+chain,0.9997488744367387,-1.1102230246251565e-16,0.005884044436738622
ASP,3.9,104.34237300087425,-4.8537,0,2,2,2,1.2094,1.4111,0.9996020512556952,1PGB,A,40,4.0,30,33,25,1,0.96475595,3.8,Existing_Structures/generated_pka/1pgb_model1.pka,resname+resseq+chain,0.9997488744367387,0.00014682318104342063,0.034992924436738626
GLU,4.1,100.85284449146155,2.6376,0,2,1,3,2.7223,3.1731,0.9990009990009991,1PGB,A,42,4.4,31,34,26,1,1.0027555,4.5,Existing_Structures/generated_pka/1pgb_model1.pka,resname+resseq+chain,0.9987426574886448,-0.0002583415123543764,-0.004012842511355141
ASP,3.9,64.63247117742252,10.0385,0,2,3,1,2.8035,4.0645,0.9998415357956376,1PGB,A,46,3.6,33,36,27,1,0.96301204,3.8,Existing_Structures/generated_pka/1pgb_model1.pka,resname+resseq+chain,0.9997488744367387,-9.266135889895999e-05,0.0367368344367387
ASP,3.9,78.07667023001112,17.0843,0,2,3,1,3.1871,4.5741,0.999900009999,1PGB,A,47,3.4,34,37,28,1,1.0002097,3.8,Existing_Structures/generated_pka/1pgb_model1.pka,resname+resseq+chain,0.9997488744367387,-0.00015113556226131752,-0.00046082556326143553
GLU,4.1,13.184537411057736,13.5128,0,2,1,2,2.4044,2.627,0.9996020512556952,1PGB,A,56,4.0,35,38,29,1,0.93226236,4.5,Existing_Structures/generated_pka/1pgb_model1.pka,resname+resseq+chain,0.9987426574886448,-0.0008593937670504648,0.06648029748864481
ASP,3.9,0.0,-3.4045,1,4,4,0,5.0675,7.9721,0.6661394245831224,7XJD,A,96,7.1,37,40,30,2,0.62858045,3.8,Existing_Structures/generated_pka/7xjd_model1.pka,resname+resseq+chain,0.9997488744367387,0.3336094498536163,0.3711684244367387
ASP,3.9,87.29459023476377,14.5392,2,2,4,0,2.1664,2.4601,0.9999498837883978,1A2P,A,8,3.1,38,41,31,7,1.0028112,3.8,Existing_Structures/generated_pka/1a2p_model1.pka,resname+resseq+chain,0.9997488744367387,-0.00020100935165912048,-0.003062325563261359
ASP,3.9,69.30739753546735,6.2624,1,1,2,0,3.0288,4.4471,0.9997488744367388,1A2P,A,12,3.8,39,42,32,7,0.98465025,3.8,Existing_Structures/generated_pka/1a2p_model1.pka,resname+resseq+chain,0.9997488744367387,-1.1102230246251565e-16,0.015098624436738706
HIS,6.0,59.84803690933752,-1.993,0,1,2,0,0.1089,0.0,0.3087638475852371,1A2P,A,18,7.75,40,43,33,7,0.51031655,6.5,Existing_Structures/generated_pka/1a2p_model1.pka,resname+resseq+chain,0.8881842302218831,0.579420382636646,0.3778676802218831
ASP,3.9,88.7023858441353,7.6706,1,3,3,2,3.1437,5.0935,0.9999205734856,1A2P,A,22,3.3,41,44,34,7,1.0036184,3.8,Existing_Structures/generated_pka/1a2p_model1.pka,resname+resseq+chain,0.9997488744367387,-0.00017169904886138454,-0.0038695255632612557
GLU,4.1,59.64620398169572,3.9822,2,2,3,1,5.0059,7.1659,0.9997761779936488,1A2P,A,29,3.75,42,45,35,7,1.0100998,4.5,Existing_Structures/generated_pka/1a2p_model1.pka,resname+resseq+chain,0.9987426574886448,-0.0010335205050040486,-0.011357142511355334
ASP,3.9,89.62766224780053,-3.0898,0,3,1,0,2.2068,2.9996,0.9998415357956376,1A2P,A,44,3.6,43,46,36,7,0.97454476,3.8,Existing_Structures/generated_pka/1a2p_model1.pka,resname+resseq+chain,0.9997488744367387,-9.266135889895999e-05,0.025204114436738645
ASP,3.9,28.12142973781378,16.7359,3,2,2,2,2.6268,4.274,0.9999936904663655,1A2P,A,54,2.2,44,47,37,7,1.0038784,3.8,Existing_Structures/generated_pka/1a2p_model1.pka,resname+resseq+chain,0.9997488744367387,-0.0002448160296268931,-0.004129525563261405
GLU,4.1,60.290820249279534,11.6598,1,1,0,1,1.7831,3.3983,0.9999601908677748,1A2P,A,60,3.0,45,48,38,7,0.9996383,4.5,Existing_Structures/generated_pka/1a2p_model1.pka,resname+resseq+chain,0.9987426574886448,-0.001217533379129998,-0.0008956425113552102
GLU,4.1,12.37865212033595,12.9584,3,3,3,1,3.6676,4.7104,0.9999949881527824,1A2P,A,73,2.1,46,49,39,7,0.9427173,4.5,Existing_Structures/generated_pka/1a2p_model1.pka,resname+resseq+chain,0.9987426574886448,-0.0012523306641376575,0.05602535748864479
ASP,3.9,0.994839347302774,27.6979,3,3,5,1,2.7921,3.3033,0.9999498837883978,1A2P,A,75,3.1,47,50,40,7,0.97321177,3.8,Existing_Structures/generated_pka/1a2p_model1.pka,resname+resseq+chain,0.9997488744367387,-0.00020100935165912048,0.026537104436738623
ASP,3.9,23.729696614369733,5.3827,3,1,4,1,3.076,3.5568,0.99936944051166,1A2P,A,86,4.2,48,51,41,7,0.928196,3.8,Existing_Structures/generated_pka/1a2p_model1.pka,resname+resseq+chain,0.9997488744367387,0.0003794339250786649,0.07155287443673863
ASP,3.9,36.18043693210896,14.1615,2,2,2,2,6.5422,8.9886,0.9999960189441433,1A2P,A,101,2.0,50,53,42,7,1.0120881,3.8,Existing_Structures/generated_pka/1a2p_model1.pka,resname+resseq+chain,0.9997488744367387,-0.00024714450740459526,-0.01233922556326128
HIS,6.0,61.09564658563339,2.4191,2,1,3,1,0.2384,0.3959,0.9264124438824266,1A2P,A,102,6.3,51,54,43,7,0.66604793,6.5,Existing_Structures/generated_pka/1a2p_model1.pka,resname+resseq+chain,0.8881842302218831,-0.03822821366054352,0.22213630022188313
HIS,6.0,54.18412949012732,-1.8349,2,1,0,0,0.3921,0.3983,0.2402530733520421,2KIX,A,27,7.9,53,56,44,1,0.7099665,6.5,Existing_Structures/generated_pka/2kix_model1.pka,resname+resseq+chain,0.8881842302218831,0.6479311568698409,0.17821773022188314
GLU,4.1,29.83088371290229,-22.2351,1,2,1,3,1.278,2.5375,0.9999205734856,1BI6,H,1,3.3,54,57,45,3,0.8211261,4.5,Existing_Structures/generated_pka/1bi6_model1.pka,resname+resseq+chain,0.9987426574886448,-0.00117791599695527,0.1776165574886448
GLU,4.1,8.95091771842854,2.5652,1,1,1,2,0.4647,1.2831,0.9999205734856,1BI6,H,2,3.3,55,58,46,3,0.80116665,4.5,Existing_Structures/generated_pka/1bi6_model1.pka,resname+resseq+chain,0.9987426574886448,-0.00117791599695527,0.1975760074886448
GLU,4.1,64.74158467337516,5.2793,0,2,3,2,0.9118,1.8857,0.9996020512556952,1BI6,L,5,4.0,56,59,47,3,0.9923616,4.5,Existing_Structures/generated_pka/1bi6_model1.pka,resname+resseq+chain,0.9987426574886448,-0.0008593937670504648,0.006381057488644815
ASP,3.9,24.37301259824096,1.1776,0,4,3,2,3.3082,5.7181,0.9999601908677748,1BI6,H,9,3.0,57,60,48,3,0.99909455,3.8,Existing_Structures/generated_pka/1bi6_model1.pka,resname+resseq+chain,0.9997488744367387,-0.00021131643103611264,0.0006543244367386292
ASP,3.9,82.76941967749914,2.0697,0,3,2,1,0.9224,1.4976,0.9997488744367388,1BI6,H,13,3.8,58,61,49,3,0.9993223,3.8,Existing_Structures/generated_pka/1bi6_model1.pka,resname+resseq+chain,0.9997488744367387,-1.1102230246251565e-16,0.00042657443673865814
GLU,4.1,56.07517234150485,-0.6317,0,2,2,1,1.915,3.4144,0.99936944051166,1BI6,H,24,4.2,59,62,50,3,0.9942485,4.5,Existing_Structures/generated_pka/1bi6_model1.pka,resname+resseq+chain,0.9987426574886448,-0.0006267830230152205,0.00449415748864479
ASP,3.9,21.5633458930142,4.2131,0,3,2,1,1.9316,3.7553,0.9999498837883978,1BI6,H,32,3.1,60,63,51,3,0.9919649,3.8,Existing_Structures/generated_pka/1bi6_model1.pka,resname+resseq+chain,0.9997488744367387,-0.00020100935165912048,0.0077839744367386166
ASP,3.9,89.49985503199217,5.8294,1,2,1,3,1.6375,2.4265,0.9998005135712784,1BI6,H,38,3.7,61,64,52,3,1.0046264,3.8,Existing_Structures/generated_pka/1bi6_model1.pka,resname+resseq+chain,0.9997488744367387,-5.1639134539760434e-05,-0.004877525563261376
LYS,10.5,31.21614587933952,-4.0544,0,3,0,3,0.0,0.0,0.000660257220388,4ICB,A,1,10.58,62,65,53,3,0.0050410517,10.5,Existing_Structures/generated_pka/4icb_model1.pka,resname+resseq+chain,0.0007936977781692444,0.00013344055778124445,-0.0042473539218307555
LYS,10.5,31.21614587933952,-4.0544,0,3,0,3,0.0,0.0,0.0006162150467435,4ICB,A,1,10.61,63,66,54,3,0.0050410517,10.5,Existing_Structures/generated_pka/4icb_model1.pka,resname+resseq+chain,0.0007936977781692444,0.00017748273142574448,-0.0042473539218307555
LYS,10.5,31.21614587933952,-4.0544,0,3,0,3,0.0,0.0,0.0006452376286309,4ICB,A,1,10.59,64,67,55,3,0.0050410517,10.5,Existing_Structures/generated_pka/4icb_model1.pka,resname+resseq+chain,0.0007936977781692444,0.00014846014953834438,-0.0042473539218307555
GLU,4.1,96.37020391863896,1.8481,0,3,0,3,3.0674,5.469,0.9997656320596758,4ICB,A,4,3.77,65,68,56,3,1.0023506,4.5,Existing_Structures/generated_pka/4icb_model1.pka,resname+resseq+chain,0.9987426574886448,-0.0010229745710310656,-0.003607942511355211
GLU,4.1,55.76310680468306,0.6728,0,3,0,4,4.2217,7.419,0.999900009999,4ICB,A,5,3.4,66,69,57,3,1.0043346,4.5,Existing_Structures/generated_pka/4icb_model1.pka,resname+resseq+chain,0.9987426574886448,-0.001157352510355203,-0.005591942511355197
LYS,10.5,46.408422890443966,-5.4352,0,2,0,5,0.0,0.0,0.0001230117433306,4ICB,A,7,11.31,67,70,58,3,-0.0072196424,10.5,Existing_Structures/generated_pka/4icb_model1.pka,resname+resseq+chain,0.0007936977781692444,0.0006706860348386444,0.008013340178169244
LYS,10.5,46.408422890443966,-5.4352,0,2,0,5,0.0,0.0,0.000102318829014,4ICB,A,7,11.39,68,71,59,3,-0.0072196424,10.5,Existing_Structures/generated_pka/4icb_model1.pka,resname+resseq+chain,0.0007936977781692444,0.0006913789491552444,0.008013340178169244
LYS,10.5,46.408422890443966,-5.4352,0,2,0,5,0.0,0.0,0.000109635798288,4ICB,A,7,11.36,69,72,60,3,-0.0072196424,10.5,Existing_Structures/generated_pka/4icb_model1.pka,resname+resseq+chain,0.0007936977781692444,0.0006840619798812444,0.008013340178169244
GLU,4.1,63.05733503855596,-4.5194,0,3,1,8,3.0555,5.1531,0.9978170142285469,4ICB,A,11,4.74,70,73,61,3,0.9937934,4.5,Existing_Structures/generated_pka/4icb_model1.pka,resname+resseq+chain,0.9987426574886448,0.0009256432600979192,0.0049492574886447205
LYS,10.5,66.19164733559177,-3.5622,0,4,0,4,0.0,0.0,0.0002187283098547,4ICB,A,12,11.06,71,74,62,3,0.052696746,10.5,Existing_Structures/generated_pka/4icb_model1.pka,resname+resseq+chain,0.0007936977781692444,0.0005749694683145444,-0.051903048221830755
LYS,10.5,48.40177847499852,-5.7063,0,3,1,5,0.0915,0.0942,0.0019018368425677,4ICB,A,16,10.12,72,75,63,3,0.025906716,10.5,Existing_Structures/generated_pka/4icb_model1.pka,resname+resseq+chain,0.0007936977781692444,-0.0011081390643984555,-0.025113018221830756
LYS,10.5,48.40177847499852,-5.7063,0,3,1,5,0.0915,0.0942,0.0002187283098547,4ICB,A,16,11.06,73,76,64,3,0.025906716,10.5,Existing_Structures/generated_pka/4icb_model1.pka,resname+resseq+chain,0.0007936977781692444,0.0005749694683145444,-0.025113018221830756
GLU,4.1,52.96080875948541,-16.5309,0,4,1,5,1.5468,2.8109,0.9998340688469732,4ICB,A,17,3.62,74,77,65,3,0.9552937,4.5,Existing_Structures/generated_pka/4icb_model1.pka,resname+resseq+chain,0.9987426574886448,-0.0010914113583284646,0.043448957488644746
LYS,10.5,45.79060830457637,-15.2233,0,2,3,7,0.0216,0.0222,4.786071847425361e-05,4ICB,A,25,11.72,75,78,66,3,0.008473629,10.5,Existing_Structures/generated_pka/4icb_model1.pka,resname+resseq+chain,0.0007936977781692444,0.0007458370596949908,-0.007679931221830755
LYS,10.5,45.79060830457637,-15.2233,0,2,3,7,0.0216,0.0222,3.890300099706169e-05,4ICB,A,25,11.81,76,79,67,3,0.008473629,10.5,Existing_Structures/generated_pka/4icb_model1.pka,resname+resseq+chain,0.0007936977781692444,0.0007547947771721828,-0.007679931221830755
GLU,4.1,81.09441678121088,-0.6145,0,4,2,6,3.5945,5.8374,0.9995215988848472,4ICB,A,26,4.08,77,80,68,3,0.99389774,4.5,Existing_Structures/generated_pka/4icb_model1.pka,resname+resseq+chain,0.9987426574886448,-0.0007789413962023817,0.004844917488644795
LYS,10.5,50.789768714135306,-1.1659,0,3,1,5,0.0,0.0,0.0003310215099587,4ICB,A,29,10.88,78,81,69,3,0.011145171,10.5,Existing_Structures/generated_pka/4icb_model1.pka,resname+resseq+chain,0.0007936977781692444,0.0004626762682105444,-0.010351473221830757
LYS,10.5,50.789768714135306,-1.1659,0,3,1,5,0.0,0.0,0.0001318082981379,4ICB,A,29,11.28,79,82,70,3,0.011145171,10.5,Existing_Structures/generated_pka/4icb_model1.pka,resname+resseq+chain,0.0007936977781692444,0.0006618894800313445,-0.010351473221830757
LYS,10.5,89.21757319525155,-5.2355,0,2,1,1,0.0,0.0,0.0003713972419378,4ICB,A,41,10.83,80,83,71,3,0.00317991,10.5,Existing_Structures/generated_pka/4icb_model1.pka,resname+resseq+chain,0.0007936977781692444,0.0004223005362314444,-0.0023862122218307556
LYS,10.5,89.21757319525155,-5.2355,0,2,1,1,0.0,0.0,0.000295033852004,4ICB,A,41,10.93,81,84,72,3,0.00317991,10.5,Existing_Structures/generated_pka/4icb_model1.pka,resname+resseq+chain,0.0007936977781692444,0.0004986639261652444,-0.0023862122218307556
ASP,3.9,76.28869265993539,8.5885,0,4,2,6,3.1247,4.3224,0.9999563503221536,4ICB,A,47,3.04,82,85,73,3,0.9946477,3.8,Existing_Structures/generated_pka/4icb_model1.pka,resname+resseq+chain,0.9997488744367387,-0.00020747588541492057,0.005101174436738631
GLU,4.1,67.01878407633635,-8.0409,0,5,2,3,5.024,6.5821,0.998343162757957,4ICB,A,48,4.62,83,86,74,3,0.98091716,4.5,Existing_Structures/generated_pka/4icb_model1.pka,resname+resseq+chain,0.9987426574886448,0.0003994947306877883,0.017825497488644815
LYS,10.5,61.94784341355321,-8.9987,0,3,2,5,1.041,1.5771,0.0001174759532729,4ICB,A,55,11.33,84,87,75,3,0.0006532187,10.5,Existing_Structures/generated_pka/4icb_model1.pka,resname+resseq+chain,0.0007936977781692444,0.0006762218248963444,0.0001404790781692444
LYS,10.5,61.94784341355321,-8.9987,0,3,2,5,1.041,1.5771,1.905424410849593e-05,4ICB,A,55,12.12,85,88,76,3,0.0006532187,10.5,Existing_Structures/generated_pka/4icb_model1.pka,resname+resseq+chain,0.0007936977781692444,0.0007746435340607485,0.0001404790781692444
GLU,4.1,104.69166279140394,1.7885,0,2,2,5,3.0797,5.8406,0.9997246529665365,4ICB,A,64,3.84,86,89,77,3,0.9882694,4.5,Existing_Structures/generated_pka/4icb_model1.pka,resname+resseq+chain,0.9987426574886448,-0.000981995477891684,0.010473257488644805
LYS,10.5,80.29507750232314,-0.6448,0,2,0,1,0.0,0.0,0.0004675164674062,4ICB,A,71,10.73,87,90,78,3,-0.011347834,10.5,Existing_Structures/generated_pka/4icb_model1.pka,resname+resseq+chain,0.0007936977781692444,0.0003261813107630444,0.012141531778169243
LYS,10.5,80.29507750232314,-0.6448,0,2,0,1,0.0,0.0,0.0004784011151527,4ICB,A,71,10.72,88,91,79,3,-0.011347834,10.5,Existing_Structures/generated_pka/4icb_model1.pka,resname+resseq+chain,0.0007936977781692444,0.00031529666301654446,0.012141531778169243
LYS,10.5,39.574189422507374,-3.9176,0,4,2,4,0.4622,0.5115,0.0003089340734957,4ICB,A,72,10.91,89,92,80,3,0.020189812,10.5,Existing_Structures/generated_pka/4icb_model1.pka,resname+resseq+chain,0.0007936977781692444,0.00048476370467354443,-0.019396114221830758
LYS,10.5,39.574189422507374,-3.9176,0,4,2,4,0.4622,0.5115,0.0002454106503973,4ICB,A,72,11.01,90,93,81,3,0.020189812,10.5,Existing_Structures/generated_pka/4icb_model1.pka,resname+resseq+chain,0.0007936977781692444,0.0005482871277719445,-0.019396114221830758
LYS,10.5,39.574189422507374,-3.9176,0,4,2,4,0.4622,0.5115,0.0001174759532729,4ICB,A,72,11.33,91,94,82,3,0.020189812,10.5,Existing_Structures/generated_pka/4icb_model1.pka,resname+resseq+chain,0.0007936977781692444,0.0006762218248963444,-0.019396114221830758
HIS,6.0,65.99752091029517,-1.6256,1,2,3,2,0.0,0.0,0.9679482219721288,4BYA,A,34,5.92,93,96,83,4,0.7811737,6.5,Existing_Structures/generated_pka/4bya_model1.pka,resname+resseq+chain,0.8881842302218831,-0.07976399175024573,0.10701053022188312
HIS,6.0,27.12662246395068,-12.107,1,2,3,5,0.3454,0.4754,0.802909170153816,4BYA,A,71,6.79,94,97,84,4,0.5841458,6.5,Existing_Structures/generated_pka/4bya_model1.pka,resname+resseq+chain,0.8881842302218831,0.08527506006806707,0.30403843022188304
LYS,10.5,66.49786263267565,-3.9045,0,1,0,6,0.5583,0.7878,0.0020375777448726,1PRW,A,13,10.09,95,98,85,8,-0.011082111,10.5,Existing_Structures/generated_pka/1prw_model1.pka,resname+resseq+chain,0.0007936977781692444,-0.0012438799667033554,0.011875808778169244
LYS,10.5,46.77226446906888,-5.9693,1,2,3,3,1.3622,1.8697,0.0033003826208403,1PRW,A,21,9.88,96,99,86,8,-0.039102513,10.5,Existing_Structures/generated_pka/1prw_model1.pka,resname+resseq+chain,0.0007936977781692444,-0.0025066848426710557,0.039896210778169246
LYS,10.5,94.63197160655707,-0.8273,1,2,1,2,0.0,0.0,0.0036176456701732,1PRW,A,30,9.84,97,100,87,8,0.01156252,10.5,Existing_Structures/generated_pka/1prw_model1.pka,resname+resseq+chain,0.0007936977781692444,-0.0028239478920039553,-0.010768822221830756
LYS,10.5,25.263605029753457,-30.398,3,2,3,6,0.8331,0.9055,0.0127186475962907,1PRW,A,75,9.29,98,101,88,8,0.07534354,10.5,Existing_Structures/generated_pka/1prw_model1.pka,resname+resseq+chain,0.0007936977781692444,-0.011924949818121457,-0.07454984222183075
LYS,10.5,65.4396278289237,-3.935,1,3,2,0,1.7148,1.7803,0.0014769238577015,1PRW,A,77,10.23,99,102,89,8,-0.010494712,10.5,Existing_Structures/generated_pka/1prw_model1.pka,resname+resseq+chain,0.0007936977781692444,-0.0006832260795322557,0.011288409778169244
LYS,10.5,38.5623998486526,-15.2582,4,1,2,2,1.1543,1.1823,0.0055919673088347,1PRW,A,94,9.65,100,103,90,8,-0.03224894,10.5,Existing_Structures/generated_pka/1prw_model1.pka,resname+resseq+chain,0.0007936977781692444,-0.004798269530665455,0.033042637778169244
LYS,10.5,51.225272704496646,-9.1561,0,2,0,3,0.8287,1.3689,0.0025055926672857,1PRW,A,148,10.0,101,104,91,8,-0.004728573,10.5,Existing_Structures/generated_pka/1prw_model1.pka,resname+resseq+chain,0.0007936977781692444,-0.0017118948891164554,0.0055222707781692444
HIS,6.0,13.67419869339767,-10.0812,1,7,1,0,1.2315,1.8723,0.9843983377581704,1KXI,A,4,5.6,102,105,92,4,0.70028174,6.5,Existing_Structures/generated_pka/1kxi_model1.pka,resname+resseq+chain,0.8881842302218831,-0.09621410753628734,0.1879024902218831
GLU,4.1,115.2801950061494,4.1762,0,3,2,1,1.0131,1.3672,0.9996020512556952,1KXI,A,17,4.0,103,106,93,4,1.0054386,4.5,Existing_Structures/generated_pka/1kxi_model1.pka,resname+resseq+chain,0.9987426574886448,-0.0008593937670504648,-0.006695942511355191
ASP,3.9,75.84383451889155,15.2967,0,4,2,1,0.9953,1.9595,0.9999369082463724,1KXI,A,42,3.2,104,107,94,4,1.0130236,3.8,Existing_Structures/generated_pka/1kxi_model1.pka,resname+resseq+chain,0.9997488744367387,-0.0001880338096337253,-0.013274725563261258
ASP,3.9,53.89970017623155,15.8591,1,7,1,0,2.0913,2.8672,0.999992056780748,1KXI,A,59,2.3,105,108,95,4,0.99836236,3.8,Existing_Structures/generated_pka/1kxi_model1.pka,resname+resseq+chain,0.9997488744367387,-0.00024318234400932948,0.0013865144367386506
CYS,8.3,21.381356321611463,-7.634,2,0,2,4,0.3517,0.6905,0.9998415357956376,1THE,A,29,3.6,106,109,96,3,0.5326143,9.0,Existing_Structures/generated_pka/1the_model1.pka,resname+resseq+chain,0.02450336755033601,-0.9753381682453016,-0.508110932449664
HIS,6.0,7.781105557392117,-24.2241,2,0,2,3,1.1741,1.2772,0.7597469266479578,1THE,A,110,6.9,107,110,97,3,0.43344393,6.5,Existing_Structures/generated_pka/1the_model1.pka,resname+resseq+chain,0.8881842302218831,0.12843730357392524,0.4547403002218831
HIS,6.0,53.93586236962528,-2.1059,1,1,4,2,0.0372,0.0,0.333860575416878,1THE,A,111,7.7,108,111,98,3,0.7471208,6.5,Existing_Structures/generated_pka/1the_model1.pka,resname+resseq+chain,0.8881842302218831,0.554323654805005,0.14106343022188306
HIS,6.0,6.516245268673586,-23.3632,2,0,1,3,1.3648,1.5835,0.0593509431027676,1THE,A,199,8.6,109,112,99,3,0.52188027,6.5,Existing_Structures/generated_pka/1the_model1.pka,resname+resseq+chain,0.8881842302218831,0.8288332871191155,0.36630396022188305
ASP,3.9,113.41587558876007,1.4078,1,2,3,1,1.4582,2.3896,0.999865121906295,1CDC,A,25,3.53,110,114,100,4,1.0092912,3.8,Existing_Structures/generated_pka/1cdc_model1.pka,resname+resseq+chain,0.9997488744367387,-0.0001162474695562965,-0.0095423255632614
ASP,3.9,88.58825779717459,2.8829,2,2,3,1,2.0197,3.0866,0.999848666780366,1CDC,A,26,3.58,111,115,101,4,1.0125446,3.8,Existing_Structures/generated_pka/1cdc_model1.pka,resname+resseq+chain,0.9997488744367387,-9.979234362733624e-05,-0.012795725563261362
ASP,3.9,16.414773978275278,11.6264,4,4,3,3,4.5485,6.3868,0.999852111035564,1CDC,A,28,3.57,112,116,102,4,0.9536682,3.8,Existing_Structures/generated_pka/1cdc_model1.pka,resname+resseq+chain,0.9997488744367387,-0.00010323659882538472,0.04608067443673869
GLU,4.1,4.441956038832971,8.2408,4,5,4,6,3.9941,4.7224,0.9989539667831926,1CDC,A,29,4.42,113,117,103,4,0.90544903,4.5,Existing_Structures/generated_pka/1cdc_model1.pka,resname+resseq+chain,0.9987426574886448,-0.00021130929454782343,0.09329362748864478
GLU,4.1,22.103570249896578,10.513,4,3,4,4,2.5925,3.5631,0.9994248910033476,1CDC,A,33,4.16,114,118,104,4,0.99630046,4.5,Existing_Structures/generated_pka/1cdc_model1.pka,resname+resseq+chain,0.9987426574886448,-0.000682233514702868,0.002442197488644715
GLU,4.1,2.6622543052371226,0.8374,4,7,3,6,2.5827,3.0086,0.8238615285055724,1CDC,A,41,6.73,115,119,105,4,0.5272225,4.5,Existing_Structures/generated_pka/1cdc_model1.pka,resname+resseq+chain,0.9987426574886448,0.1748811289830724,0.47152015748864473
GLU,4.1,46.20038896260817,9.9894,2,3,2,2,1.4431,2.1089,0.9996689784900412,1CDC,A,56,3.92,116,120,106,4,1.0039991,4.5,Existing_Structures/generated_pka/1cdc_model1.pka,resname+resseq+chain,0.9987426574886448,-0.0009263210013964462,-0.005256442511355153
ASP,3.9,5.778874414888127,-0.6036,1,4,1,4,2.8628,4.3273,0.9994379747248476,1CDC,A,62,4.15,117,121,107,4,0.873663,3.8,Existing_Structures/generated_pka/1cdc_model1.pka,resname+resseq+chain,0.9997488744367387,0.0003108997118910217,0.1260858744367387
ASP,3.9,96.84136229013704,2.1381,3,1,3,0,1.0358,2.4021,0.9999397476719544,1CDC,A,71,3.18,118,122,108,4,0.99371874,3.8,Existing_Structures/generated_pka/1cdc_model1.pka,resname+resseq+chain,0.9997488744367387,-0.00019087323521571609,0.00603013443673861
ASP,3.9,22.062903467521704,4.8216,3,3,3,1,1.6559,3.6342,0.9994507609554468,1CDC,A,72,4.14,119,123,109,4,0.99501187,3.8,Existing_Structures/generated_pka/1cdc_model1.pka,resname+resseq+chain,0.9997488744367387,0.00029811348129182846,0.004737004436738634
ASP,3.9,37.338779332617605,12.052,3,1,3,1,3.5796,4.1329,0.999704966147996,1CDC,A,94,3.87,120,124,110,4,0.9818393,3.8,Existing_Structures/generated_pka/1cdc_model1.pka,resname+resseq+chain,0.9997488744367387,4.3908288742677826e-05,0.017909574436738684
GLU,4.1,112.8518701162883,6.8208,2,0,0,1,0.6297,1.0228,0.9992925550482872,1CDC,A,99,4.25,121,125,111,4,1.0042806,4.5,Existing_Structures/generated_pka/1cdc_model1.pka,resname+resseq+chain,0.9987426574886448,-0.0005498975596424094,-0.005537942511355198
ASP,3.9,0.0,22.6097,1,4,3,0,4.0644,5.2837,0.9999990879899924,1EX3,A,102,1.36,122,127,112,4,0.86957276,3.8,Existing_Structures/generated_pka/1ex3_model1.pka,resname+resseq+chain,0.9997488744367387,-0.00025021355325371974,0.1301761144367387
ASP,3.9,3.750562047140802,23.4757,2,0,3,0,2.7337,3.7017,0.9999922375890892,1EX3,A,194,2.29,123,128,113,4,0.92744356,3.8,Existing_Structures/generated_pka/1ex3_model1.pka,resname+resseq+chain,0.9997488744367387,-0.00024336315235051753,0.07230531443673871
CYS,8.3,40.16935364895817,21.5591,5,1,1,2,0.3636,0.5579,0.9843983377581704,1QK1,A,278,5.6,124,129,114,7,0.75897384,9.0,Existing_Structures/generated_pka/1qk1_model1.pka,resname+resseq+chain,0.02450336755033601,-0.9598949702078344,-0.734470472449664
CYS,8.3,44.60370720392238,17.1282,4,0,2,2,0.8938,1.0101,0.9843983377581704,1I0E,A,283,5.6,125,130,115,5,0.8695672,9.0,Existing_Structures/generated_pka/1i0e_model1.pka,resname+resseq+chain,0.02450336755033601,-0.9598949702078344,-0.845063832449664
HIS,6.0,61.352664646006495,2.5023,2,3,1,0,0.1237,0.2225,0.9731959575961598,2CPL,A,70,5.84,126,131,116,1,0.8380221,6.5,Existing_Structures/generated_pka/2cpl_model1.pka,resname+resseq+chain,0.8881842302218831,-0.08501172737427676,0.050162130221883094
HIS,6.0,17.194574240704267,-15.3725,1,2,2,3,1.1806,1.3896,0.9198816569709808,2CPL,A,126,6.34,127,132,117,1,0.77400076,6.5,Existing_Structures/generated_pka/2cpl_model1.pka,resname+resseq+chain,0.8881842302218831,-0.0316974267490977,0.11418347022188313
HIS,6.0,17.23918621752755,-1.7755,1,4,0,1,0.0178,0.0579,0.9999874109043696,1HRC,A,18,2.5,128,133,118,5,0.95883673,6.5,Existing_Structures/generated_pka/1hrc_model1.pka,resname+resseq+chain,0.8881842302218831,-0.11180318068248651,-0.07065249977811694
HIS,6.0,19.29181423023031,-13.1721,1,4,0,2,0.5442,1.3646,0.9090909090909092,1HRC,A,33,6.4,130,135,119,5,0.5046846,6.5,Existing_Structures/generated_pka/1hrc_model1.pka,resname+resseq+chain,0.8881842302218831,-0.020906678869026085,0.38349963022188305
TYR,10.5,11.835579041138809,17.8751,2,8,0,2,0.6601,0.7218,0.0002511255632614,1HRC,A,67,11.0,131,136,120,5,0.71988976,10.0,Existing_Structures/generated_pka/1hrc_model1.pka,resname+resseq+chain,0.002505592667285737,0.0022544671040243373,-0.7173841673327143
LYS,10.5,54.9211976919084,-4.8412,0,3,1,0,0.7861,1.2062,0.024503367550336,1HRC,A,79,9.0,132,137,121,5,-0.018454906,10.5,Existing_Structures/generated_pka/1hrc_model1.pka,resname+resseq+chain,0.0007936977781692444,-0.023709669772166757,0.019248603778169244
CYS,8.3,15.45357990442274,-5.7162,3,2,1,3,0.64,1.2718,0.99009900990099,1P5F,A,106,5.4,133,141,122,10,0.5788538,9.0,Existing_Structures/generated_pka/1p5f_model1.pka,resname+resseq+chain,0.02450336755033601,-0.965595642350654,-0.554350432449664
CYS,8.3,15.787856657211956,21.5835,3,2,0,2,0.3139,0.32,0.9090909090909092,3CZ9,A,106,6.4,134,145,123,2,0.9642157,9.0,Existing_Structures/generated_pka/3cz9_model1.pka,resname+resseq+chain,0.02450336755033601,-0.8845875415405732,-0.939712332449664
LYS,10.5,50.93242141080956,-13.1423,0,2,0,4,0.0,0.0,0.0014769238577015,1XSN,A,265,10.23,135,149,124,6,0.07777323,10.5,Existing_Structures/generated_pka/1xsn_model1.pka,resname+resseq+chain,0.0007936977781692444,-0.0006832260795322557,-0.07697953222183075
LYS,10.5,64.79448486849516,-5.8676,2,4,1,0,0.0093,0.0,0.0021334009591299,1XSN,A,273,10.07,136,150,125,6,0.015554269,10.5,Existing_Structures/generated_pka/1xsn_model1.pka,resname+resseq+chain,0.0007936977781692444,-0.0013397031809606558,-0.014760571221830757
LYS,10.5,57.35352281166344,-3.8987,3,3,0,0,0.3728,0.6083,0.0024486980746892,1XSN,A,281,10.01,137,151,126,6,-0.019351056,10.5,Existing_Structures/generated_pka/1xsn_model1.pka,resname+resseq+chain,0.0007936977781692444,-0.0016550002965199557,0.020144753778169242
LYS,10.5,16.20434511260653,0.8445,3,4,2,3,0.3971,0.553,0.0065635694070481,1XSN,A,312,9.58,138,155,127,6,0.20688838,10.5,Existing_Structures/generated_pka/1xsn_model1.pka,resname+resseq+chain,0.0007936977781692444,-0.0057698716288788554,-0.20609468222183078
LYS,10.5,42.82172149331282,2.7164,3,5,2,2,0.8251,0.9927,0.0013471456331351,1XSN,A,324,10.27,139,156,128,6,0.07203907,10.5,Existing_Structures/generated_pka/1xsn_model1.pka,resname+resseq+chain,0.0007936977781692444,-0.0005534478549658556,-0.07124537222183075
CYS,8.3,3.22528511926256,15.3977,1,1,0,3,1.3426,2.5186,0.9998741233057576,1DSB,A,30,3.5,140,159,129,10,0.8641509,9.0,Existing_Structures/generated_pka/1dsb_model1.pka,resname+resseq+chain,0.02450336755033601,-0.9753707557554216,-0.8396475324496641
CYS,8.3,3.612963491661874,13.6338,1,1,0,3,1.191,2.7411,0.9997761779936488,1FVJ,A,30,3.75,141,160,130,7,0.8767023,9.0,Existing_Structures/generated_pka/1fvj_model1.pka,resname+resseq+chain,0.02450336755033601,-0.9752728104433128,-0.852198932449664
CYS,8.3,3.0319962927108066,15.0498,1,1,0,3,1.0263,1.9068,0.9989539667831926,1AC1,A,30,4.42,142,161,131,1,0.8748195,9.0,Existing_Structures/generated_pka/1ac1_model1.pka,resname+resseq+chain,0.02450336755033601,-0.9744505992328566,-0.850316132449664
CYS,8.3,6.889980374076754,7.3692,0,1,0,2,1.1615,2.8473,0.995013121263312,1BED,A,30,5.1,143,162,132,7,0.77375746,9.0,Existing_Structures/generated_pka/1bed_model1.pka,resname+resseq+chain,0.02450336755033601,-0.970509753712976,-0.749254092449664
CYS,8.3,2.917360159741229,23.1233,1,1,1,1,2.168,5.0217,0.9991095426827856,1EEJ,A,98,4.35,144,163,133,9,1.0527577,9.0,Existing_Structures/generated_pka/1eej_model1.pka,resname+resseq+chain,0.02450336755033601,-0.9746061751324496,-1.0282543324496638
CYS,8.3,2.917360159741229,23.1233,1,1,1,1,2.168,5.0217,0.9984176147191982,1EEJ,A,98,4.6,145,164,134,9,1.0527577,9.0,Existing_Structures/generated_pka/1eej_model1.pka,resname+resseq+chain,0.02450336755033601,-0.9739142471688622,-1.0282543324496638
CYS,8.3,2.917360159741229,23.1233,1,1,1,1,2.168,5.0217,0.9994990638291864,1EEJ,A,98,4.1,146,165,135,9,1.0527577,9.0,Existing_Structures/generated_pka/1eej_model1.pka,resname+resseq+chain,0.02450336755033601,-0.9749956962788504,-1.0282543324496638
CYS,8.3,10.050333606607254,10.7853,0,2,2,2,0.4215,1.3251,0.0007936977781692,2FWF,A,461,10.5,147,166,136,8,0.8283398,9.0,Existing_Structures/generated_pka/2fwf_model1.pka,resname+resseq+chain,0.02450336755033601,0.023709669772166812,-0.803836432449664
CYS,8.3,10.050333606607254,10.7853,0,2,2,2,0.4215,1.3251,0.0124327352544423,2FWF,A,461,9.3,148,167,137,8,0.8283398,9.0,Existing_Structures/generated_pka/2fwf_model1.pka,resname+resseq+chain,0.02450336755033601,0.012070632295893712,-0.803836432449664
CYS,8.3,7.17312704975692,27.4322,0,2,1,1,2.0442,3.5341,0.9998741233057576,1V57,A,109,3.5,150,169,138,2,0.9920986,9.0,Existing_Structures/generated_pka/1v57_model1.pka,resname+resseq+chain,0.02450336755033601,-0.9753707557554216,-0.9675952324496641
GLU,4.1,88.5014263168102,-4.6929,1,1,0,1,0.8089,1.0397,0.9990009990009991,8UOZ,B,25,4.4,151,170,139,5,0.9604889,4.5,Existing_Structures/generated_pka/8uoz_model1.pka,resname+resseq+chain,0.9987426574886448,-0.0002583415123543764,0.03825375748864479
ASP,3.9,108.40747262816969,2.8093,1,0,2,0,0.6545,1.3615,0.9996838722023704,1EGF,A,11,3.9,152,172,140,2,0.98449576,3.8,Existing_Structures/generated_pka/1egf_model1.pka,resname+resseq+chain,0.9997488744367387,6.500223436822772e-05,0.015253114436738602
HIS,6.0,9.919135222467476,-14.5308,0,0,1,1,0.664,0.7299,0.7992399910868984,1EGF,A,22,6.8,153,173,141,2,0.6172395,6.5,Existing_Structures/generated_pka/1egf_model1.pka,resname+resseq+chain,0.8881842302218831,0.08894423913498473,0.27094473022188303
GLU,4.1,52.39770386526996,17.0458,0,0,1,1,1.3546,2.0886,0.9994990638291864,1EGF,A,24,4.1,154,174,142,2,0.9480534,4.5,Existing_Structures/generated_pka/1egf_model1.pka,resname+resseq+chain,0.9987426574886448,-0.0007564063405416377,0.05068925748864472
ASP,3.9,94.72102270880808,2.5226,0,0,2,1,2.0271,2.749,0.9996020512556952,1EGF,A,27,4.0,155,175,143,2,0.9948871,3.8,Existing_Structures/generated_pka/1egf_model1.pka,resname+resseq+chain,0.9997488744367387,0.00014682318104342063,0.004861774436738631
ASP,3.9,51.73052949732628,14.8599,2,0,3,0,1.7361,3.5716,0.9998415357956376,1EGF,A,40,3.6,156,176,144,2,0.96203214,3.8,Existing_Structures/generated_pka/1egf_model1.pka,resname+resseq+chain,0.9997488744367387,-9.266135889895999e-05,0.03771673443673862
ASP,3.9,74.93300425217576,3.5931,3,0,2,0,1.8348,2.6154,0.9997488744367388,1EGF,A,46,3.8,157,177,145,2,0.9993815,3.8,Existing_Structures/generated_pka/1egf_model1.pka,resname+resseq+chain,0.9997488744367387,-1.1102230246251565e-16,0.00036737443673862114
HIS,6.0,7.44143930576396,20.1744,1,2,0,2,0.8217,1.1624,0.9999748817666264,3EBX,A,6,2.8,159,180,146,2,0.90827024,6.5,Existing_Structures/generated_pka/3ebx_model1.pka,resname+resseq+chain,0.8881842302218831,-0.11179065154474332,-0.02008600977811692
HIS,6.0,24.4247273977585,-9.8134,1,2,0,1,0.3169,0.0,0.975496632449664,3EBX,A,26,5.8,160,181,147,2,0.44878843,6.5,Existing_Structures/generated_pka/3ebx_model1.pka,resname+resseq+chain,0.8881842302218831,-0.08731240222778092,0.43939580022188307
GLU,4.1,90.91673622934036,12.661,0,0,1,1,1.0524,1.4532,0.9875672647455576,1A91,A,2,5.5,161,182,148,10,1.0241799,4.5,Existing_Structures/generated_pka/1a91_model1.pka,resname+resseq+chain,0.9987426574886448,0.011175392743087209,-0.025437242511355262
ASP,3.9,84.60777407831165,3.4782,0,0,1,1,2.7803,4.639,0.9843983377581704,1A91,A,7,5.6,162,183,149,10,1.0099243,3.8,Existing_Structures/generated_pka/1a91_model1.pka,resname+resseq+chain,0.9997488744367387,0.015350536678568227,-0.010175425563261342
GLU,4.1,71.23548325212784,8.3251,2,1,1,1,2.0619,3.3147,0.9875672647455576,1A91,A,37,5.5,163,184,150,10,1.0039235,4.5,Existing_Structures/generated_pka/1a91_model1.pka,resname+resseq+chain,0.9987426574886448,0.011175392743087209,-0.005180842511355199
ASP,3.9,56.5932519479293,5.8323,2,0,1,1,0.7117,1.1885,0.9843983377581704,1A91,A,44,5.6,164,185,151,10,1.0109793,3.8,Existing_Structures/generated_pka/1a91_model1.pka,resname+resseq+chain,0.9997488744367387,0.015350536678568227,-0.01123042556326137
ASP,3.9,54.12751596700419,1.0692,0,0,1,0,1.7599,3.5899,0.6661394245831224,1A91,A,61,7.1,165,186,152,10,0.9990197,3.8,Existing_Structures/generated_pka/1a91_model1.pka,resname+resseq+chain,0.9997488744367387,0.3336094498536163,0.0007291744367386999
GLU,4.1,40.793961166204,-2.2092,1,1,1,2,2.2392,3.5591,0.9997488744367388,1FNA,A,38,3.8,166,187,153,2,0.9771578,4.5,Existing_Structures/generated_pka/1fna_model1.pka,resname+resseq+chain,0.9987426574886448,-0.0010062169480939964,0.021584857488644804
GLU,4.1,41.04342884519173,-6.0113,1,0,0,2,1.901,2.1924,0.9996838722023704,1FNA,A,47,3.9,167,188,154,2,0.9790445,4.5,Existing_Structures/generated_pka/1fna_model1.pka,resname+resseq+chain,0.9987426574886448,-0.0009412147137256577,0.019698157488644785
ASP,3.9,45.68401605996415,5.2362,1,1,1,2,2.6996,3.3675,0.99936944051166,1FNA,A,67,4.2,168,189,155,2,0.9836631,3.8,Existing_Structures/generated_pka/1fna_model1.pka,resname+resseq+chain,0.9997488744367387,0.0003794339250786649,0.016085774436738642
ASP,3.9,72.67020036484911,0.3215,3,1,1,0,0.4837,1.0645,0.999900009999,1FNA,A,80,3.4,169,190,156,2,0.8963476,3.8,Existing_Structures/generated_pka/1fna_model1.pka,resname+resseq+chain,0.9997488744367387,-0.00015113556226131752,0.10340127443673863
HIS,6.0,70.00838622190736,-0.2501,0,0,1,0,0.0,0.0,0.8858769425858496,1FKS,A,87,6.51,171,192,157,3,0.63558495,6.5,Existing_Structures/generated_pka/1fks_model1.pka,resname+resseq+chain,0.8881842302218831,0.002307287636033495,0.25259928022188305
HIS,6.0,77.10717404177049,2.7116,0,0,1,1,0.0,0.0,0.9731959575961598,1FKS,A,94,5.84,172,193,158,3,0.74469775,6.5,Existing_Structures/generated_pka/1fks_model1.pka,resname+resseq+chain,0.8881842302218831,-0.08501172737427676,0.14348648022188304
ASP,3.9,31.342303309578323,13.5657,0,3,1,0,5.1566,6.7693,0.999987697463646,1BEO,A,21,2.49,174,196,159,7,0.98135895,3.8,Existing_Structures/generated_pka/1beo_model1.pka,resname+resseq+chain,0.9997488744367387,-0.00023882302690736434,0.018389924436738703
ASP,3.9,33.57506215248677,3.3963,0,1,1,0,4.381,5.6402,0.9999871176704396,1BEO,A,30,2.51,175,197,160,7,0.96253335,3.8,Existing_Structures/generated_pka/1beo_model1.pka,resname+resseq+chain,0.9997488744367387,-0.00023824323370091882,0.0372155244367387
LYS,10.5,79.08108491093444,-0.9593,0,2,1,0,0.4992,0.551,0.0019912891707283,1BEO,A,61,10.1,178,200,161,7,-0.028887352,10.5,Existing_Structures/generated_pka/1beo_model1.pka,resname+resseq+chain,0.0007936977781692444,-0.0011975913925590554,0.029681049778169245
ASP,3.9,46.33595144769373,2.4285,0,0,1,0,3.0615,4.4004,0.999983782162049,1BEO,A,72,2.61,179,201,162,7,0.94844955,3.8,Existing_Structures/generated_pka/1beo_model1.pka,resname+resseq+chain,0.9997488744367387,-0.00023490772531031823,0.05129932443673868
TYR,10.5,46.05217109312007,0.9334,0,1,0,0,0.2542,0.274,0.0011207609398445,1BEO,A,85,10.35,180,202,163,7,-0.035612486,10.0,Existing_Structures/generated_pka/1beo_model1.pka,resname+resseq+chain,0.002505592667285737,0.0013848317274412372,0.03811807866728573
LYS,10.5,59.88161018071859,-1.2977,0,2,0,0,0.8948,1.0396,0.0099009900990099,1BEO,A,94,9.4,182,204,164,7,-0.028842097,10.5,Existing_Structures/generated_pka/1beo_model1.pka,resname+resseq+chain,0.0007936977781692444,-0.009107292320840656,0.029635794778169244
GLU,4.1,35.52213859174333,-6.1049,1,1,3,2,2.2958,3.6079,0.9991689274849066,7M2Z,B,441,4.32,183,206,165,9,0.9294453,4.5,Existing_Structures/generated_pka/7m2z_model1.pka,resname+resseq+chain,0.9987426574886448,-0.00042626999626182993,0.06929735748864474
ASP,3.9,77.37839395846986,11.604,2,2,4,1,2.1203,2.7908,0.9996838722023704,7M2Z,B,443,3.9,184,207,166,9,0.9983984,3.8,Existing_Structures/generated_pka/7m2z_model1.pka,resname+resseq+chain,0.9997488744367387,6.500223436822772e-05,0.0013504744367386357
ASP,3.9,61.469419758290144,2.912,1,2,6,0,3.296,4.0643,0.9994632564519816,7M2Z,B,447,4.13,185,208,167,9,0.74022186,3.8,Existing_Structures/generated_pka/7m2z_model1.pka,resname+resseq+chain,0.9997488744367387,0.00028561798475701394,0.25952701443673865
ASP,3.9,47.70497340693483,2.8839,2,3,6,0,2.3493,2.9937,0.999276088467471,7M2Z,B,448,4.26,186,209,168,9,0.80847293,3.8,Existing_Structures/generated_pka/7m2z_model1.pka,resname+resseq+chain,0.9997488744367387,0.0004727859692676972,0.19127594443673868
ASP,3.9,48.71933330493082,-6.8475,1,3,5,1,0.5343,0.958,0.9994754678181524,7M2Z,B,452,4.12,187,210,169,9,0.84176695,3.8,Existing_Structures/generated_pka/7m2z_model1.pka,resname+resseq+chain,0.9997488744367387,0.00027340661858621385,0.15798192443673864
ASP,3.9,118.1370541202862,7.0317,0,3,4,1,0.4941,0.8409,0.9994379747248476,7M2Z,B,453,4.15,188,211,170,9,0.98398364,3.8,Existing_Structures/generated_pka/7m2z_model1.pka,resname+resseq+chain,0.9997488744367387,0.0003108997118910217,0.015765234436738607
GLU,4.1,41.01105250688471,-20.1086,2,3,4,3,1.7926,3.5283,0.975496632449664,8I41,A,35,5.8,189,220,171,6,0.99574614,4.5,Existing_Structures/generated_pka/8i41_model1.pka,resname+resseq+chain,0.9987426574886448,0.023246025038980767,0.002996517488644823
GLU,4.1,24.35188322080244,-0.3458,5,2,2,3,0.2572,0.2633,0.9875672647455576,8I41,A,181,5.5,190,221,172,6,0.920987,4.5,Existing_Structures/generated_pka/8i41_model1.pka,resname+resseq+chain,0.9987426574886448,0.011175392743087209,0.07775565748864477
CYS,8.3,14.298663650441323,17.79,3,2,1,1,0.3937,1.6471,0.9997488744367388,1KTE,A,22,3.8,194,225,173,3,0.8836091,9.0,Existing_Structures/generated_pka/1kte_model1.pka,resname+resseq+chain,0.02450336755033601,-0.9752455068864028,-0.859105732449664
HIS,6.0,18.898790052672823,-16.4825,0,0,2,0,1.5637,1.9603,0.557311633762293,1B2V,A,32,7.3,200,231,174,3,0.7062154,6.5,Existing_Structures/generated_pka/1b2v_model1.pka,resname+resseq+chain,0.8881842302218831,0.3308725964595901,0.18196883022188304
HIS,6.0,52.29389839604449,-3.3834,0,0,0,1,0.5934,0.6788,0.9843983377581704,1B2V,A,83,5.6,201,232,175,3,0.7414883,6.5,Existing_Structures/generated_pka/1b2v_model1.pka,resname+resseq+chain,0.8881842302218831,-0.09621410753628734,0.1466959302218831
HIS,6.0,60.86714147004154,-4.4986,0,0,1,1,1.2965,1.4688,0.6661394245831224,1B2V,A,128,7.1,202,233,176,3,0.8007487,6.5,Existing_Structures/generated_pka/1b2v_model1.pka,resname+resseq+chain,0.8881842302218831,0.22204480563876072,0.0874355302218831
HIS,6.0,96.73162386905648,3.7942,0,4,1,2,0.4636,0.6794,0.8336624691834381,4HHB,B,2,6.7,204,240,177,5,0.9651935,6.5,Existing_Structures/generated_pka/4hhb_model1.pka,resname+resseq+chain,0.8881842302218831,0.05452176103844497,-0.07700926977811695
HIS,6.0,86.0568761432044,2.3978,0,2,1,2,0.0,0.0,0.8336624691834381,1HHO,B,2,6.7,205,241,178,4,0.8550445,6.5,Existing_Structures/generated_pka/1hho_model1.pka,resname+resseq+chain,0.8881842302218831,0.05452176103844497,0.0331397302218831
HIS,6.0,55.88273858828061,-12.3932,0,3,0,2,0.5921,0.6329,0.3868631798468573,4HHB,A,20,7.6,206,242,179,5,0.64201623,6.5,Existing_Structures/generated_pka/4hhb_model1.pka,resname+resseq+chain,0.8881842302218831,0.5013210503750258,0.24616800022188312
HIS,6.0,63.61803241239314,-9.225,0,4,0,2,0.0067,0.0,0.7152527510491988,1HHO,A,20,7.0,207,243,180,4,0.8040828,6.5,Existing_Structures/generated_pka/1hho_model1.pka,resname+resseq+chain,0.8881842302218831,0.17293147917268425,0.0841014302218831
HIS,6.0,85.31157691809949,-18.6442,1,2,1,3,0.0255,0.0288,0.6131368201531431,4HHB,A,50,7.2,208,244,181,5,0.8187049,6.5,Existing_Structures/generated_pka/4hhb_model1.pka,resname+resseq+chain,0.8881842302218831,0.27504741006874,0.06947933022188313
HIS,6.0,87.291571480958,-16.3098,1,2,1,3,0.1379,0.2008,0.6661394245831224,1HHO,A,50,7.1,209,245,182,4,0.6656649,6.5,Existing_Structures/generated_pka/1hho_model1.pka,resname+resseq+chain,0.8881842302218831,0.22204480563876072,0.22251933022188308
HIS,6.0,59.38840407180423,-3.3542,0,2,3,0,0.0918,0.0,0.557311633762293,4HHB,A,72,7.3,210,246,183,5,0.5959645,6.5,Existing_Structures/generated_pka/4hhb_model1.pka,resname+resseq+chain,0.8881842302218831,0.3308725964595901,0.2922197302218831
HIS,6.0,67.44444024798763,-19.4391,0,1,3,0,0.0184,0.0,0.6661394245831224,1HHO,A,72,7.1,211,247,184,4,0.48383433,6.5,Existing_Structures/generated_pka/1hho_model1.pka,resname+resseq+chain,0.8881842302218831,0.22204480563876072,0.4043499002218831
HIS,6.0,60.24446982779374,-6.7126,0,2,2,0,0.5284,0.8274,0.2847472489508016,4HHB,B,77,7.8,212,248,185,5,0.7650006,6.5,Existing_Structures/generated_pka/4hhb_model1.pka,resname+resseq+chain,0.8881842302218831,0.6034369812710815,0.12318363022188306
HIS,6.0,65.81314109695356,-5.706,0,2,2,0,0.1123,0.1251,0.2847472489508016,1HHO,B,77,7.8,213,249,186,4,0.62774366,6.5,Existing_Structures/generated_pka/1hho_model1.pka,resname+resseq+chain,0.8881842302218831,0.6034369812710815,0.26044057022188305
HIS,6.0,65.79548274160389,-1.1154,3,3,1,1,0.0,0.0,0.6131368201531431,4HHB,A,89,7.2,214,250,187,5,0.8582468,6.5,Existing_Structures/generated_pka/4hhb_model1.pka,resname+resseq+chain,0.8881842302218831,0.27504741006874,0.02993743022188311
HIS,6.0,50.050041316939854,-4.4651,2,2,1,0,0.2141,0.2788,0.9843983377581704,1HHO,A,89,5.6,215,251,188,4,0.6401605,6.5,Existing_Structures/generated_pka/1hho_model1.pka,resname+resseq+chain,0.8881842302218831,-0.09621410753628734,0.24802373022188307
HIS,6.0,31.17422587815882,-14.4963,1,2,0,5,2.2058,3.2101,0.1663375308165621,4HHB,A,112,8.1,216,252,189,5,0.6701501,6.5,Existing_Structures/generated_pka/4hhb_model1.pka,resname+resseq+chain,0.8881842302218831,0.721846699405321,0.21803413022188312
HIS,6.0,13.253752489291054,-7.4364,1,2,0,5,0.5946,0.6675,0.1663375308165621,1HHO,A,112,8.1,217,253,190,4,0.69976485,6.5,Existing_Structures/generated_pka/1hho_model1.pka,resname+resseq+chain,0.8881842302218831,0.721846699405321,0.1884193802218831
HIS,6.0,50.05900080936792,7.4294,0,2,0,1,0.0,0.0,0.9843983377581704,4HHB,B,143,5.6,218,254,191,5,0.83592594,6.5,Existing_Structures/generated_pka/4hhb_model1.pka,resname+resseq+chain,0.8881842302218831,-0.09621410753628734,0.05225829022188311
HIS,6.0,78.06740656505477,0.1669,0,4,1,2,0.3791,0.3805,0.1663375308165621,4HHB,B,146,8.1,219,255,192,5,0.9633532,6.5,Existing_Structures/generated_pka/4hhb_model1.pka,resname+resseq+chain,0.8881842302218831,0.721846699405321,-0.07516896977811693
HIS,6.0,61.75060563822448,5.4776,1,2,2,2,1.0742,1.6993,0.7152527510491988,1HHO,B,146,7.0,220,256,193,4,0.96868145,6.5,Existing_Structures/generated_pka/1hho_model1.pka,resname+resseq+chain,0.8881842302218831,0.17293147917268425,-0.08049721977811697
ASP,3.9,87.14452978875667,11.5971,0,3,1,2,1.4133,2.3726,0.9992925550482872,1HIC,A,5,4.25,221,257,194,3,0.9996138,3.8,Existing_Structures/generated_pka/1hic_model1.pka,resname+resseq+chain,0.9997488744367387,0.000456319388451476,0.00013507443673865804
GLU,4.1,60.51921588403739,5.8181,0,3,1,2,0.6434,1.2077,0.9992419974287232,1HIC,A,8,4.28,222,258,195,3,0.98092526,4.5,Existing_Structures/generated_pka/1hic_model1.pka,resname+resseq+chain,0.9987426574886448,-0.0004993399400784471,0.01781739748864475
GLU,4.1,87.64518260296592,6.4722,0,2,1,2,1.9559,2.9551,0.9997545893496028,1HIC,A,17,3.79,223,259,196,3,0.9982907,4.5,Existing_Structures/generated_pka/1hic_model1.pka,resname+resseq+chain,0.9987426574886448,-0.0010119318609580485,0.0004519574886447941
ASP,3.9,65.97402584748653,7.1792,0,1,1,1,1.0828,1.495,0.9993086473282712,1HIC,A,33,4.24,224,260,197,3,0.9902077,3.8,Existing_Structures/generated_pka/1hic_model1.pka,resname+resseq+chain,0.9997488744367387,0.0004402271084674725,0.00954117443673863
GLU,4.1,66.79907066474868,-3.3114,0,1,1,2,1.2285,1.5891,0.9991689274849066,1HIC,A,35,4.32,225,261,198,3,0.9912365,4.5,Existing_Structures/generated_pka/1hic_model1.pka,resname+resseq+chain,0.9987426574886448,-0.00042626999626182993,0.007506157488644805
GLU,4.1,80.9985431464681,7.9673,0,2,0,2,1.0844,1.5567,0.9993086473282712,1HIC,A,43,4.24,226,262,199,3,0.99035376,4.5,Existing_Structures/generated_pka/1hic_model1.pka,resname+resseq+chain,0.9987426574886448,-0.0005659898396264129,0.008388897488644798
HIS,6.0,2.128027572900958,-8.2764,2,4,2,2,1.4208,1.4084,0.9693465699682844,2RVQ,D,49,5.9,227,263,200,5,0.6981337,6.5,Existing_Structures/generated_pka/2rvq_model1.pka,resname+resseq+chain,0.8881842302218831,-0.0811623397464013,0.19005053022188312
GLU,4.1,15.512600567454058,-3.2557,0,4,0,4,3.4411,6.0525,0.9992063022218308,2RVQ,C,56,4.3,228,264,201,5,1.0262903,4.5,Existing_Structures/generated_pka/2rvq_model1.pka,resname+resseq+chain,0.9987426574886448,-0.0004636447331860527,-0.02754764251135533
ASP,3.9,44.0365395362811,-7.4134,1,1,1,5,2.5554,3.7397,0.9921193161496696,2RVQ,C,90,5.3,229,265,202,5,0.9473813,3.8,Existing_Structures/generated_pka/2rvq_model1.pka,resname+resseq+chain,0.9997488744367387,0.007629558287069016,0.05236757443673867
GLU,4.1,44.47364677388582,-12.8053,2,2,1,5,3.5179,4.3953,0.9990009990009991,2RVQ,C,92,4.4,230,266,203,5,1.0466936,4.5,Existing_Structures/generated_pka/2rvq_model1.pka,resname+resseq+chain,0.9987426574886448,-0.0002583415123543764,-0.04795094251135523
HIS,6.0,43.22475649669386,-11.2753,1,4,0,6,0.1088,0.0,0.8881842302218831,2RVQ,D,109,6.5,231,267,204,5,0.5652339,6.5,Existing_Structures/generated_pka/2rvq_model1.pka,resname+resseq+chain,0.8881842302218831,0.0,0.32295033022188313
ASP,3.9,42.24273151675056,9.4925,2,2,4,0,1.6885,2.6274,0.9999383443014734,3FX5,A,29,3.19,232,268,205,1,0.9891887,3.8,Existing_Structures/generated_pka/3fx5_model1.pka,resname+resseq+chain,0.9997488744367387,-0.00018946986473478145,0.010560174436738623
ASP,3.9,34.55893750992951,0.0145,3,3,5,0,3.6445,5.2543,0.9996980960015096,3FX5,A,30,3.88,233,269,206,1,0.96342415,3.8,Existing_Structures/generated_pka/3fx5_model1.pka,resname+resseq+chain,0.9997488744367387,5.077843522904857e-05,0.03632472443673862
ASP,3.9,57.35423804962147,9.2936,2,2,2,0,3.747,4.4879,0.9999610969990028,3FX5,A,60,2.99,234,270,207,1,1.0061351,3.8,Existing_Structures/generated_pka/3fx5_model1.pka,resname+resseq+chain,0.9997488744367387,-0.0002122225622641638,-0.006386225563261405
ASP,3.9,39.64536575090115,9.076,2,2,4,0,1.2952,2.3459,0.9998222036761504,3FX5,B,129,3.65,236,272,208,1,0.98717517,3.8,Existing_Structures/generated_pka/3fx5_model1.pka,resname+resseq+chain,0.9997488744367387,-7.332923941172353e-05,0.012573704436738664
ASP,3.9,36.30687026101904,3.7611,3,2,5,0,3.0708,4.3358,0.9997601742382912,3FX5,B,130,3.78,237,273,209,1,0.9852867,3.8,Existing_Structures/generated_pka/3fx5_model1.pka,resname+resseq+chain,0.9997488744367387,-1.1299801552566713e-05,0.014462174436738695
ASP,3.9,53.33664658178399,10.4542,2,2,2,0,4.1735,5.3524,0.9999610969990028,3FX5,B,160,2.99,238,274,210,1,0.9983196,3.8,Existing_Structures/generated_pka/3fx5_model1.pka,resname+resseq+chain,0.9997488744367387,-0.0002122225622641638,0.0014292744367386812
CYS,8.3,0.8633360094597299,24.03,3,1,4,3,1.6592,3.0279,0.9664882894516288,4MA9,A,46,5.94,239,275,211,4,0.80454606,9.0,Existing_Structures/generated_pka/4ma9_model1.pka,resname+resseq+chain,0.02450336755033601,-0.9419849219012928,-0.780042692449664
GLU,4.1,56.01955804444141,-5.2794,0,3,0,1,2.6732,3.0629,0.9992063022218308,1IGD,A,20,4.3,240,276,212,10,0.9535476,4.5,Existing_Structures/generated_pka/1igd_model1.pka,resname+resseq+chain,0.9987426574886448,-0.0004636447331860527,0.04519505748864472
LYS,10.5,70.42195862830417,-0.2337,0,3,1,0,0.2308,0.2335,0.0005009361708135,1IGD,A,24,10.7,241,277,213,10,0.009716353,10.5,Existing_Structures/generated_pka/1igd_model1.pka,resname+resseq+chain,0.0007936977781692444,0.00029276160735574447,-0.008922655221830757
ASP,3.9,56.94688193923667,16.0448,0,4,3,2,3.3415,4.846,0.9999683782233666,1IGD,A,27,2.9,242,278,214,10,1.0001348,3.8,Existing_Structures/generated_pka/1igd_model1.pka,resname+resseq+chain,0.9997488744367387,-0.00021950378662793923,-0.00038592556326144667
GLU,4.1,78.20461877041349,1.7366,0,5,3,2,3.8217,6.0494,0.99936944051166,1IGD,A,29,4.2,243,279,215,10,0.97567624,4.5,Existing_Structures/generated_pka/1igd_model1.pka,resname+resseq+chain,0.9987426574886448,-0.0006267830230152205,0.023066417488644797
GLU,4.1,50.4388035042834,2.0026,0,5,3,2,3.6034,6.428,0.9984176147191982,1IGD,A,32,4.6,244,280,216,10,0.98124456,4.5,Existing_Structures/generated_pka/1igd_model1.pka,resname+resseq+chain,0.9987426574886448,0.00032504276944655963,0.017498097488644726
ASP,3.9,67.77792963151333,-1.917,0,2,2,2,3.0805,4.8745,0.9996838722023704,1IGD,A,41,3.9,245,281,217,10,0.9998119,3.8,Existing_Structures/generated_pka/1igd_model1.pka,resname+resseq+chain,0.9997488744367387,6.500223436822772e-05,-6.30255632613208e-05
ASP,3.9,109.8512951654021,-4.8061,0,2,2,1,1.1606,1.2987,0.9990009990009991,1IGD,A,45,4.4,246,282,218,10,0.99264854,3.8,Existing_Structures/generated_pka/1igd_model1.pka,resname+resseq+chain,0.9997488744367387,0.000747875435739509,0.007100334436738631
ASP,3.9,64.32201179200375,8.7028,0,2,2,2,2.6565,4.3984,0.9998415357956376,1IGD,A,51,3.6,247,283,219,10,0.99277645,3.8,Existing_Structures/generated_pka/1igd_model1.pka,resname+resseq+chain,0.9997488744367387,-9.266135889895999e-05,0.006972424436738622
ASP,3.9,79.0339256562267,14.1865,0,2,3,2,3.4597,5.3456,0.999900009999,1IGD,A,52,3.4,248,284,220,10,0.9948878,3.8,Existing_Structures/generated_pka/1igd_model1.pka,resname+resseq+chain,0.9997488744367387,-0.00015113556226131752,0.004861074436738666
GLU,4.1,10.392711575774005,15.9775,0,2,1,1,2.9792,3.3306,0.99936944051166,1IGD,A,61,4.2,249,285,221,10,0.6664176,4.5,Existing_Structures/generated_pka/1igd_model1.pka,resname+resseq+chain,0.9987426574886448,-0.0006267830230152205,0.3323250574886447
CYS,8.3,3.467793250453004,8.6683,1,2,1,2,0.6702,1.6722,0.9987426574886448,1MEK,A,36,4.5,250,286,222,10,0.5379529,9.0,Existing_Structures/generated_pka/1mek_model1.pka,resname+resseq+chain,0.02450336755033601,-0.9742392899383088,-0.513449532449664
GLU,4.1,9.96515470469698,8.6841,1,1,2,2,3.05,4.0652,0.0007936977781692,2V8N,A,325,10.5,251,287,223,3,0.85816926,4.5,Existing_Structures/generated_pka/2v8n_model1.pka,resname+resseq+chain,0.9987426574886448,0.9979489597104756,0.14057339748864472
LYS,10.5,76.13532498839635,4.1748,1,2,1,2,0.0,0.0,0.0004166956758008,2ZTA,A,3,10.78,252,289,224,6,0.031867433,10.5,Existing_Structures/generated_pka/2zta_model1.pka,resname+resseq+chain,0.0007936977781692444,0.00037700210236844443,-0.031073735221830757
GLU,4.1,55.03122501266306,-5.6539,2,4,2,5,3.5227,4.7881,0.9984176147191982,2ZTA,A,6,4.6,253,290,225,6,1.0206273,4.5,Existing_Structures/generated_pka/2zta_model1.pka,resname+resseq+chain,0.9987426574886448,0.00032504276944655963,-0.021884642511355135
ASP,3.9,63.10796513145831,-4.5456,1,4,1,4,3.5893,4.6944,0.9998797880091984,2ZTA,A,7,3.48,254,291,226,6,1.009729,3.8,Existing_Structures/generated_pka/2zta_model1.pka,resname+resseq+chain,0.9997488744367387,-0.00013091357245975654,-0.009980125563261444
LYS,10.5,49.98554445979614,-6.8893,1,4,1,7,0.1779,0.3644,0.000138019374483,2ZTA,A,8,11.26,255,292,227,6,0.020882646,10.5,Existing_Structures/generated_pka/2zta_model1.pka,resname+resseq+chain,0.0007936977781692444,0.0006556784036862444,-0.020088948221830757
GLU,4.1,76.66501259583414,-2.768,0,4,1,5,2.9601,4.0093,0.9996533833343184,2ZTA,A,10,3.94,256,293,228,6,0.99632686,4.5,Existing_Structures/generated_pka/2zta_model1.pka,resname+resseq+chain,0.9987426574886448,-0.0009107258456736433,0.002415797488644733
GLU,4.1,55.96837669167037,-1.8206,0,4,1,4,3.1872,4.6159,0.9995535158449952,2ZTA,A,11,4.05,257,294,229,6,1.007412,4.5,Existing_Structures/generated_pka/2zta_model1.pka,resname+resseq+chain,0.9987426574886448,-0.000810858356350419,-0.008669342511355205
LYS,10.5,53.67635444321463,-2.3292,0,3,1,3,0.393,0.8049,0.000602196726664,2ZTA,A,15,10.62,258,295,230,6,-0.010110164,10.5,Existing_Structures/generated_pka/2zta_model1.pka,resname+resseq+chain,0.0007936977781692444,0.00019150105150524447,0.010903861778169243
TYR,10.5,68.13047751928853,-0.32,0,3,0,3,0.3539,0.5266,0.0037874943114472,2ZTA,A,17,9.82,259,296,231,6,0.19742456,10.0,Existing_Structures/generated_pka/2zta_model1.pka,resname+resseq+chain,0.002505592667285737,-0.0012819016441614627,-0.19491896733271427
HIS,6.0,72.39307634518765,-3.8717,1,3,0,6,0.2821,0.7748,0.9352934990460784,2ZTA,A,18,6.24,260,297,232,6,0.81205654,6.5,Existing_Structures/generated_pka/2zta_model1.pka,resname+resseq+chain,0.8881842302218831,-0.047109268824195305,0.07612769022188304
GLU,4.1,44.60090982092304,-4.0789,1,5,0,4,3.5633,5.5964,0.9990459185546852,2ZTA,A,20,4.38,261,298,233,6,1.0020672,4.5,Existing_Structures/generated_pka/2zta_model1.pka,resname+resseq+chain,0.9987426574886448,-0.0003032610660403945,-0.0033245425113551663
GLU,4.1,27.61296778749695,11.2126,2,5,0,4,3.2096,5.0745,0.99936944051166,2ZTA,A,22,4.2,262,299,234,6,0.9976558,4.5,Existing_Structures/generated_pka/2zta_model1.pka,resname+resseq+chain,0.9987426574886448,-0.0006267830230152205,0.001086857488644788
LYS,10.5,61.26013180561887,-7.0148,2,4,0,4,0.0471,0.1118,0.0001994864287215,2ZTA,A,27,11.1,263,300,235,6,0.025607295,10.5,Existing_Structures/generated_pka/2zta_model1.pka,resname+resseq+chain,0.0007936977781692444,0.0005942113494477445,-0.024813597221830755
LYS,10.5,83.37430882901644,-0.9301,1,2,0,1,0.0,0.0,0.0005751089966521,2ZTA,A,28,10.64,264,301,236,6,0.0052507566,10.5,Existing_Structures/generated_pka/2zta_model1.pka,resname+resseq+chain,0.0007936977781692444,0.00021858878151714443,-0.004457058821830755
HIS,6.0,69.95959269410143,-4.2302,3,3,0,2,0.0,0.0,0.7801296039931588,1A93,A,29,6.85,265,303,237,8,0.8209935,6.5,Existing_Structures/generated_pka/1a93_model1.pka,resname+resseq+chain,0.8881842302218831,0.1080546262287243,0.06719073022188304
GLU,4.1,71.36161256930448,4.3062,0,3,0,4,2.2229,2.9714,0.9994507609554468,1FMH,A,1,4.14,266,304,238,9,1.0086238,4.5,Existing_Structures/generated_pka/1fmh_model1.pka,resname+resseq+chain,0.9987426574886448,-0.0007081034668020569,-0.0098811425113553
GLU,4.1,64.59301007318595,5.847,0,3,0,4,2.0654,3.2743,0.9994990638291864,1U2U,A,1,4.1,267,305,239,8,0.99941635,4.5,Existing_Structures/generated_pka/1u2u_model1.pka,resname+resseq+chain,0.9987426574886448,-0.0007564063405416377,-0.0006736925113551839
GLU,4.1,75.50815998395073,4.5197,1,3,0,4,1.7806,2.5198,0.999339742779612,1FMH,B,1,4.22,268,306,240,9,1.0046875,4.5,Existing_Structures/generated_pka/1fmh_model1.pka,resname+resseq+chain,0.9987426574886448,-0.0005970852909672475,-0.005944842511355186
GLU,4.1,62.78153076131159,4.7394,1,4,0,5,3.4735,5.2514,0.9973766321685426,1FMH,A,6,4.82,269,307,241,9,1.0073935,4.5,Existing_Structures/generated_pka/1fmh_model1.pka,resname+resseq+chain,0.9987426574886448,0.0013660253201022154,-0.008650842511355283
GLU,4.1,72.87659879595127,13.5597,1,3,0,5,2.5957,3.9426,0.99684769081674,1U2U,A,6,4.9,270,308,242,8,0.98905754,4.5,Existing_Structures/generated_pka/1u2u_model1.pka,resname+resseq+chain,0.9987426574886448,0.0018949666719048075,0.009685117488644757
GLU,4.1,41.65008077692234,8.5426,1,5,0,6,3.4546,5.6764,0.9986834787744208,1FMH,A,8,4.52,271,309,243,9,0.98511124,4.5,Existing_Structures/generated_pka/1fmh_model1.pka,resname+resseq+chain,0.9987426574886448,5.9178714224006335e-05,0.013631417488644715
GLU,4.1,40.43952101094231,4.804,1,5,0,6,3.3735,4.3482,0.9969192250721745,1U2U,A,8,4.89,272,310,244,8,0.9908846,4.5,Existing_Structures/generated_pka/1u2u_model1.pka,resname+resseq+chain,0.9987426574886448,0.0018234324164703164,0.007858057488644765
GLU,4.1,45.97872742940587,3.5736,2,4,0,5,2.8542,4.7965,0.9990676158507203,1FMH,A,13,4.37,273,311,245,9,1.0026798,4.5,Existing_Structures/generated_pka/1fmh_model1.pka,resname+resseq+chain,0.9987426574886448,-0.00032495836207557804,-0.0039371425113551295
GLU,4.1,59.90590637615564,2.875,2,3,0,5,2.2054,3.326,0.9989539667831926,1U2U,A,13,4.42,274,312,246,8,0.97736907,4.5,Existing_Structures/generated_pka/1u2u_model1.pka,resname+resseq+chain,0.9987426574886448,-0.00021130929454782343,0.02137358748864482
GLU,4.1,43.65921735331796,4.9413,3,4,0,6,3.4661,5.9074,0.9994874015079808,1FMH,A,15,4.11,275,313,247,9,0.98587203,4.5,Existing_Structures/generated_pka/1fmh_model1.pka,resname+resseq+chain,0.9987426574886448,-0.0007447440193359967,0.01287062748864476
GLU,4.1,45.131092656738126,3.1868,2,3,0,5,2.4051,3.469,0.9995104609464912,1U2U,A,15,4.09,276,314,248,8,0.98231393,4.5,Existing_Structures/generated_pka/1u2u_model1.pka,resname+resseq+chain,0.9987426574886448,-0.0007678034578464388,0.016428727488644768
GLU,4.1,37.31983239133723,-1.4814,2,2,0,6,3.2298,4.4749,0.9989777530658436,1FMH,A,20,4.41,277,315,249,9,0.9762821,4.5,Existing_Structures/generated_pka/1fmh_model1.pka,resname+resseq+chain,0.9987426574886448,-0.00023509557719880725,0.022460557488644728
GLU,4.1,74.09558566009278,-1.6427,2,3,0,5,1.8179,2.9948,0.9993547623713688,1U2U,A,20,4.21,278,316,250,8,0.9811934,4.5,Existing_Structures/generated_pka/1u2u_model1.pka,resname+resseq+chain,0.9987426574886448,-0.0006121048827240072,0.017549257488644776
GLU,4.1,50.406064019500754,0.5014,2,3,0,5,3.2634,4.8752,0.9973766321685426,1FMH,A,22,4.82,279,317,251,9,0.99462014,4.5,Existing_Structures/generated_pka/1fmh_model1.pka,resname+resseq+chain,0.9987426574886448,0.0013660253201022154,0.0041225174886447835
GLU,4.1,50.199709881899366,-1.6732,2,2,0,5,2.412,3.9434,0.9973156901095676,1U2U,A,22,4.83,280,318,252,8,0.98092407,4.5,Existing_Structures/generated_pka/1u2u_model1.pka,resname+resseq+chain,0.9987426574886448,0.0014269673790772153,0.017818587488644733
GLU,4.1,35.96242141308734,0.1976,2,2,0,4,3.2293,4.9551,0.9982248772541902,1FMH,A,27,4.65,281,319,253,9,0.99629223,4.5,Existing_Structures/generated_pka/1fmh_model1.pka,resname+resseq+chain,0.9987426574886448,0.0005177802344545901,0.0024504274886447686
GLU,4.1,30.000127224784933,-2.7762,2,3,0,4,1.7192,2.6012,0.9978170142285469,1U2U,A,27,4.74,282,320,254,8,0.9985565,4.5,Existing_Structures/generated_pka/1u2u_model1.pka,resname+resseq+chain,0.9987426574886448,0.0009256432600979192,0.0001861574886448114
HIS,6.0,89.23831924860822,-3.1567,1,0,0,4,0.0,0.0,0.802909170153816,1U2U,A,28,6.79,283,321,255,8,0.8185382,6.5,Existing_Structures/generated_pka/1u2u_model1.pka,resname+resseq+chain,0.8881842302218831,0.08527506006806707,0.06964603022188309
GLU,4.1,72.93682813351484,-9.3592,1,2,0,4,1.7464,2.6382,0.9983046354895568,1FMH,A,29,4.63,284,322,256,9,0.9573595,4.5,Existing_Structures/generated_pka/1fmh_model1.pka,resname+resseq+chain,0.9987426574886448,0.00043802199908793416,0.04138315748864474
GLU,4.1,112.63062270619996,-0.6443,1,2,0,3,0.0664,0.2076,0.9983046354895568,1U2U,A,29,4.63,285,323,257,8,0.936139,4.5,Existing_Structures/generated_pka/1u2u_model1.pka,resname+resseq+chain,0.9987426574886448,0.00043802199908793416,0.06260365748864472
HIS,6.0,88.45531145469423,-4.4702,3,1,2,0,0.0,0.0,0.6558205059123952,1LZ1,A,78,7.12,286,324,258,8,0.57669044,6.5,Existing_Structures/generated_pka/1lz1_model1.pka,resname+resseq+chain,0.8881842302218831,0.23236372430948793,0.31149379022188306
GLU,4.1,63.619160382008566,0.1141,3,1,1,3,3.8472,5.1891,0.9998005135712784,1QT8,A,5,3.7,287,325,259,10,1.0008597,4.5,Existing_Structures/generated_pka/1qt8_model1.pka,resname+resseq+chain,0.9987426574886448,-0.0010578560826336458,-0.0021170425113551383
GLU,4.1,16.559278985841885,-7.4794,4,1,3,2,1.8898,2.945,0.9980087108292718,1QT8,A,11,4.7,288,326,260,10,0.8076606,4.5,Existing_Structures/generated_pka/1qt8_model1.pka,resname+resseq+chain,0.9987426574886448,0.000733946659372986,0.19108205748864482
GLU,4.1,40.85248252481736,-8.4911,3,2,1,2,1.9635,2.6822,0.9992063022218308,1QT8,A,22,4.3,289,327,261,10,0.9770144,4.5,Existing_Structures/generated_pka/1qt8_model1.pka,resname+resseq+chain,0.9987426574886448,-0.0004636447331860527,0.02172825748864482
HIS,6.0,13.780355820115888,-21.9975,2,4,3,3,1.8299,1.9299,0.7992399910868984,1QT8,A,26,6.8,290,328,262,10,0.90421295,6.5,Existing_Structures/generated_pka/1qt8_model1.pka,resname+resseq+chain,0.8881842302218831,0.08894423913498473,-0.01602871977811693
HIS,6.0,22.82706728936345,-26.4961,1,5,4,4,0.9524,1.1105,0.0306534300317155,1QT8,A,31,8.9,291,329,263,10,0.49322015,6.5,Existing_Structures/generated_pka/1qt8_model1.pka,resname+resseq+chain,0.8881842302218831,0.8575308001901676,0.39496408022188306
GLU,4.1,43.51159308247884,1.1499,1,3,1,1,4.4459,6.2231,0.9997488744367388,1QT8,A,45,3.8,292,330,264,10,1.0098455,4.5,Existing_Structures/generated_pka/1qt8_model1.pka,resname+resseq+chain,0.9987426574886448,-0.0010062169480939964,-0.011102842511355182
ASP,3.9,30.741691949770967,4.4356,1,2,1,2,4.0691,6.8367,0.9999498837883978,1QT8,A,47,3.1,293,331,265,10,1.0041697,3.8,Existing_Structures/generated_pka/1qt8_model1.pka,resname+resseq+chain,0.9997488744367387,-0.00020100935165912048,-0.004420825563261399
ASP,3.9,99.8760407700953,2.4954,3,2,1,2,3.5741,5.1968,0.9998415357956376,1QT8,A,61,3.6,294,332,266,10,1.0057192,3.8,Existing_Structures/generated_pka/1qt8_model1.pka,resname+resseq+chain,0.9997488744367387,-9.266135889895999e-05,-0.0059703255632612695
GLU,4.1,23.98861076903746,-2.4698,2,4,3,2,5.1225,7.2327,0.9999683782233666,1QT8,A,62,2.9,295,333,267,10,1.0177214,4.5,Existing_Structures/generated_pka/1qt8_model1.pka,resname+resseq+chain,0.9987426574886448,-0.0012257207347218246,-0.01897874251135534
GLU,4.1,59.81098085612258,-4.3723,2,2,3,4,3.9966,5.5313,0.9990009990009991,1QT8,A,64,4.4,296,334,268,10,1.0085654,4.5,Existing_Structures/generated_pka/1qt8_model1.pka,resname+resseq+chain,0.9987426574886448,-0.0002583415123543764,-0.009822742511355176
ASP,3.9,82.29615143354347,-1.4622,2,1,2,2,3.4723,5.0936,0.9999205734856,1QT8,A,72,3.3,297,335,269,10,0.98541087,3.8,Existing_Structures/generated_pka/1qt8_model1.pka,resname+resseq+chain,0.9997488744367387,-0.00017169904886138454,0.014338004436738605
ASP,3.9,51.93607423145373,7.9215,3,3,2,0,3.6781,6.4686,0.9996020512556952,1QT8,A,89,4.0,298,336,270,10,0.9942867,3.8,Existing_Structures/generated_pka/1qt8_model1.pka,resname+resseq+chain,0.9997488744367387,0.00014682318104342063,0.005462174436738687
ASP,3.9,46.21878919570315,18.3268,3,2,2,0,1.9978,2.6246,0.9999800477749496,1QT8,A,92,2.7,299,337,271,10,0.9976474,3.8,Existing_Structures/generated_pka/1qt8_model1.pka,resname+resseq+chain,0.9997488744367387,-0.00023117333821098818,0.002101474436738693
LYS,10.5,1.6506475833310608,-23.2191,5,3,1,3,0.0,0.0,0.8881842302218831,1L54,A,102,6.5,300,338,272,5,0.46776596,10.5,Existing_Structures/generated_pka/1l54_model1.pka,resname+resseq+chain,0.0007936977781692444,-0.8873905324437138,-0.46697226222183075
GLU,4.1,24.93201042030821,-9.3988,3,1,3,4,1.9644,2.4473,0.9617134961177454,1L98,A,105,6.0,301,339,273,1,0.91024303,4.5,Existing_Structures/generated_pka/1l98_model1.pka,resname+resseq+chain,0.9987426574886448,0.0370291613708994,0.08849962748864482
GLU,4.1,40.49352398819148,16.9536,2,2,2,1,1.9609,2.777,0.99936944051166,1QT8,A,108,4.2,302,340,274,10,1.0035163,4.5,Existing_Structures/generated_pka/1qt8_model1.pka,resname+resseq+chain,0.9987426574886448,-0.0006267830230152205,-0.004773642511355258
ASP,3.9,90.5097401420302,6.3183,4,3,1,1,2.8218,4.9108,0.9998741233057576,1QT8,A,127,3.5,303,341,275,10,1.0097364,3.8,Existing_Structures/generated_pka/1qt8_model1.pka,resname+resseq+chain,0.9997488744367387,-0.00012524886901899013,-0.009987525563261324
GLU,4.1,63.3334168472723,2.2203,4,2,1,1,3.2797,5.5684,0.9990009990009991,1QT8,A,128,4.4,304,342,276,10,0.97131705,4.5,Existing_Structures/generated_pka/1qt8_model1.pka,resname+resseq+chain,0.9987426574886448,-0.0002583415123543764,0.027425607488644754
ASP,3.9,64.38773826092242,16.3308,3,2,2,1,6.0007,7.1839,0.999900009999,1QT8,A,159,3.4,305,343,277,10,1.0035499,3.8,Existing_Structures/generated_pka/1qt8_model1.pka,resname+resseq+chain,0.9997488744367387,-0.00015113556226131752,-0.003801025563261451
HIS,6.0,23.34410570931908,-24.4503,2,4,5,4,0.914,1.0377,0.0195623038725795,2LZM,A,31,9.1,306,344,278,9,0.4038976,6.5,Existing_Structures/generated_pka/2lzm_model1.pka,resname+resseq+chain,0.8881842302218831,0.8686219263493036,0.48428663022188306
ASP,3.9,27.70728349836255,1.2015,4,1,2,4,3.7776,4.4626,0.9999998741074746,2LZM,A,70,0.5,307,345,279,9,0.9831418,3.8,Existing_Structures/generated_pka/2lzm_model1.pka,resname+resseq+chain,0.9997488744367387,-0.00025099967073594076,0.0166070744367387
LYS,10.5,55.95306834228224,-1.5791,2,1,1,1,0.4677,0.4203,0.0003979487443048,4LZT,A,1,10.8,308,347,280,2,0.016046017,10.5,Existing_Structures/generated_pka/4lzt_model1.pka,resname+resseq+chain,0.0007936977781692444,0.00039574903386444443,-0.015252319221830755
LYS,10.5,55.95306834228224,-1.5791,2,1,1,1,0.4677,0.4203,0.0003161277976296,4LZT,A,1,10.9,309,348,281,2,0.016046017,10.5,Existing_Structures/generated_pka/4lzt_model1.pka,resname+resseq+chain,0.0007936977781692444,0.00047756998053964444,-0.015252319221830755
GLU,4.1,75.80808675641529,10.575,4,2,1,1,3.8567,4.9072,0.9999718169649932,4LZT,A,7,2.85,310,349,282,2,1.0068038,4.5,Existing_Structures/generated_pka/4lzt_model1.pka,resname+resseq+chain,0.9987426574886448,-0.0012291594763483848,-0.008061142511355146
LYS,10.5,47.839373016216,-9.896,3,1,1,1,0.6248,0.6655,0.0007936977781692,4LZT,A,13,10.5,311,350,283,2,-0.0027335177,10.5,Existing_Structures/generated_pka/4lzt_model1.pka,resname+resseq+chain,0.0007936977781692444,4.445228907190568e-17,0.003527215478169245
LYS,10.5,47.839373016216,-9.896,3,1,1,1,0.6248,0.6655,0.0005009361708135,4LZT,A,13,10.7,312,351,284,2,-0.0027335177,10.5,Existing_Structures/generated_pka/4lzt_model1.pka,resname+resseq+chain,0.0007936977781692444,0.00029276160735574447,0.003527215478169245
HIS,6.0,29.772973126832348,-3.0495,1,3,2,1,1.8257,2.6922,0.9875672647455576,4LZT,A,15,5.5,313,352,285,2,0.87007725,6.5,Existing_Structures/generated_pka/4lzt_model1.pka,resname+resseq+chain,0.8881842302218831,-0.09938303452367447,0.018106980221883062
HIS,6.0,29.772973126832348,-3.0495,1,3,2,1,1.8257,2.6922,0.9909623162617603,4LZT,A,15,5.36,314,353,286,2,0.87007725,6.5,Existing_Structures/generated_pka/4lzt_model1.pka,resname+resseq+chain,0.8881842302218831,-0.10277808603987726,0.018106980221883062
ASP,3.9,57.80618926260007,12.2623,2,2,1,0,3.0324,4.1758,0.9999818033225388,4LZT,A,18,2.66,315,354,287,2,1.0012476,3.8,Existing_Structures/generated_pka/4lzt_model1.pka,resname+resseq+chain,0.9997488744367387,-0.00023292888580017657,-0.0014987255632612495
TYR,10.5,24.89164894766421,8.2237,1,2,2,0,4.2349,5.0409,0.0006305594883398,4LZT,A,20,10.6,316,355,288,2,0.07589609,10.0,Existing_Structures/generated_pka/4lzt_model1.pka,resname+resseq+chain,0.002505592667285737,0.0018750331789459372,-0.07339049733271426
TYR,10.5,26.96196580912622,13.5722,2,3,1,0,1.8713,2.1904,0.0015823852808017,4LZT,A,23,10.2,317,356,289,2,0.16391832,10.0,Existing_Structures/generated_pka/4lzt_model1.pka,resname+resseq+chain,0.002505592667285737,0.0009232073864840372,-0.16141272733271428
LYS,10.5,36.67774439379004,7.4666,2,1,0,2,0.1383,0.1431,0.0006305594883398,4LZT,A,33,10.6,318,357,290,2,0.06577969,10.5,Existing_Structures/generated_pka/4lzt_model1.pka,resname+resseq+chain,0.0007936977781692444,0.00016313828982944447,-0.06498599222183075
LYS,10.5,36.67774439379004,7.4666,2,1,0,2,0.1383,0.1431,0.0006305594883398,4LZT,A,33,10.6,319,358,291,2,0.06577969,10.5,Existing_Structures/generated_pka/4lzt_model1.pka,resname+resseq+chain,0.0007936977781692444,0.00016313828982944447,-0.06498599222183075
LYS,10.5,36.67774439379004,7.4666,2,1,0,2,0.1383,0.1431,0.0005009361708135,4LZT,A,33,10.7,320,359,292,2,0.06577969,10.5,Existing_Structures/generated_pka/4lzt_model1.pka,resname+resseq+chain,0.0007936977781692444,0.00029276160735574447,-0.06498599222183075
GLU,4.1,11.050339412284892,1.4759,2,1,1,1,2.2603,3.8791,0.9406490568972324,4LZT,A,35,6.2,321,360,293,2,0.8507151,4.5,Existing_Structures/generated_pka/4lzt_model1.pka,resname+resseq+chain,0.9987426574886448,0.05809360059141233,0.14802755748864482
ASP,3.9,58.05209381382623,15.2236,3,0,3,0,3.0869,4.9779,0.9999984151093194,4LZT,A,48,1.6,322,361,294,2,0.98821795,3.8,Existing_Structures/generated_pka/4lzt_model1.pka,resname+resseq+chain,0.9997488744367387,-0.0002495406725807614,0.011530924436738643
ASP,3.9,22.94622933962825,5.8039,3,0,3,1,2.9238,3.739,0.9998094902290922,4LZT,A,52,3.68,323,362,295,2,0.96735924,3.8,Existing_Structures/generated_pka/4lzt_model1.pka,resname+resseq+chain,0.9997488744367387,-6.061579235350223e-05,0.0323896344367387
TYR,10.5,7.365068124137028,-13.4044,3,0,3,0,3.8249,5.0259,5.011621160218207e-05,4LZT,A,53,11.7,324,363,296,2,0.055138215,10.0,Existing_Structures/generated_pka/4lzt_model1.pka,resname+resseq+chain,0.002505592667285737,0.002455476455683555,-0.05263262233271426
ASP,3.9,6.3746431924189215,17.8707,4,0,2,0,5.6004,7.9752,0.999999683772334,4LZT,A,66,0.9,325,364,297,2,0.96723866,3.8,Existing_Structures/generated_pka/4lzt_model1.pka,resname+resseq+chain,0.9997488744367387,-0.0002508093355952923,0.03251021443673863
ASP,3.9,75.78562705702,15.3396,1,1,1,1,3.2381,5.23,0.9999953226704646,4LZT,A,87,2.07,326,365,298,2,0.9990229,3.8,Existing_Structures/generated_pka/4lzt_model1.pka,resname+resseq+chain,0.9997488744367387,-0.0002464482337259932,0.0007259744367386078
LYS,10.5,32.22507109840626,-9.6492,2,3,2,0,0.5936,0.5782,0.0003979487443048,4LZT,A,96,10.8,327,366,299,2,-0.028866448,10.5,Existing_Structures/generated_pka/4lzt_model1.pka,resname+resseq+chain,0.0007936977781692444,0.00039574903386444443,0.029660145778169243
LYS,10.5,32.22507109840626,-9.6492,2,3,2,0,0.5936,0.5782,0.0003161277976296,4LZT,A,96,10.9,328,367,300,2,-0.028866448,10.5,Existing_Structures/generated_pka/4lzt_model1.pka,resname+resseq+chain,0.0007936977781692444,0.00047756998053964444,0.029660145778169243
LYS,10.5,54.58149171489084,-1.7145,2,2,1,0,0.0,0.0,0.0012573425113552,4LZT,A,97,10.3,329,368,301,2,-0.008540723,10.5,Existing_Structures/generated_pka/4lzt_model1.pka,resname+resseq+chain,0.0007936977781692444,-0.00046364473318595556,0.009334420778169244
LYS,10.5,54.58149171489084,-1.7145,2,2,1,0,0.0,0.0,0.0012573425113552,4LZT,A,97,10.3,330,369,302,2,-0.008540723,10.5,Existing_Structures/generated_pka/4lzt_model1.pka,resname+resseq+chain,0.0007936977781692444,-0.00046364473318595556,0.009334420778169244
LYS,10.5,54.58149171489084,-1.7145,2,2,1,0,0.0,0.0,0.0007936977781692,4LZT,A,97,10.5,331,370,303,2,-0.008540723,10.5,Existing_Structures/generated_pka/4lzt_model1.pka,resname+resseq+chain,0.0007936977781692444,4.445228907190568e-17,0.009334420778169244
ASP,3.9,43.2972741070062,2.644,2,2,1,0,2.2346,3.6241,0.99009900990099,4LZT,A,101,5.4,332,371,304,2,1.0052295,3.8,Existing_Structures/generated_pka/4lzt_model1.pka,resname+resseq+chain,0.9997488744367387,0.009649864535748676,-0.005480625563261343
ASP,3.9,43.2972741070062,2.644,2,2,1,0,2.2346,3.6241,0.9995104609464912,4LZT,A,101,4.09,333,372,305,2,1.0052295,3.8,Existing_Structures/generated_pka/4lzt_model1.pka,resname+resseq+chain,0.9997488744367387,0.00023841349024744662,-0.005480625563261343
LYS,10.5,60.16409474520438,2.1221,2,1,0,0,0.0,0.0,0.0009990009990009,4LZT,A,116,10.4,334,373,306,2,-0.014369284,10.5,Existing_Structures/generated_pka/4lzt_model1.pka,resname+resseq+chain,0.0007936977781692444,-0.00020530322083165548,0.015162981778169243
LYS,10.5,60.16409474520438,2.1221,2,1,0,0,0.0,0.0,0.0009990009990009,4LZT,A,116,10.4,335,374,307,2,-0.014369284,10.5,Existing_Structures/generated_pka/4lzt_model1.pka,resname+resseq+chain,0.0007936977781692444,-0.00020530322083165548,0.015162981778169243
LYS,10.5,60.16409474520438,2.1221,2,1,0,0,0.0,0.0,0.0006305594883398,4LZT,A,116,10.6,336,375,308,2,-0.014369284,10.5,Existing_Structures/generated_pka/4lzt_model1.pka,resname+resseq+chain,0.0007936977781692444,0.00016313828982944447,0.015162981778169243
ASP,3.9,70.34193977255501,7.862,3,1,1,0,3.2299,4.2353,0.9999369082463724,4LZT,A,119,3.2,337,376,309,2,0.9920385,3.8,Existing_Structures/generated_pka/4lzt_model1.pka,resname+resseq+chain,0.9997488744367387,-0.0001880338096337253,0.0077103744367386096
GLU,4.1,55.00733754027968,8.3142,4,2,0,1,4.0715,5.2608,0.9999809457558916,135L,A,7,2.68,338,378,310,9,1.0082113,4.5,Existing_Structures/generated_pka/135l_model1.pka,resname+resseq+chain,0.9987426574886448,-0.001238288267246812,-0.009468642511355152
ASP,3.9,36.41057425337216,15.2974,2,2,1,0,3.5939,5.5682,0.9999809457558916,135L,A,18,2.68,339,379,311,9,1.0109463,3.8,Existing_Structures/generated_pka/135l_model1.pka,resname+resseq+chain,0.9997488744367387,-0.00023207131915292667,-0.01119742556326142
GLU,4.1,15.5395076281809,-1.1181,2,1,1,1,2.4057,3.9797,0.956289152264316,135L,A,35,6.06,340,380,312,9,0.9869612,4.5,Existing_Structures/generated_pka/135l_model1.pka,resname+resseq+chain,0.9987426574886448,0.04245350522432878,0.011781457488644786
ASP,3.9,27.32946798567176,2.5924,3,0,3,1,3.1104,3.3578,0.9997601742382912,135L,A,52,3.78,342,382,313,9,0.97711265,3.8,Existing_Structures/generated_pka/135l_model1.pka,resname+resseq+chain,0.9997488744367387,-1.1299801552566713e-05,0.022636224436738628
ASP,3.9,79.76853238886386,6.184,1,1,1,1,4.1557,5.368,0.9999946297108764,135L,A,87,2.13,344,384,314,9,1.0082641,3.8,Existing_Structures/generated_pka/135l_model1.pka,resname+resseq+chain,0.9997488744367387,-0.0002457552741377267,-0.008515225563261453
ASP,3.9,71.50692295700377,8.3094,3,1,1,0,2.5195,3.591,0.9999108828487612,135L,A,119,3.35,345,385,315,9,0.9942628,3.8,Existing_Structures/generated_pka/135l_model1.pka,resname+resseq+chain,0.9997488744367387,-0.00016200841202251848,0.005486074436738653
HIS,6.0,32.78661002801479,0.9917,4,2,2,2,1.0639,1.0839,0.994010494478932,6GST,A,83,5.18,346,386,316,6,0.82415044,6.5,Existing_Structures/generated_pka/6gst_model1.pka,resname+resseq+chain,0.8881842302218831,-0.10582626425704889,0.06403379022188305
HIS,6.0,95.14839093653704,-0.2802,4,2,0,3,0.0,0.0,0.676301669492737,6GST,A,84,7.08,347,387,317,6,0.75699013,6.5,Existing_Structures/generated_pka/6gst_model1.pka,resname+resseq+chain,0.8881842302218831,0.21188256072914613,0.13119410022188305
HIS,6.0,38.67551530560876,-11.6332,2,2,4,2,0.5576,0.6346,0.2990226013898924,6GST,A,167,7.77,348,388,318,6,0.44147086,6.5,Existing_Structures/generated_pka/6gst_model1.pka,resname+resseq+chain,0.8881842302218831,0.5891616288319907,0.44671337022188307
LYS,10.5,70.55646784628375,-2.211,1,3,0,4,0.0,0.0,0.0909090909090909,1MUT,A,39,8.4,349,389,319,4,0.0016792269,10.5,Existing_Structures/generated_pka/1mut_model1.pka,resname+resseq+chain,0.0007936977781692444,-0.09011539313092165,-0.0008855291218307555
HIS,6.0,51.7439502347657,-4.2595,0,1,2,3,0.9777,0.9683,0.8904506387229247,1A6K,A,12,6.49,350,390,320,6,0.76784295,6.5,Existing_Structures/generated_pka/1a6k_model1.pka,resname+resseq+chain,0.8881842302218831,-0.00226640850104165,0.12034128022188306
HIS,6.0,51.7439502347657,-4.2595,0,1,2,3,0.9777,0.9683,0.9090909090909092,1A6K,A,12,6.4,351,391,321,6,0.76784295,6.5,Existing_Structures/generated_pka/1a6k_model1.pka,resname+resseq+chain,0.8881842302218831,-0.020906678869026085,0.12034128022188306
HIS,6.0,51.7439502347657,-4.2595,0,1,2,3,0.9777,0.9683,0.9090909090909092,1A6K,A,12,6.4,352,392,322,6,0.76784295,6.5,Existing_Structures/generated_pka/1a6k_model1.pka,resname+resseq+chain,0.8881842302218831,-0.020906678869026085,0.12034128022188306
HIS,6.0,76.22808768468438,1.2013,0,2,2,3,0.6801,1.3222,0.9264124438824266,1MBC,A,12,6.3,353,393,323,6,0.8159604,6.5,Existing_Structures/generated_pka/1mbc_model1.pka,resname+resseq+chain,0.8881842302218831,-0.03822821366054352,0.07222383022188306
HIS,6.0,0.726048374768216,-16.3967,1,2,3,1,2.3217,3.1981,0.9406490568972324,1MBC,A,24,6.2,357,397,324,6,0.737054,6.5,Existing_Structures/generated_pka/1mbc_model1.pka,resname+resseq+chain,0.8881842302218831,-0.05246482667534935,0.1511302302218831
HIS,6.0,28.07975752952789,-10.0777,1,3,0,4,0.6806,1.4624,0.2082511624918155,1A6K,A,36,7.98,358,398,325,6,0.7807382,6.5,Existing_Structures/generated_pka/1a6k_model1.pka,resname+resseq+chain,0.8881842302218831,0.6799330677300676,0.10744603022188304
HIS,6.0,28.07975752952789,-10.0777,1,3,0,4,0.6806,1.4624,0.1423366814461432,1A6K,A,36,8.18,359,399,326,6,0.7807382,6.5,Existing_Structures/generated_pka/1a6k_model1.pka,resname+resseq+chain,0.8881842302218831,0.7458475487757399,0.10744603022188304
HIS,6.0,28.07975752952789,-10.0777,1,3,0,4,0.6806,1.4624,0.1368068886032102,1A6K,A,36,8.2,360,400,327,6,0.7807382,6.5,Existing_Structures/generated_pka/1a6k_model1.pka,resname+resseq+chain,0.8881842302218831,0.7513773416186729,0.10744603022188304
HIS,6.0,31.90658873091318,-8.7353,1,3,0,4,0.5158,1.5796,0.2007600089131019,1MBC,A,36,8.0,361,401,328,6,0.6152757,6.5,Existing_Structures/generated_pka/1mbc_model1.pka,resname+resseq+chain,0.8881842302218831,0.6874242213087812,0.2729085302218831
HIS,6.0,30.798231007332976,-10.9393,1,2,0,4,0.5542,0.5644,0.1368068886032102,1BVC,A,36,8.2,362,402,329,8,0.39346117,6.5,Existing_Structures/generated_pka/1bvc_model1.pka,resname+resseq+chain,0.8881842302218831,0.7513773416186729,0.49472306022188306
HIS,6.0,71.67325227591179,-0.1729,1,5,2,4,0.9567,1.3434,0.9860713716585464,1A6K,A,48,5.55,363,403,330,6,0.8921997,6.5,Existing_Structures/generated_pka/1a6k_model1.pka,resname+resseq+chain,0.8881842302218831,-0.09788714143666333,-0.0040154697781169535
HIS,6.0,71.67325227591179,-0.1729,1,5,2,4,0.9567,1.3434,0.9875672647455576,1A6K,A,48,5.5,364,404,331,6,0.8921997,6.5,Existing_Structures/generated_pka/1a6k_model1.pka,resname+resseq+chain,0.8881842302218831,-0.09938303452367447,-0.0040154697781169535
HIS,6.0,71.67325227591179,-0.1729,1,5,2,4,0.9567,1.3434,0.9875672647455576,1A6K,A,48,5.5,365,405,332,6,0.8921997,6.5,Existing_Structures/generated_pka/1a6k_model1.pka,resname+resseq+chain,0.8881842302218831,-0.09938303452367447,-0.0040154697781169535
HIS,6.0,71.09148556664583,2.0269,1,5,2,3,0.487,1.5474,0.9921193161496696,1MBC,A,48,5.3,366,406,333,6,0.92865777,6.5,Existing_Structures/generated_pka/1mbc_model1.pka,resname+resseq+chain,0.8881842302218831,-0.10393508592778655,-0.04047353977811696
HIS,6.0,93.2786218598781,1.6726,1,3,2,2,0.0,0.0,0.993729987658566,1BVC,A,48,5.2,367,407,334,8,0.82862395,6.5,Existing_Structures/generated_pka/1bvc_model1.pka,resname+resseq+chain,0.8881842302218831,-0.10554575743668293,0.05956028022188309
HIS,6.0,87.10212766346699,-2.4465,0,3,1,3,0.7596,0.9758,0.7680520031675842,1A6K,A,81,6.88,369,409,335,6,0.8244107,6.5,Existing_Structures/generated_pka/1a6k_model1.pka,resname+resseq+chain,0.8881842302218831,0.12013222705429893,0.06377353022188303
HIS,6.0,87.10212766346699,-2.4465,0,3,1,3,0.7596,0.9758,0.8336624691834381,1A6K,A,81,6.7,370,410,336,6,0.8244107,6.5,Existing_Structures/generated_pka/1a6k_model1.pka,resname+resseq+chain,0.8881842302218831,0.05452176103844497,0.06377353022188303
HIS,6.0,87.10212766346699,-2.4465,0,3,1,3,0.7596,0.9758,0.8336624691834381,1A6K,A,81,6.7,371,411,337,6,0.8244107,6.5,Existing_Structures/generated_pka/1a6k_model1.pka,resname+resseq+chain,0.8881842302218831,0.05452176103844497,0.06377353022188303
HIS,6.0,87.80435517636293,-6.7814,0,3,1,3,0.052,0.1056,0.8631931113967901,1MBC,A,81,6.6,372,412,338,6,0.67440826,6.5,Existing_Structures/generated_pka/1mbc_model1.pka,resname+resseq+chain,0.8881842302218831,0.024991118825092973,0.2137759702218831
HIS,6.0,49.83093925241047,4.6894,1,5,1,1,0.9725,1.0157,0.9843983377581704,1MBC,A,97,5.6,376,416,339,6,0.97493345,6.5,Existing_Structures/generated_pka/1mbc_model1.pka,resname+resseq+chain,0.8881842302218831,-0.09621410753628734,-0.08674921977811689
HIS,6.0,46.42615233483857,-1.8467,2,2,1,3,0.0715,0.0403,0.9872813524037092,1A6K,A,113,5.51,378,418,340,6,0.73821056,6.5,Existing_Structures/generated_pka/1a6k_model1.pka,resname+resseq+chain,0.8881842302218831,-0.09909712218182609,0.14997367022188313
HIS,6.0,46.42615233483857,-1.8467,2,2,1,3,0.0715,0.0403,0.99009900990099,1A6K,A,113,5.4,380,420,341,6,0.73821056,6.5,Existing_Structures/generated_pka/1a6k_model1.pka,resname+resseq+chain,0.8881842302218831,-0.10191477967910689,0.14997367022188313
HIS,6.0,52.61780627147831,0.2321,2,2,1,3,0.8929,1.2999,0.99009900990099,1MBC,A,113,5.4,381,421,342,6,0.8017454,6.5,Existing_Structures/generated_pka/1mbc_model1.pka,resname+resseq+chain,0.8881842302218831,-0.10191477967910689,0.08643883022188303
HIS,6.0,63.02790726704112,-6.3854,2,0,2,1,0.5718,0.4681,0.8336624691834381,1A6K,A,116,6.7,383,423,343,6,0.7598809,6.5,Existing_Structures/generated_pka/1a6k_model1.pka,resname+resseq+chain,0.8881842302218831,0.05452176103844497,0.12830333022188312
HIS,6.0,63.02790726704112,-6.3854,2,0,2,1,0.5718,0.4681,0.8631931113967901,1A6K,A,116,6.6,384,424,344,6,0.7598809,6.5,Existing_Structures/generated_pka/1a6k_model1.pka,resname+resseq+chain,0.8881842302218831,0.024991118825092973,0.12830333022188312
HIS,6.0,63.02790726704112,-6.3854,2,0,2,1,0.5718,0.4681,0.8631931113967901,1A6K,A,116,6.6,385,425,345,6,0.7598809,6.5,Existing_Structures/generated_pka/1a6k_model1.pka,resname+resseq+chain,0.8881842302218831,0.024991118825092973,0.12830333022188312
HIS,6.0,68.46996486439554,-6.0326,1,1,2,1,0.8615,1.1728,0.8881842302218831,1MBC,A,116,6.5,386,426,346,6,0.76501477,6.5,Existing_Structures/generated_pka/1mbc_model1.pka,resname+resseq+chain,0.8881842302218831,0.0,0.12316946022188313
HIS,6.0,58.877651007298496,-6.1538,2,1,2,1,1.3576,1.4937,0.8631931113967901,1BVC,A,116,6.6,387,427,347,8,0.7272939,6.5,Existing_Structures/generated_pka/1bvc_model1.pka,resname+resseq+chain,0.8881842302218831,0.024991118825092973,0.16089033022188304
HIS,6.0,15.89718761457141,-2.1675,1,1,3,1,1.1197,1.6377,0.932449971003424,1A6K,A,119,6.26,388,428,348,6,0.89076513,6.5,Existing_Structures/generated_pka/1a6k_model1.pka,resname+resseq+chain,0.8881842302218831,-0.044265740781540885,-0.0025808997781169296
HIS,6.0,15.89718761457141,-2.1675,1,1,3,1,1.1197,1.6377,0.9522732789657962,1A6K,A,119,6.1,389,429,349,6,0.89076513,6.5,Existing_Structures/generated_pka/1a6k_model1.pka,resname+resseq+chain,0.8881842302218831,-0.06408904874391308,-0.0025808997781169296
HIS,6.0,15.89718761457141,-2.1675,1,1,3,1,1.1197,1.6377,0.9522732789657962,1A6K,A,119,6.1,390,430,350,6,0.89076513,6.5,Existing_Structures/generated_pka/1a6k_model1.pka,resname+resseq+chain,0.8881842302218831,-0.06408904874391308,-0.0025808997781169296
HIS,6.0,16.46806294097182,-2.6004,1,1,3,1,0.8423,0.7036,0.9843983377581704,1BVC,A,119,5.6,391,431,351,8,0.9706273,6.5,Existing_Structures/generated_pka/1bvc_model1.pka,resname+resseq+chain,0.8881842302218831,-0.09621410753628734,-0.08244306977811688
HIS,6.0,13.211176472635607,3.7394,1,1,3,1,1.7675,2.1508,0.9522732789657962,1MBC,A,119,6.1,392,432,352,6,0.69419354,6.5,Existing_Structures/generated_pka/1mbc_model1.pka,resname+resseq+chain,0.8881842302218831,-0.06408904874391308,0.1939906902218831
TYR,10.5,29.7523299283306,9.4264,0,6,0,3,1.585,2.0531,0.0006305594883398,1A6K,A,151,10.6,394,434,353,6,0.25496984,10.0,Existing_Structures/generated_pka/1a6k_model1.pka,resname+resseq+chain,0.002505592667285737,0.0018750331789459372,-0.2524642473327143
HIS,6.0,34.918577184276614,-11.5415,1,2,1,3,0.4205,0.9444,0.2847472489508016,1YMB,A,36,7.8,398,438,354,5,0.6382187,6.5,Existing_Structures/generated_pka/1ymb_model1.pka,resname+resseq+chain,0.8881842302218831,0.6034369812710815,0.24996553022188306
HIS,6.0,34.918577184276614,-11.5415,1,2,1,3,0.4205,0.9444,0.3087638475852371,1YMB,A,36,7.75,399,439,355,5,0.6382187,6.5,Existing_Structures/generated_pka/1ymb_model1.pka,resname+resseq+chain,0.8881842302218831,0.579420382636646,0.24996553022188306
HIS,6.0,34.918577184276614,-11.5415,1,2,1,3,0.4205,0.9444,0.2663662975861928,1YMB,A,36,7.84,400,440,356,5,0.6382187,6.5,Existing_Structures/generated_pka/1ymb_model1.pka,resname+resseq+chain,0.8881842302218831,0.6218179326356903,0.24996553022188306
HIS,6.0,34.918577184276614,-11.5415,1,2,1,3,0.4205,0.9444,0.2847472489508016,1YMB,A,36,7.8,401,441,357,5,0.6382187,6.5,Existing_Structures/generated_pka/1ymb_model1.pka,resname+resseq+chain,0.8881842302218831,0.6034369812710815,0.24996553022188306
HIS,6.0,67.15887004446384,6.6073,0,6,2,4,0.0552,0.3316,0.9836750575334462,1YMB,A,48,5.62,402,442,358,5,0.93225396,6.5,Existing_Structures/generated_pka/1ymb_model1.pka,resname+resseq+chain,0.8881842302218831,-0.09549082731156311,-0.04406972977811696
HIS,6.0,67.15887004446384,6.6073,0,6,2,4,0.0552,0.3316,0.9875672647455576,1YMB,A,48,5.5,403,443,359,5,0.93225396,6.5,Existing_Structures/generated_pka/1ymb_model1.pka,resname+resseq+chain,0.8881842302218831,-0.09938303452367447,-0.04406972977811696
HIS,6.0,67.15887004446384,6.6073,0,6,2,4,0.0552,0.3316,0.9875672647455576,1YMB,A,48,5.5,404,444,360,5,0.93225396,6.5,Existing_Structures/generated_pka/1ymb_model1.pka,resname+resseq+chain,0.8881842302218831,-0.09938303452367447,-0.04406972977811696
HIS,6.0,67.15887004446384,6.6073,0,6,2,4,0.0552,0.3316,0.9921193161496696,1YMB,A,48,5.3,405,445,361,5,0.93225396,6.5,Existing_Structures/generated_pka/1ymb_model1.pka,resname+resseq+chain,0.8881842302218831,-0.10393508592778655,-0.04406972977811696
HIS,6.0,92.55399821301503,-1.8973,0,3,2,2,0.0,0.0,0.7425355589430698,1YMB,A,81,6.94,406,446,362,5,0.8332736,6.5,Existing_Structures/generated_pka/1ymb_model1.pka,resname+resseq+chain,0.8881842302218831,0.1456486712788133,0.05491063022188314
HIS,6.0,92.55399821301503,-1.8973,0,3,2,2,0.0,0.0,0.7761545753418307,1YMB,A,81,6.86,407,447,363,5,0.8332736,6.5,Existing_Structures/generated_pka/1ymb_model1.pka,resname+resseq+chain,0.8881842302218831,0.11202965488005234,0.05491063022188314
HIS,6.0,92.55399821301503,-1.8973,0,3,2,2,0.0,0.0,0.8336624691834381,1YMB,A,81,6.7,408,448,364,5,0.8332736,6.5,Existing_Structures/generated_pka/1ymb_model1.pka,resname+resseq+chain,0.8881842302218831,0.05452176103844497,0.05491063022188314
HIS,6.0,54.08668472988114,4.8281,1,1,1,3,0.4832,0.4864,0.971333904197582,1YMB,A,113,5.87,411,451,365,5,0.79444546,6.5,Existing_Structures/generated_pka/1ymb_model1.pka,resname+resseq+chain,0.8881842302218831,-0.08314967397569895,0.09373877022188304
HIS,6.0,54.08668472988114,4.8281,1,1,1,3,0.4832,0.4864,0.9776043775428296,1YMB,A,113,5.76,412,452,366,5,0.79444546,6.5,Existing_Structures/generated_pka/1ymb_model1.pka,resname+resseq+chain,0.8881842302218831,-0.0894201473209465,0.09373877022188304
HIS,6.0,54.08668472988114,4.8281,1,1,1,3,0.4832,0.4864,0.99009900990099,1YMB,A,113,5.4,413,453,367,5,0.79444546,6.5,Existing_Structures/generated_pka/1ymb_model1.pka,resname+resseq+chain,0.8881842302218831,-0.10191477967910689,0.09373877022188304
HIS,6.0,45.14482022925399,1.0773,1,2,3,0,0.663,0.7613,0.802909170153816,1YMB,A,116,6.79,415,455,368,5,0.86536604,6.5,Existing_Structures/generated_pka/1ymb_model1.pka,resname+resseq+chain,0.8881842302218831,0.08527506006806707,0.02281819022188314
HIS,6.0,45.14482022925399,1.0773,1,2,3,0,0.663,0.7613,0.8271780169631398,1YMB,A,116,6.72,416,456,369,5,0.86536604,6.5,Existing_Structures/generated_pka/1ymb_model1.pka,resname+resseq+chain,0.8881842302218831,0.061006213258743336,0.02281819022188314
HIS,6.0,45.14482022925399,1.0773,1,2,3,0,0.663,0.7613,0.8336624691834381,1YMB,A,116,6.7,417,457,370,5,0.86536604,6.5,Existing_Structures/generated_pka/1ymb_model1.pka,resname+resseq+chain,0.8881842302218831,0.05452176103844497,0.02281819022188314
HIS,6.0,45.14482022925399,1.0773,1,2,3,0,0.663,0.7613,0.7992399910868984,1YMB,A,116,6.8,418,458,371,5,0.86536604,6.5,Existing_Structures/generated_pka/1ymb_model1.pka,resname+resseq+chain,0.8881842302218831,0.08894423913498473,0.02281819022188314
HIS,6.0,17.51759385515221,8.827,0,2,2,2,0.7714,0.786,0.8737104209450817,1YMB,A,119,6.56,419,459,372,5,1.0141035,6.5,Existing_Structures/generated_pka/1ymb_model1.pka,resname+resseq+chain,0.8881842302218831,0.01447380927680142,-0.12591926977811696
HIS,6.0,17.51759385515221,8.827,0,2,2,2,0.7714,0.786,0.8858769425858496,1YMB,A,119,6.51,420,460,373,5,1.0141035,6.5,Existing_Structures/generated_pka/1ymb_model1.pka,resname+resseq+chain,0.8881842302218831,0.002307287636033495,-0.12591926977811696
HIS,6.0,17.51759385515221,8.827,0,2,2,2,0.7714,0.786,0.9109760314653454,1YMB,A,119,6.39,421,461,374,5,1.0141035,6.5,Existing_Structures/generated_pka/1ymb_model1.pka,resname+resseq+chain,0.8881842302218831,-0.022791801243462362,-0.12591926977811696
HIS,6.0,17.51759385515221,8.827,0,2,2,2,0.7714,0.786,0.9406490568972324,1YMB,A,119,6.2,422,462,375,5,1.0141035,6.5,Existing_Structures/generated_pka/1ymb_model1.pka,resname+resseq+chain,0.8881842302218831,-0.05246482667534935,-0.12591926977811696
TYR,10.5,80.86181885504193,1.3598,1,0,0,0,0.0,0.0,0.0049868787366879,1ANS,A,7,9.7,424,465,376,7,0.05649475,10.0,Existing_Structures/generated_pka/1ans_model1.pka,resname+resseq+chain,0.002505592667285737,-0.002481286069402163,-0.05398915733271427
TYR,10.5,18.82022997439672,-7.1833,1,1,0,1,0.0,0.0,0.0019912891707283,1ANS,A,18,10.1,425,466,377,7,0.15049241,10.0,Existing_Structures/generated_pka/1ans_model1.pka,resname+resseq+chain,0.002505592667285737,0.0005143034965574373,-0.14798681733271427
GLU,4.1,94.75816128180124,1.0149,0,1,0,1,0.0675,0.2187,0.99009900990099,1ANS,A,20,5.4,426,467,378,7,0.86599493,4.5,Existing_Structures/generated_pka/1ans_model1.pka,resname+resseq+chain,0.9987426574886448,0.00864364758765479,0.13274772748864472
LYS,10.5,42.02485825214693,-7.1171,1,2,0,0,0.0199,0.092,0.0003713972419378,3FT7,B,12,10.83,427,473,379,6,-0.024733247,10.5,Existing_Structures/generated_pka/3ft7_model1.pka,resname+resseq+chain,0.0007936977781692444,0.0004223005362314444,0.025526944778169244
TYR,10.5,51.36706333428464,5.5511,1,2,0,0,0.0,0.0,0.0178717953722617,3FT7,B,16,9.14,428,474,380,6,0.05611651,10.0,Existing_Structures/generated_pka/3ft7_model1.pka,resname+resseq+chain,0.002505592667285737,-0.015366202704975962,-0.05361091733271427
GLU,4.1,72.25501045904646,14.2653,2,2,3,2,1.2484,2.4628,0.9994754678181524,3FT7,B,20,4.12,429,475,381,6,1.0055969,4.5,Existing_Structures/generated_pka/3ft7_model1.pka,resname+resseq+chain,0.9987426574886448,-0.0007328103295076716,-0.006854242511355246
HIS,6.0,17.24558398548635,-21.145,1,2,1,2,0.4247,0.4246,0.9975513019253108,3FT7,B,22,4.79,430,476,382,6,0.6607432,6.5,Existing_Structures/generated_pka/3ft7_model1.pka,resname+resseq+chain,0.8881842302218831,-0.10936707170342774,0.2274410302218831
ASP,3.9,65.15161332381984,1.8956,1,2,1,2,3.5044,5.2751,0.999989767174789,3FT7,B,23,2.41,431,477,383,6,0.98909366,3.8,Existing_Structures/generated_pka/3ft7_model1.pka,resname+resseq+chain,0.9997488744367387,-0.00024089273805039113,0.01065521443673867
GLU,4.1,84.28842243880338,-3.486,1,2,3,3,3.0012,4.5716,0.999848666780366,3FT7,B,27,3.58,432,478,384,6,1.0045362,4.5,Existing_Structures/generated_pka/3ft7_model1.pka,resname+resseq+chain,0.9987426574886448,-0.0011060092917212216,-0.005793542511355221
LYS,10.5,91.881882994208,-0.903,1,2,2,2,0.0,0.0,0.0001659311530268,3FT7,B,30,11.18,433,479,385,6,0.0019288306,10.5,Existing_Structures/generated_pka/3ft7_model1.pka,resname+resseq+chain,0.0007936977781692444,0.0006277666251424444,-0.0011351328218307556
GLU,4.1,90.02362025593685,-1.7092,1,2,2,2,2.0034,2.7762,0.9984535785044,3FT7,B,31,4.59,434,480,386,6,1.0044292,4.5,Existing_Structures/generated_pka/3ft7_model1.pka,resname+resseq+chain,0.9987426574886448,0.00028907898424479495,-0.0056865425113551415
LYS,10.5,46.02472566297843,-2.3768,1,2,3,3,0.647,0.7297,0.0009323841492796,3FT7,B,32,10.43,435,481,387,6,0.017486244,10.5,Existing_Structures/generated_pka/3ft7_model1.pka,resname+resseq+chain,0.0007936977781692444,-0.00013868637111035561,-0.016692546221830758
ASP,3.9,29.077841152181072,12.665,2,3,1,3,4.4324,6.4872,0.9999748817666264,3FT7,B,38,2.8,436,482,388,6,1.0182097,3.8,Existing_Structures/generated_pka/3ft7_model1.pka,resname+resseq+chain,0.9997488744367387,-0.0002260073298877563,-0.01846082556326145
LYS,10.5,46.82708922255899,-6.9031,2,1,2,2,0.1846,0.6975,3.6306487268132894e-05,3FT7,B,45,11.84,438,484,389,6,-0.030661944,10.5,Existing_Structures/generated_pka/3ft7_model1.pka,resname+resseq+chain,0.0007936977781692444,0.0007573912909011115,0.031455641778169244
GLU,4.1,49.3446535127902,-4.8873,2,2,4,2,2.9474,5.2075,0.9999855458112192,3FT7,B,46,2.56,439,485,390,6,0.9812886,4.5,Existing_Structures/generated_pka/3ft7_model1.pka,resname+resseq+chain,0.9987426574886448,-0.0012428883225744647,0.017454057488644814
ASP,3.9,47.75570966621272,-8.8589,2,1,2,3,2.6992,4.1863,0.9999855458112192,3FT7,B,49,2.56,440,486,391,6,0.97968894,3.8,Existing_Structures/generated_pka/3ft7_model1.pka,resname+resseq+chain,0.9997488744367387,-0.0002366713744805793,0.020059934436738702
HIS,6.0,27.95395702242793,-8.4358,1,3,4,5,0.0419,0.0191,0.7425355589430698,3FT7,B,51,6.94,441,487,392,6,0.6095276,6.5,Existing_Structures/generated_pka/3ft7_model1.pka,resname+resseq+chain,0.8881842302218831,0.1456486712788133,0.27865663022188314
ASP,3.9,69.04115857575779,1.9192,1,1,2,4,0.9777,1.3309,0.9999698013947792,3FT7,B,52,2.88,442,488,393,6,0.9666221,,Existing_Structures/generated_pka/3ft7_model1.pka,resname+resseq+chain,,,
ASP,3.9,77.61060485342706,13.879,0,2,1,1,3.1833,4.2078,0.9999813794753638,1PPF,I,7,2.67,443,492,394,9,1.0086973,3.8,Existing_Structures/generated_pka/1ppf_model1.pka,resname+resseq+chain,0.9997488744367387,-0.0002325050386251526,-0.008948425563261253
GLU,4.1,81.68188507623178,3.2217,0,2,1,1,1.3834,2.1448,0.9994507609554468,1PPF,I,10,4.14,444,493,395,9,1.0005426,4.5,Existing_Structures/generated_pka/1ppf_model1.pka,resname+resseq+chain,0.9987426574886448,-0.0007081034668020569,-0.0017999425113551792
TYR,10.5,6.610720549725338,14.7796,1,2,1,2,0.2354,0.7966,0.0017347861159992,1PPF,I,11,10.16,445,494,396,9,0.29150864,10.0,Existing_Structures/generated_pka/1ppf_model1.pka,resname+resseq+chain,0.002505592667285737,0.0007708065512865372,-0.28900304733271426
LYS,10.5,40.143054613235954,-4.6435,0,2,2,2,0.0009,0.0,0.003376998798311,1PPF,I,13,9.87,446,495,397,9,-0.017944219,10.5,Existing_Structures/generated_pka/1ppf_model1.pka,resname+resseq+chain,0.0007936977781692444,-0.002583301020141756,0.018737916778169245
GLU,4.1,25.64002199495798,25.0182,1,1,2,1,2.757,4.4944,0.9999354387455212,1PPF,I,19,3.21,447,496,398,9,0.96946555,4.5,Existing_Structures/generated_pka/1ppf_model1.pka,resname+resseq+chain,0.9987426574886448,-0.0011927812568763851,0.02927710748864476
TYR,10.5,12.278713321557948,10.1019,4,3,1,1,1.4573,1.4373,0.0002137505099015,1PPF,I,20,11.07,448,497,399,9,0.014948311,10.0,Existing_Structures/generated_pka/1ppf_model1.pka,resname+resseq+chain,0.002505592667285737,0.0022918421573842373,-0.012442718332714264
ASP,3.9,36.37088389752627,11.1264,0,2,1,1,2.872,4.0577,0.999992056780748,1PPF,I,27,2.3,449,498,400,9,0.99544805,3.8,Existing_Structures/generated_pka/1ppf_model1.pka,resname+resseq+chain,0.9997488744367387,-0.00024318234400932948,0.004300824436738626
LYS,10.5,63.20098905150802,-0.5304,2,1,1,1,0.0001,0.0,0.0001905097709078,1PPF,I,29,11.12,450,499,401,9,0.009454934,10.5,Existing_Structures/generated_pka/1ppf_model1.pka,resname+resseq+chain,0.0007936977781692444,0.0006031880072614444,-0.008661236221830756
LYS,10.5,48.1971541250145,-9.0583,1,2,1,2,1.3192,1.4857,0.0018586262127003,1PPF,I,34,10.13,452,501,402,9,0.014788465,10.5,Existing_Structures/generated_pka/1ppf_model1.pka,resname+resseq+chain,0.0007936977781692444,-0.0010649284345310556,-0.013994767221830757
GLU,4.1,91.8861057668931,4.8612,0,2,1,1,2.4848,4.0707,0.9974361942128144,1PPF,I,43,4.81,453,502,403,9,0.9653446,4.5,Existing_Structures/generated_pka/1ppf_model1.pka,resname+resseq+chain,0.9987426574886448,0.001306463275830394,0.03339805748864477
HIS,6.0,48.847886915633325,-5.8863,1,2,1,0,0.1135,0.4264,0.4426883662377074,1PPF,I,52,7.5,454,503,404,9,0.78957945,6.5,Existing_Structures/generated_pka/1ppf_model1.pka,resname+resseq+chain,0.8881842302218831,0.4454958639841757,0.09860478022188313
LYS,10.5,75.50474781875438,0.9009,3,2,0,0,0.9131,1.1166,0.0001994864287215,1PPF,I,55,11.1,455,504,405,9,0.0041204374,10.5,Existing_Structures/generated_pka/1ppf_model1.pka,resname+resseq+chain,0.0007936977781692444,0.0005942113494477445,-0.0033267396218307557
ASP,3.9,104.09637887852352,8.9005,2,1,1,1,3.0356,4.3506,0.9999601908677748,1BPI,A,3,3.0,456,506,406,1,0.9961351,3.8,Existing_Structures/generated_pka/1bpi_model1.pka,resname+resseq+chain,0.9997488744367387,-0.00021131643103611264,0.0036137744367386038
GLU,4.1,31.227489687056547,-0.5942,2,2,1,1,1.8585,3.7996,0.9998005135712784,1BPI,A,7,3.7,457,507,407,1,1.0103979,4.5,Existing_Structures/generated_pka/1bpi_model1.pka,resname+resseq+chain,0.9987426574886448,-0.0010578560826336458,-0.011655242511355302
LYS,10.5,94.75321430954344,-0.9903,2,1,0,0,0.0,0.0,0.0006305594883398,1BPI,A,15,10.6,458,508,408,1,-0.026599942,10.5,Existing_Structures/generated_pka/1bpi_model1.pka,resname+resseq+chain,0.0007936977781692444,0.00016313828982944447,0.027393639778169245
LYS,10.5,103.58491645176086,0.0342,0,1,0,0,0.7705,0.8119,0.0006305594883398,1BPI,A,26,10.6,459,509,409,1,-0.021124236,10.5,Existing_Structures/generated_pka/1bpi_model1.pka,resname+resseq+chain,0.0007936977781692444,0.00016313828982944447,0.021917933778169245
LYS,10.5,54.36084960151386,-1.8828,2,1,1,1,1.225,1.7611,0.0003979487443048,1BPI,A,41,10.8,460,510,410,1,0.022169543,10.5,Existing_Structures/generated_pka/1bpi_model1.pka,resname+resseq+chain,0.0007936977781692444,0.00039574903386444443,-0.021375845221830756
LYS,10.5,83.10392963128014,0.9877,2,2,1,0,0.3894,0.7554,0.0006305594883398,1BPI,A,46,10.6,461,511,411,1,-0.008650444,10.5,Existing_Structures/generated_pka/1bpi_model1.pka,resname+resseq+chain,0.0007936977781692444,0.00016313828982944447,0.009444141778169244
GLU,4.1,84.39883534362325,7.3339,2,1,1,1,3.4112,5.619,0.9997488744367388,1BPI,A,49,3.8,462,512,412,1,1.0024514,4.5,Existing_Structures/generated_pka/1bpi_model1.pka,resname+resseq+chain,0.9987426574886448,-0.0010062169480939964,-0.003708742511355223
ASP,3.9,52.5850579898957,8.5533,3,1,1,1,4.6741,7.9954,0.999900009999,1BPI,A,50,3.4,463,513,413,1,1.0045773,3.8,Existing_Structures/generated_pka/1bpi_model1.pka,resname+resseq+chain,0.9997488744367387,-0.00015113556226131752,-0.0048284255632613515
CYS,8.3,15.696187126554086,4.34,0,3,2,2,0.4567,0.9626,0.999916830540624,1PPN,A,25,3.32,464,515,414,4,0.7053069,9.0,Existing_Structures/generated_pka/1ppn_model1.pka,resname+resseq+chain,0.02450336755033601,-0.975413462990288,-0.680803532449664
CYS,8.3,17.62397299176787,21.8438,1,4,1,3,0.3295,0.9754,0.9999698013947792,1PPO,A,25,2.88,465,516,415,9,0.87320787,9.0,Existing_Structures/generated_pka/1ppo_model1.pka,resname+resseq+chain,0.02450336755033601,-0.9754664338444432,-0.848704502449664
GLU,4.1,34.23860578641491,7.8752,1,4,2,3,2.7906,4.0463,0.9992925550482872,1NLX,A,407,4.25,466,517,416,9,1.0051755,4.5,Existing_Structures/generated_pka/1nlx_model1.pka,resname+resseq+chain,0.9987426574886448,-0.0005498975596424094,-0.00643284251135523
GLU,4.1,23.205633847223805,6.5008,1,4,2,3,4.5007,6.0106,0.9999383443014734,1NLX,A,408,3.19,467,518,417,9,0.99713236,4.5,Existing_Structures/generated_pka/1nlx_model1.pka,resname+resseq+chain,0.9987426574886448,-0.0011956868128286668,0.0016102974886447186
GLU,4.1,80.44819393446231,-11.8964,3,2,2,3,4.3438,6.44,0.9997488744367388,1NLX,A,413,3.8,468,519,418,9,1.0652175,4.5,Existing_Structures/generated_pka/1nlx_model1.pka,resname+resseq+chain,0.9987426574886448,-0.0010062169480939964,-0.06647484251135516
ASP,3.9,39.08048004092917,-8.0221,2,3,2,3,4.7043,6.8437,0.9998741233057576,1NLX,A,414,3.5,469,520,419,9,0.8980467,3.8,Existing_Structures/generated_pka/1nlx_model1.pka,resname+resseq+chain,0.9997488744367387,-0.00012524886901899013,0.10170217443673868
ASP,3.9,58.86506230429952,7.0834,0,3,2,3,2.8857,3.8607,0.9999045098606352,1NLX,A,433,3.38,470,521,420,9,0.9938836,3.8,Existing_Structures/generated_pka/1nlx_model1.pka,resname+resseq+chain,0.9997488744367387,-0.0001556354238965163,0.005865274436738677
GLU,4.1,46.22552931008884,3.8822,1,4,2,2,4.5299,7.6016,0.9972533362368368,1NLX,A,439,4.84,471,522,421,9,1.0072098,4.5,Existing_Structures/generated_pka/1nlx_model1.pka,resname+resseq+chain,0.9987426574886448,0.0014893212518080068,-0.008467142511355275
ASP,3.9,51.93256132794644,1.3491,1,3,2,3,5.0259,8.5947,0.9999900000999988,1NLX,A,452,2.4,472,523,422,9,1.002262,3.8,Existing_Structures/generated_pka/1nlx_model1.pka,resname+resseq+chain,0.9997488744367387,-0.0002411256632601777,-0.0025131255632613314
ASP,3.9,13.328465987272182,-1.9376,1,3,2,3,4.1246,5.6637,0.9974944073327142,1NLX,A,465,4.8,473,524,423,9,0.8907672,3.8,Existing_Structures/generated_pka/1nlx_model1.pka,resname+resseq+chain,0.9997488744367387,0.002254467104024438,0.10898167443673867
GLU,4.1,7.981093164095969,-17.4119,2,3,2,5,3.4684,4.8838,0.9995431206445424,1NLX,A,466,4.06,474,525,424,9,0.8556649,4.5,Existing_Structures/generated_pka/1nlx_model1.pka,resname+resseq+chain,0.9987426574886448,-0.0008004631558976572,0.14307775748864482
ASP,3.9,34.792453906394485,0.9883,0,2,3,4,2.9486,5.1799,0.9998741233057576,1NLX,A,476,3.5,475,526,425,9,0.98439556,3.8,Existing_Structures/generated_pka/1nlx_model1.pka,resname+resseq+chain,0.9997488744367387,-0.00012524886901899013,0.015353314436738708
HIS,6.0,46.38182867900859,-20.8795,0,2,3,1,0.2706,0.6342,0.5,1NLX,A,477,7.4,476,527,426,9,0.64278,6.5,Existing_Structures/generated_pka/1nlx_model1.pka,resname+resseq+chain,0.8881842302218831,0.3881842302218831,0.24540423022188307
GLU,4.1,84.96124771331776,-2.9864,0,3,3,2,1.9383,3.3724,0.999868191701862,1NLX,A,481,3.52,477,528,427,9,0.99428236,4.5,Existing_Structures/generated_pka/1nlx_model1.pka,resname+resseq+chain,0.9987426574886448,-0.0011255342132172608,0.004460297488644738
ASP,3.9,60.099919388481794,-1.8103,0,3,3,2,3.0724,5.0589,0.999954293270239,1NLX,A,482,3.06,478,529,428,9,0.9905308,3.8,Existing_Structures/generated_pka/1nlx_model1.pka,resname+resseq+chain,0.9997488744367387,-0.00020541883350033707,0.00921807443673861
GLU,4.1,87.6238955479649,4.1761,1,3,3,4,3.0223,4.4666,0.9984535785044,1NLX,A,485,4.59,479,530,429,9,1.0014879,4.5,Existing_Structures/generated_pka/1nlx_model1.pka,resname+resseq+chain,0.9987426574886448,0.00028907898424479495,-0.002745242511355328
HIS,6.0,11.115176894767677,-21.506,2,1,2,5,1.5952,2.8602,0.557311633762293,1NLX,A,490,7.3,480,531,430,9,0.52262646,6.5,Existing_Structures/generated_pka/1nlx_model1.pka,resname+resseq+chain,0.8881842302218831,0.3308725964595901,0.36555777022188307
GLU,4.1,12.193845515169029,6.3441,3,1,0,6,4.6965,6.4715,0.9993547623713688,1NLX,A,493,4.21,481,532,431,9,0.8671671,4.5,Existing_Structures/generated_pka/1nlx_model1.pka,resname+resseq+chain,0.9987426574886448,-0.0006121048827240072,0.1315755574886448
GLU,4.1,28.95009727207654,-2.2789,1,0,3,5,0.761,0.9715,0.9998222036761504,1NLX,A,503,3.65,482,533,432,9,0.9240955,4.5,Existing_Structures/generated_pka/1nlx_model1.pka,resname+resseq+chain,0.9987426574886448,-0.001079546187505609,0.07464715748864481
HIS,6.0,51.792274569297525,-3.2843,1,1,2,6,0.6344,0.6457,0.8881842302218831,1NLX,A,505,6.5,483,534,433,9,0.7367728,6.5,Existing_Structures/generated_pka/1nlx_model1.pka,resname+resseq+chain,0.8881842302218831,0.0,0.15141143022188308
HIS,6.0,40.78772623725031,6.0312,0,4,1,4,0.7886,1.1282,0.9617134961177454,1POH,A,76,6.0,484,535,434,7,0.94968325,6.5,Existing_Structures/generated_pka/1poh_model1.pka,resname+resseq+chain,0.8881842302218831,-0.07352926589586228,-0.06149901977811689
HIS,6.0,18.35537954692168,-44.8469,2,5,4,2,0.4362,0.5221,0.3868631798468573,1GYM,A,32,7.6,485,536,435,10,0.48439428,6.5,Existing_Structures/generated_pka/1gym_model1.pka,resname+resseq+chain,0.8881842302218831,0.5013210503750258,0.4037899502218831
HIS,6.0,33.99685553564355,-18.8498,3,5,4,1,0.0374,0.0011,0.7597469266479578,1GYM,A,82,6.9,486,537,436,10,0.5397931,6.5,Existing_Structures/generated_pka/1gym_model1.pka,resname+resseq+chain,0.8881842302218831,0.12843730357392524,0.34839113022188306
HIS,6.0,62.12764968572628,9.8325,1,3,2,3,0.465,0.5444,0.99009900990099,1GYM,A,92,5.4,487,538,437,10,0.9219217,6.5,Existing_Structures/generated_pka/1gym_model1.pka,resname+resseq+chain,0.8881842302218831,-0.10191477967910689,-0.03373746977811687
HIS,6.0,13.298648816943675,-17.4498,2,0,3,2,1.7653,1.8474,0.7597469266479578,1GYM,A,227,6.9,488,539,438,10,0.6309425,6.5,Existing_Structures/generated_pka/1gym_model1.pka,resname+resseq+chain,0.8881842302218831,0.12843730357392524,0.2572417302218831
LYS,10.5,26.03688709812292,-1.5674,3,1,6,3,0.0142,0.0752,0.0124327352544423,1FEZ,A,53,9.3,489,540,439,8,-0.102806725,10.5,Existing_Structures/generated_pka/1fez_model1.pka,resname+resseq+chain,0.0007936977781692444,-0.011639037476273055,0.10360042277816925
ASP,3.9,83.67856315810184,11.0357,2,1,3,1,2.6413,3.5731,0.999897681170986,3WU2,O,23,3.41,490,541,440,10,0.9891246,3.8,Existing_Structures/generated_pka/3wu2_model1.pka,resname+resseq+chain,0.9997488744367387,-0.00014880673424733093,0.010624274436738634
ASP,3.9,94.54638138485356,24.4399,1,1,3,1,2.3425,3.1809,0.999954293270239,3WU2,O,24,3.06,491,542,441,10,1.0061888,3.8,Existing_Structures/generated_pka/3wu2_model1.pka,resname+resseq+chain,0.9997488744367387,-0.00020541883350033707,-0.0064399255632614505
ASP,3.9,67.32246521282971,17.5151,1,1,1,1,3.3244,4.42,0.9998825240467272,3WU2,O,33,3.47,492,543,442,10,0.99297416,3.8,Existing_Structures/generated_pka/3wu2_model1.pka,resname+resseq+chain,0.9997488744367387,-0.0001336496099885176,0.006774714436738605
GLU,4.1,46.084758120544585,-9.5213,2,4,1,9,2.8586,3.8484,0.9988264812094182,3WU2,O,54,4.47,493,544,443,10,0.9913647,4.5,Existing_Structures/generated_pka/3wu2_model1.pka,resname+resseq+chain,0.9987426574886448,-8.382372077342382e-05,0.007377957488644782
GLU,4.1,87.3769782148876,-5.2549,1,4,0,7,2.5935,3.1211,0.9994115028774412,3WU2,O,64,4.17,494,545,444,10,0.94609624,4.5,Existing_Structures/generated_pka/3wu2_model1.pka,resname+resseq+chain,0.9987426574886448,-0.000668845388796413,0.05264641748864474
GLU,4.1,52.1045466275974,5.8804,3,2,0,4,2.3682,3.2243,0.9999066832787434,3WU2,O,74,3.37,495,546,445,10,1.0086073,4.5,Existing_Structures/generated_pka/3wu2_model1.pka,resname+resseq+chain,0.9987426574886448,-0.0011640257900986661,-0.009864642511355215
GLU,4.1,52.42917431439548,7.4634,2,1,1,4,2.4201,2.9027,0.9982652138840008,3WU2,O,84,4.64,496,547,446,10,1.0041893,4.5,Existing_Structures/generated_pka/3wu2_model1.pka,resname+resseq+chain,0.9987426574886448,0.00047744360464396784,-0.005446642511355182
ASP,3.9,59.30224379480449,12.9344,0,1,1,0,3.0457,4.4668,0.9999985545623186,3WU2,O,90,1.56,497,548,447,10,0.9668057,3.8,Existing_Structures/generated_pka/3wu2_model1.pka,resname+resseq+chain,0.9997488744367387,-0.0002496801255799097,0.032943174436738665
GLU,4.1,49.88810252490262,-2.4068,2,4,3,4,1.6095,2.4658,0.996124625506375,3WU2,O,98,4.99,498,549,448,10,1.0172074,4.5,Existing_Structures/generated_pka/3wu2_model1.pka,resname+resseq+chain,0.9987426574886448,0.0026180319822697307,-0.018464742511355214
GLU,4.1,61.910162190268,1.5997,2,2,4,5,2.5418,2.8637,0.99974302647409,3WU2,O,114,3.81,499,550,449,10,0.98937696,4.5,Existing_Structures/generated_pka/3wu2_model1.pka,resname+resseq+chain,0.9987426574886448,-0.0010003689854451991,0.009365697488644797
ASP,3.9,36.837770142002384,7.7046,0,2,1,1,2.5317,2.8041,0.9969192250721745,3WU2,O,141,4.89,500,551,450,10,1.0005182,3.8,Existing_Structures/generated_pka/3wu2_model1.pka,resname+resseq+chain,0.9997488744367387,0.002829649364564202,-0.0007693255632612583
GLU,4.1,59.01809027167598,-3.007,0,3,0,4,3.2134,4.1348,0.9986834787744208,3WU2,O,145,4.52,501,552,451,10,1.0096257,4.5,Existing_Structures/generated_pka/3wu2_model1.pka,resname+resseq+chain,0.9987426574886448,5.9178714224006335e-05,-0.01088304251135519
ASP,3.9,29.64908720993103,5.1823,2,1,3,2,3.4878,4.8697,0.9998878107424116,3WU2,O,205,3.45,502,553,452,10,0.9770956,3.8,Existing_Structures/generated_pka/3wu2_model1.pka,resname+resseq+chain,0.9997488744367387,-0.00013893630567296533,0.022653274436738702
GLU,4.1,31.33322682739788,-6.0529,4,1,2,2,3.4699,5.5728,0.9999818033225388,3WU2,O,210,2.66,503,554,453,10,0.90563154,4.5,Existing_Structures/generated_pka/3wu2_model1.pka,resname+resseq+chain,0.9987426574886448,-0.001239145833894062,0.09311111748864476
GLU,4.1,47.4077499382048,-1.5879,0,2,1,3,3.1067,3.4828,0.9996765110220516,3WU2,O,216,3.91,504,555,454,10,0.9999848,4.5,Existing_Structures/generated_pka/3wu2_model1.pka,resname+resseq+chain,0.9987426574886448,-0.0009338535334068032,-0.0012421425113552376
GLU,4.1,51.02971819844361,-4.7304,0,5,0,4,3.0685,3.4125,0.9946583682969876,3WU2,O,218,5.13,505,556,455,10,0.991199,4.5,Existing_Structures/generated_pka/3wu2_model1.pka,resname+resseq+chain,0.9987426574886448,0.004084289191657153,0.007543657488644717
GLU,4.1,60.96200508555758,-0.3022,1,3,2,8,2.9255,3.3876,0.99936944051166,3WU2,O,232,4.2,506,557,456,10,0.99836904,4.5,Existing_Structures/generated_pka/3wu2_model1.pka,resname+resseq+chain,0.9987426574886448,-0.0006267830230152205,0.00037361748864472855
GLU,4.1,61.7341094327106,1.441,3,1,2,3,1.8692,2.0212,0.9962984004553768,3WU2,O,244,4.97,507,558,457,10,0.9912343,4.5,Existing_Structures/generated_pka/3wu2_model1.pka,resname+resseq+chain,0.9987426574886448,0.0024442570332680047,0.007508357488644757
ASP,3.9,48.66452935994926,5.6517,0,5,2,1,1.9059,2.3015,0.9996020512556952,2BUS,A,6,4.0,508,559,458,5,0.98536956,3.8,Existing_Structures/generated_pka/2bus_model1.pka,resname+resseq+chain,0.9997488744367387,0.00014682318104342063,0.014379314436738677
ASP,3.9,48.66452935994926,5.6517,0,5,2,1,1.9059,2.3015,0.9994990638291864,2BUS,A,6,4.1,509,560,459,5,0.98536956,3.8,Existing_Structures/generated_pka/2bus_model1.pka,resname+resseq+chain,0.9997488744367387,0.0002498106075522477,0.014379314436738677
GLU,4.1,72.60955136558971,5.1661,0,5,2,1,1.3177,2.2451,0.9992063022218308,2BUS,A,9,4.3,510,561,460,5,1.0000437,4.5,Existing_Structures/generated_pka/2bus_model1.pka,resname+resseq+chain,0.9987426574886448,-0.0004636447331860527,-0.0013010425113552104
GLU,4.1,72.60955136558971,5.1661,0,5,2,1,1.3177,2.2451,0.9987426574886448,2BUS,A,9,4.5,511,562,461,5,1.0000437,4.5,Existing_Structures/generated_pka/2bus_model1.pka,resname+resseq+chain,0.9987426574886448,0.0,-0.0013010425113552104
ASP,3.9,99.47413048553622,5.8404,0,3,2,1,0.6548,2.072,0.9998415357956376,2BUS,A,12,3.6,512,563,462,5,0.9598351,3.8,Existing_Structures/generated_pka/2bus_model1.pka,resname+resseq+chain,0.9997488744367387,-9.266135889895999e-05,0.0399137744367386
GLU,4.1,78.39039835280035,15.4313,2,2,0,1,0.3015,0.6314,0.9994990638291864,2BUS,A,20,4.1,513,564,463,5,1.0006951,4.5,Existing_Structures/generated_pka/2bus_model1.pka,resname+resseq+chain,0.9987426574886448,-0.0007564063405416377,-0.001952442511355179
GLU,4.1,78.39039835280035,15.4313,2,2,0,1,0.3015,0.6314,0.9990009990009991,2BUS,A,20,4.4,514,565,464,5,1.0006951,4.5,Existing_Structures/generated_pka/2bus_model1.pka,resname+resseq+chain,0.9987426574886448,-0.0002583415123543764,-0.001952442511355179
HIS,6.0,0.0,-4.1896,1,0,1,0,1.131,1.2419,0.9999292104330793,3SSI,A,43,3.25,515,566,465,9,0.80979955,6.5,Existing_Structures/generated_pka/3ssi_model1.pka,resname+resseq+chain,0.8881842302218831,-0.11174498021119617,0.07838468022188305
HIS,6.0,14.437047094701194,-6.9885,2,0,3,4,0.3706,0.4443,0.9617134961177454,3SSI,A,106,6.0,516,567,466,9,0.77877176,6.5,Existing_Structures/generated_pka/3ssi_model1.pka,resname+resseq+chain,0.8881842302218831,-0.07352926589586228,0.10941247022188305
ASP,3.9,7.17883175146226,12.2431,2,1,2,0,3.8828,6.3423,0.903218404295181,2L6X,A,97,6.43,517,568,467,7,0.8750847,3.8,Existing_Structures/generated_pka/2l6x_model1.pka,resname+resseq+chain,0.9997488744367387,0.09653047014155769,0.1246641744367386
ASP,3.9,7.17883175146226,12.2431,2,1,2,0,3.8828,6.3423,0.9479085506726252,2L6X,A,97,6.14,518,569,468,7,0.8750847,3.8,Existing_Structures/generated_pka/2l6x_model1.pka,resname+resseq+chain,0.9997488744367387,0.051840323764113405,0.1246641744367386
ASP,3.9,7.17883175146226,12.2431,2,1,2,0,3.8828,6.3423,0.9833011506249288,2L6X,A,97,5.63,519,570,469,7,0.8750847,3.8,Existing_Structures/generated_pka/2l6x_model1.pka,resname+resseq+chain,0.9997488744367387,0.01644772381180981,0.1246641744367386
ASP,3.9,7.17883175146226,12.2431,2,1,2,0,3.8828,6.3423,0.9693465699682844,2L6X,A,97,5.9,520,571,470,7,0.8750847,3.8,Existing_Structures/generated_pka/2l6x_model1.pka,resname+resseq+chain,0.9997488744367387,0.030402304468454266,0.1246641744367386
ASP,3.9,7.17883175146226,12.2431,2,1,2,0,3.8828,6.3423,0.8576633185538569,2L6X,A,97,6.62,521,572,471,7,0.8750847,3.8,Existing_Structures/generated_pka/2l6x_model1.pka,resname+resseq+chain,0.9997488744367387,0.14208555588288174,0.1246641744367386
ASP,3.9,7.17883175146226,12.2431,2,1,2,0,3.8828,6.3423,0.8858769425858496,2L6X,A,97,6.51,522,573,472,7,0.8750847,3.8,Existing_Structures/generated_pka/2l6x_model1.pka,resname+resseq+chain,0.9997488744367387,0.11387193185088906,0.1246641744367386
ASP,3.9,7.17883175146226,12.2431,2,1,2,0,3.8828,6.3423,0.3759982413823329,2L6X,A,97,7.62,523,574,473,7,0.8750847,3.8,Existing_Structures/generated_pka/2l6x_model1.pka,resname+resseq+chain,0.9997488744367387,0.6237506330544058,0.1246641744367386
ASP,3.9,7.17883175146226,12.2431,2,1,2,0,3.8828,6.3423,0.802909170153816,2L6X,A,97,6.79,524,575,474,7,0.8750847,3.8,Existing_Structures/generated_pka/2l6x_model1.pka,resname+resseq+chain,0.9997488744367387,0.19683970428292263,0.1246641744367386
CYS,8.3,8.84801837100354,44.4756,4,1,1,1,1.7843,2.7178,0.9854245035095256,2HNP,A,215,5.57,525,576,475,3,0.9920744,9.0,Existing_Structures/generated_pka/2hnp_model1.pka,resname+resseq+chain,0.02450336755033601,-0.9609211359591896,-0.967571032449664
CYS,8.3,7.52241539667422,40.6105,4,1,1,2,1.6761,2.8487,0.9981413737872996,1YPT,A,403,4.67,526,577,476,7,0.9964066,9.0,Existing_Structures/generated_pka/1ypt_model1.pka,resname+resseq+chain,0.02450336755033601,-0.9736380062369636,-0.971903232449664
HIS,6.0,28.892298654091714,-24.7763,4,1,2,1,0.189,0.6142,0.1051372103559197,1DG9,A,66,8.33,527,578,477,4,0.46023226,6.5,Existing_Structures/generated_pka/1dg9_model1.pka,resname+resseq+chain,0.8881842302218831,0.7830470198659634,0.4279519702218831
HIS,6.0,28.892298654091714,-24.7763,4,1,2,1,0.189,0.6142,0.0988131708783324,1DG9,A,66,8.36,528,579,478,4,0.46023226,6.5,Existing_Structures/generated_pka/1dg9_model1.pka,resname+resseq+chain,0.8881842302218831,0.7893710593435507,0.4279519702218831
HIS,6.0,28.892298654091714,-24.7763,4,1,2,1,0.189,0.6142,0.1141230574141507,1DG9,A,66,8.29,529,580,479,4,0.46023226,6.5,Existing_Structures/generated_pka/1dg9_model1.pka,resname+resseq+chain,0.8881842302218831,0.7740611728077323,0.4279519702218831
HIS,6.0,10.39671983383044,-23.2204,4,1,3,1,2.6126,2.9488,0.0159592718906025,1DG9,A,72,9.19,530,581,480,4,0.81014675,6.5,Existing_Structures/generated_pka/1dg9_model1.pka,resname+resseq+chain,0.8881842302218831,0.8722249583312806,0.07803748022188306
HIS,6.0,10.39671983383044,-23.2204,4,1,3,1,2.6126,2.9488,0.0159592718906025,1DG9,A,72,9.19,531,582,481,4,0.81014675,6.5,Existing_Structures/generated_pka/1dg9_model1.pka,resname+resseq+chain,0.8881842302218831,0.8722249583312806,0.07803748022188306
CYS,8.3,2.539602264148374,11.6485,1,2,0,3,0.7496,1.266,0.0382865038822547,1ST9,A,73,8.8,532,583,482,8,0.9647259,9.0,Existing_Structures/generated_pka/1st9_model1.pka,resname+resseq+chain,0.02450336755033601,-0.013783136331918688,-0.940222532449664
CYS,8.3,2.226065256198082,12.2983,1,2,0,2,0.2149,1.0496,0.9264124438824266,3C71,A,74,6.3,533,584,483,1,0.40231496,9.0,Existing_Structures/generated_pka/3c71_model1.pka,resname+resseq+chain,0.02450336755033601,-0.9019090763320906,-0.377811592449664
CYS,8.3,4.572765516552963,4.9146,1,2,0,3,0.1817,0.9917,0.5,3C73,A,74,7.4,534,585,484,7,0.7256744,9.0,Existing_Structures/generated_pka/3c73_model1.pka,resname+resseq+chain,0.02450336755033601,-0.475496632449664,-0.7011710324496641
CYS,8.3,0.9092921681893944,5.3869,1,2,0,3,0.2497,1.0633,0.0767893196971002,2H19,A,74,8.48,535,586,485,1,0.37688285,9.0,Existing_Structures/generated_pka/2h19_model1.pka,resname+resseq+chain,0.02450336755033601,-0.052285952146764195,-0.352379482449664
CYS,8.3,0.8177268017509325,-13.6272,0,2,0,3,0.2792,0.3357,0.1368068886032102,1SU9,A,76,8.2,536,587,486,3,0.5022842,9.0,Existing_Structures/generated_pka/1su9_model1.pka,resname+resseq+chain,0.02450336755033601,-0.11230352105287418,-0.47778083244966396
CYS,8.3,0.8177268017509325,-13.6272,0,2,0,3,0.2792,0.3357,0.1368068886032102,1SU9,A,76,8.2,537,588,487,3,0.5022842,9.0,Existing_Structures/generated_pka/1su9_model1.pka,resname+resseq+chain,0.02450336755033601,-0.11230352105287418,-0.47778083244966396
CYS,8.3,0.8103211685530218,5.3476,0,2,0,2,0.2633,0.5551,0.9804376961274206,3C71,A,77,5.7,538,589,488,1,0.43303466,9.0,Existing_Structures/generated_pka/3c71_model1.pka,resname+resseq+chain,0.02450336755033601,-0.9559343285770846,-0.408531292449664
CYS,8.3,0.694440636421825,2.0802,0,2,0,3,0.151,0.4652,0.4426883662377074,3C73,A,77,7.5,539,590,489,7,0.538606,9.0,Existing_Structures/generated_pka/3c73_model1.pka,resname+resseq+chain,0.02450336755033601,-0.4181849986873714,-0.514102632449664
CYS,8.3,0.4199301235113675,-0.1493,0,2,2,2,0.2847,0.4506,0.5,2H1B,A,77,7.4,540,591,490,8,0.4570715,9.0,Existing_Structures/generated_pka/2h1b_model1.pka,resname+resseq+chain,0.02450336755033601,-0.475496632449664,-0.432568132449664
CYS,8.3,0.8739265845947247,-3.055,1,2,0,3,0.438,1.4634,0.0988131708783324,2H1A,A,77,8.36,541,592,491,10,0.30616766,9.0,Existing_Structures/generated_pka/2h1a_model1.pka,resname+resseq+chain,0.02450336755033601,-0.07430980332799639,-0.281664292449664
CYS,8.3,0.8739265845947247,-3.055,1,2,0,3,0.438,1.4634,0.1118157697781168,2H1A,A,77,8.3,542,593,492,10,0.30616766,9.0,Existing_Structures/generated_pka/2h1a_model1.pka,resname+resseq+chain,0.02450336755033601,-0.08731240222778079,-0.281664292449664
GLU,4.1,27.97245391036679,-1.0462,4,3,0,5,2.8135,3.7975,0.9987426574886448,2RN2,A,6,4.5,543,594,493,7,0.9830407,4.5,Existing_Structures/generated_pka/2rn2_model1.pka,resname+resseq+chain,0.9987426574886448,0.0,0.01570195748864478
ASP,3.9,18.94996224029959,-0.314,4,1,3,5,3.5416,4.8286,0.9522732789657962,2RN2,A,10,6.1,544,595,494,7,0.9571998,3.8,Existing_Structures/generated_pka/2rn2_model1.pka,resname+resseq+chain,0.9997488744367387,0.04747559547094249,0.04254907443673861
GLU,4.1,38.93056795429784,9.4425,4,1,0,3,2.0902,2.7838,0.9998415357956376,2RN2,A,32,3.6,545,596,495,7,0.98088145,4.5,Existing_Structures/generated_pka/2rn2_model1.pka,resname+resseq+chain,0.9987426574886448,-0.0010988783069928454,0.017861207488644726
GLU,4.1,13.761970688980416,3.7824,3,1,4,1,2.9242,4.2853,0.9990009990009991,2RN2,A,48,4.4,546,597,496,7,0.790376,4.5,Existing_Structures/generated_pka/2rn2_model1.pka,resname+resseq+chain,0.9987426574886448,-0.0002583415123543764,0.2083666574886448
GLU,4.1,41.23498019377074,-4.7857,1,2,1,2,2.1225,2.8123,0.9999369082463724,2RN2,A,57,3.2,547,598,497,7,1.0004135,4.5,Existing_Structures/generated_pka/2rn2_model1.pka,resname+resseq+chain,0.9987426574886448,-0.0011942507577276107,-0.0016708425113552972
GLU,4.1,48.59596837250801,4.7692,1,2,0,3,1.6752,2.9282,0.9996838722023704,2RN2,A,61,3.9,548,599,498,7,0.9906774,4.5,Existing_Structures/generated_pka/2rn2_model1.pka,resname+resseq+chain,0.9987426574886448,-0.0009412147137256577,0.008065257488644728
HIS,6.0,80.96116738002077,-2.1128,0,1,0,2,0.0,0.0,0.7152527510491988,2RN2,A,62,7.0,549,600,499,7,0.7119215,6.5,Existing_Structures/generated_pka/2rn2_model1.pka,resname+resseq+chain,0.8881842302218831,0.17293147917268425,0.1762627302218831
GLU,4.1,60.88356562669852,6.4402,2,3,0,3,2.4721,3.3335,0.9990009990009991,2RN2,A,64,4.4,550,601,500,7,1.0046854,4.5,Existing_Structures/generated_pka/2rn2_model1.pka,resname+resseq+chain,0.9987426574886448,-0.0002583415123543764,-0.005942742511355292
ASP,3.9,34.195881223278704,-5.6503,2,1,3,4,3.8021,5.7291,0.99998415131926,2RN2,A,70,2.6,551,602,501,7,0.9211016,3.8,Existing_Structures/generated_pka/2rn2_model1.pka,resname+resseq+chain,0.9997488744367387,-0.00023527688252134027,0.07864727443673869
ASP,3.9,73.90703941154806,6.2467,1,4,1,0,1.9348,3.8563,0.9999369082463724,2RN2,A,94,3.2,553,604,502,7,1.0043032,3.8,Existing_Structures/generated_pka/2rn2_model1.pka,resname+resseq+chain,0.9997488744367387,-0.0001880338096337253,-0.004554325563261408
ASP,3.9,34.84489851688639,3.9737,1,2,2,1,2.8001,4.0524,0.9999369082463724,2RN2,A,108,3.2,555,606,503,7,0.9875535,3.8,Existing_Structures/generated_pka/2rn2_model1.pka,resname+resseq+chain,0.9997488744367387,-0.0001880338096337253,0.012195374436738682
GLU,4.1,40.71103743890961,-2.1633,1,2,1,3,3.1541,4.6297,0.9994990638291864,2RN2,A,119,4.1,557,608,504,7,0.99061644,4.5,Existing_Structures/generated_pka/2rn2_model1.pka,resname+resseq+chain,0.9987426574886448,-0.0007564063405416377,0.008126217488644727
HIS,6.0,82.82495858692174,3.5539,0,1,3,1,0.0,0.0,0.6661394245831224,2RN2,A,124,7.1,558,609,505,7,0.75979334,6.5,Existing_Structures/generated_pka/2rn2_model1.pka,resname+resseq+chain,0.8881842302218831,0.22204480563876072,0.1283908902218831
HIS,6.0,47.502191911015096,-1.3487,2,1,1,5,0.8123,1.1761,0.2402530733520421,2RN2,A,127,7.9,559,610,506,7,0.9118204,6.5,Existing_Structures/generated_pka/2rn2_model1.pka,resname+resseq+chain,0.8881842302218831,0.6479311568698409,-0.02363616977811689
GLU,4.1,21.525256796444097,9.0519,3,2,3,6,2.8597,4.1855,0.9998415357956376,2RN2,A,129,3.6,560,611,507,7,0.9949741,4.5,Existing_Structures/generated_pka/2rn2_model1.pka,resname+resseq+chain,0.9987426574886448,-0.0010988783069928454,0.003768557488644797
GLU,4.1,78.21786290063116,-0.8811,3,1,3,5,3.9474,6.116,0.9992063022218308,2RN2,A,131,4.3,561,612,508,7,0.9922297,4.5,Existing_Structures/generated_pka/2rn2_model1.pka,resname+resseq+chain,0.9987426574886448,-0.0004636447331860527,0.006512957488644777
ASP,3.9,50.71735063228087,-12.7105,2,1,3,4,3.6435,5.6502,0.9994990638291864,2RN2,A,134,4.1,562,613,509,7,0.9508174,3.8,Existing_Structures/generated_pka/2rn2_model1.pka,resname+resseq+chain,0.9997488744367387,0.0002498106075522477,0.04893147443673862
GLU,4.1,81.34844239135799,-9.1209,2,0,3,3,3.4443,5.4989,0.9992063022218308,2RN2,A,135,4.3,563,614,510,7,1.0134141,4.5,Existing_Structures/generated_pka/2rn2_model1.pka,resname+resseq+chain,0.9987426574886448,-0.0004636447331860527,-0.014671442511355326
GLU,4.1,88.46526239232716,5.215,3,0,2,1,2.1946,3.3642,0.99936944051166,2RN2,A,147,4.2,564,615,511,7,1.006128,4.5,Existing_Structures/generated_pka/2rn2_model1.pka,resname+resseq+chain,0.9987426574886448,-0.0006267830230152205,-0.007385342511355142
GLU,4.1,62.43292507441483,5.755,2,2,2,1,0.3373,1.3072,0.9990009990009991,2RN2,A,154,4.4,566,617,512,7,0.97799677,4.5,Existing_Structures/generated_pka/2rn2_model1.pka,resname+resseq+chain,0.9987426574886448,-0.0002583415123543764,0.02074588748864481
ASP,3.9,56.45221339185799,3.2916,0,0,2,1,2.4665,3.0874,0.9998619806255172,9RNT,A,3,3.54,567,619,513,5,0.9685365,3.8,Existing_Structures/generated_pka/9rnt_model1.pka,resname+resseq+chain,0.9997488744367387,-0.00011310618877857781,0.031212374436738632
ASP,3.9,37.94460305350319,2.7232,1,0,4,0,7.1955,9.6077,0.999868191701862,9RNT,A,15,3.52,568,620,514,5,0.959373,3.8,Existing_Structures/generated_pka/9rnt_model1.pka,resname+resseq+chain,0.9997488744367387,-0.00011931726512337537,0.040375874436738624
HIS,6.0,23.38609904949351,-12.4066,0,2,1,4,0.6919,0.981,0.4033708266942261,9RNT,A,27,7.57,569,621,515,5,0.5377621,6.5,Existing_Structures/generated_pka/9rnt_model1.pka,resname+resseq+chain,0.8881842302218831,0.484813403527657,0.35042213022188307
GLU,4.1,49.7874974010299,-7.6232,0,1,1,3,3.0599,4.9228,0.9840407281093976,9RNT,A,28,5.61,570,622,516,5,1.0007017,4.5,Existing_Structures/generated_pka/9rnt_model1.pka,resname+resseq+chain,0.9987426574886448,0.014701929379247192,-0.001959042511355258
ASP,3.9,52.56143197955973,-9.1817,0,1,1,3,2.6998,4.7009,0.999276088467471,9RNT,A,29,4.26,571,623,517,5,0.9771133,3.8,Existing_Structures/generated_pka/9rnt_model1.pka,resname+resseq+chain,0.9997488744367387,0.0004727859692676972,0.022635574436738692
GLU,4.1,73.66743102521475,-5.4344,0,2,1,3,1.2958,1.7358,0.9909623162617603,9RNT,A,31,5.36,572,624,518,5,0.9972788,4.5,Existing_Structures/generated_pka/9rnt_model1.pka,resname+resseq+chain,0.9987426574886448,0.007780341226884424,0.0014638574886447486
HIS,6.0,38.803246434638105,-19.1796,1,1,1,2,1.1496,1.3593,0.4769904127024377,9RNT,A,40,7.44,573,625,519,5,0.7364355,6.5,Existing_Structures/generated_pka/9rnt_model1.pka,resname+resseq+chain,0.8881842302218831,0.4111938175194454,0.15174873022188307
GLU,4.1,32.6992013515709,0.8192,0,0,1,2,2.6939,3.5046,0.9998340688469732,9RNT,A,46,3.62,574,626,520,5,0.97359985,4.5,Existing_Structures/generated_pka/9rnt_model1.pka,resname+resseq+chain,0.9987426574886448,-0.0010914113583284646,0.025142807488644725
ASP,3.9,114.45339582426466,-0.8136,0,0,1,2,1.6974,2.0153,0.999339742779612,9RNT,A,49,4.22,575,627,521,5,0.9888305,3.8,Existing_Structures/generated_pka/9rnt_model1.pka,resname+resseq+chain,0.9997488744367387,0.0004091316571266379,0.01091837443673871
GLU,4.1,11.674000918152275,5.5217,1,2,1,3,3.1347,4.9869,0.999637053723058,9RNT,A,58,3.96,576,628,522,5,0.8861991,4.5,Existing_Structures/generated_pka/9rnt_model1.pka,resname+resseq+chain,0.9987426574886448,-0.0008943962344132306,0.11254355748864475
ASP,3.9,86.19412107786812,-1.704,0,0,3,0,2.3898,2.6395,0.9996838722023704,9RNT,A,66,3.9,577,629,523,5,0.94811755,3.8,Existing_Structures/generated_pka/9rnt_model1.pka,resname+resseq+chain,0.9997488744367387,6.500223436822772e-05,0.05163132443673868
ASP,3.9,2.164492501119279,14.8153,1,0,3,2,4.7786,6.7088,0.9999998741074746,9RNT,A,76,0.5,578,630,524,5,0.93836296,3.8,Existing_Structures/generated_pka/9rnt_model1.pka,resname+resseq+chain,0.9997488744367387,-0.00025099967073594076,0.06138591443673869
GLU,4.1,46.32878834847185,16.8022,0,2,1,3,3.1175,4.2504,0.9999258744708712,9RNT,A,82,3.27,579,631,525,5,1.0054737,4.5,Existing_Structures/generated_pka/9rnt_model1.pka,resname+resseq+chain,0.9987426574886448,-0.0011832169822264538,-0.006731042511355256
HIS,6.0,27.19145741297573,-24.7918,1,1,1,3,0.8567,1.5548,0.551623547310961,9RNT,A,92,7.31,580,632,526,5,0.27891305,6.5,Existing_Structures/generated_pka/9rnt_model1.pka,resname+resseq+chain,0.8881842302218831,0.3365606829109221,0.6092711802218831
GLU,4.1,54.49132766778941,-5.982,1,0,3,2,2.182,2.2435,0.9921193161496696,9RNT,A,102,5.3,581,633,527,5,1.0107636,4.5,Existing_Structures/generated_pka/9rnt_model1.pka,resname+resseq+chain,0.9987426574886448,0.0066233413389751306,-0.012020942511355215
ASP,3.9,31.93621749535317,5.3488,1,5,1,3,3.1222,4.6449,0.9996838722023704,1DE3,A,9,3.9,582,634,528,8,1.0089036,3.8,Existing_Structures/generated_pka/1de3_model1.pka,resname+resseq+chain,0.9997488744367387,6.500223436822772e-05,-0.009154725563261357
GLU,4.1,41.57006861364224,-2.8524,1,5,1,2,2.2994,3.5528,0.9984176147191982,1DE3,A,19,4.6,583,635,529,8,1.011481,4.5,Existing_Structures/generated_pka/1de3_model1.pka,resname+resseq+chain,0.9987426574886448,0.00032504276944655963,-0.012738342511355305
GLU,4.1,42.45674973734171,8.8215,1,2,1,2,3.9439,5.8208,0.9984176147191982,1DE3,A,31,4.6,584,636,530,8,0.97980034,4.5,Existing_Structures/generated_pka/1de3_model1.pka,resname+resseq+chain,0.9987426574886448,0.00032504276944655963,0.018942317488644722
HIS,6.0,50.98738417278901,-12.5571,0,2,1,1,0.0,0.0,0.9264124438824266,1DE3,A,35,6.3,585,637,531,8,0.7950942,6.5,Existing_Structures/generated_pka/1de3_model1.pka,resname+resseq+chain,0.8881842302218831,-0.03822821366054352,0.09309003022188311
HIS,6.0,72.36049261611922,-3.3412,0,3,2,1,0.0001,0.0,0.7992399910868984,1DE3,A,36,6.8,586,638,532,8,0.84624374,6.5,Existing_Structures/generated_pka/1de3_model1.pka,resname+resseq+chain,0.8881842302218831,0.08894423913498473,0.041940490221883064
HIS,6.0,35.76694315424756,-1.1917,1,3,3,1,0.0,0.0,0.333860575416878,1DE3,A,50,7.7,588,640,533,8,0.8509875,6.5,Existing_Structures/generated_pka/1de3_model1.pka,resname+resseq+chain,0.8881842302218831,0.554323654805005,0.03719673022188308
ASP,3.9,72.57205662392894,4.3383,2,4,4,0,0.7758,1.2122,0.9992063022218308,1DE3,A,57,4.3,589,641,534,8,0.99720824,3.8,Existing_Structures/generated_pka/1de3_model1.pka,resname+resseq+chain,0.9997488744367387,0.0005425722149078327,0.002540634436738687
ASP,3.9,77.31686207967348,11.6504,2,3,5,0,1.2256,1.7482,0.9994990638291864,1DE3,A,59,4.1,590,642,535,8,1.0057036,3.8,Existing_Structures/generated_pka/1de3_model1.pka,resname+resseq+chain,0.9997488744367387,0.0002498106075522477,-0.005954725563261265
ASP,3.9,59.23522264665091,19.7086,1,4,4,0,0.4828,0.8149,0.9996838722023704,1DE3,A,75,3.9,591,643,536,8,0.9452977,3.8,Existing_Structures/generated_pka/1de3_model1.pka,resname+resseq+chain,0.9997488744367387,6.500223436822772e-05,0.054451174436738636
HIS,6.0,16.87207977360957,-26.0372,1,5,5,1,0.9286,0.8095,0.557311633762293,1DE3,A,82,7.3,593,645,537,8,0.34699613,6.5,Existing_Structures/generated_pka/1de3_model1.pka,resname+resseq+chain,0.8881842302218831,0.3308725964595901,0.541188100221883
ASP,3.9,50.28743142862863,-13.4575,0,4,4,1,1.5335,2.1386,0.9997488744367388,1DE3,A,85,3.8,594,646,538,8,1.0134463,3.8,Existing_Structures/generated_pka/1de3_model1.pka,resname+resseq+chain,0.9997488744367387,-1.1102230246251565e-16,-0.013697425563261367
HIS,6.0,37.655808505576665,-6.8846,1,5,5,0,0.8613,1.6195,0.7597469266479578,1DE3,A,92,6.9,596,648,539,8,0.6486083,6.5,Existing_Structures/generated_pka/1de3_model1.pka,resname+resseq+chain,0.8881842302218831,0.12843730357392524,0.23957593022188306
GLU,4.1,1.5592593688045489,1.5516,1,3,1,2,2.7975,4.9158,0.995013121263312,1DE3,A,96,5.1,597,649,540,8,0.7665455,4.5,Existing_Structures/generated_pka/1de3_model1.pka,resname+resseq+chain,0.9987426574886448,0.0037295362253327857,0.23219715748864478
HIS,6.0,49.99266839546448,3.2476,1,2,2,1,0.0154,0.0,0.8631931113967901,1DE3,A,104,6.6,599,651,541,8,0.89566076,6.5,Existing_Structures/generated_pka/1de3_model1.pka,resname+resseq+chain,0.8881842302218831,0.024991118825092973,-0.007476529778116858
ASP,3.9,93.93759593284496,18.1714,0,5,3,1,1.3461,2.5001,0.9998005135712784,1DE3,A,109,3.7,601,653,542,8,1.0030626,3.8,Existing_Structures/generated_pka/1de3_model1.pka,resname+resseq+chain,0.9997488744367387,-5.1639134539760434e-05,-0.0033137255632613716
GLU,4.1,79.3200821440837,9.2449,1,4,2,1,0.4268,0.9875,0.99684769081674,1DE3,A,115,4.9,602,654,543,8,0.9899226,4.5,Existing_Structures/generated_pka/1de3_model1.pka,resname+resseq+chain,0.9987426574886448,0.0018949666719048075,0.008820057488644784
HIS,6.0,7.199935081971677,1.2288,1,2,1,3,0.3423,0.6503,0.975496632449664,1DE3,A,137,5.8,603,655,544,8,0.8930207,6.5,Existing_Structures/generated_pka/1de3_model1.pka,resname+resseq+chain,0.8881842302218831,-0.08731240222778092,-0.004836469778116914
GLU,4.1,47.40552721090086,6.5445,2,5,1,3,2.1791,3.0285,0.9992063022218308,1DE3,A,140,4.3,604,656,545,8,1.0120587,4.5,Existing_Structures/generated_pka/1de3_model1.pka,resname+resseq+chain,0.9987426574886448,-0.0004636447331860527,-0.01331604251135532
GLU,4.1,97.41509547932438,5.9566,2,4,1,3,2.8873,4.4176,0.9992063022218308,1DE3,A,144,4.3,605,657,546,8,1.0103939,4.5,Existing_Structures/generated_pka/1de3_model1.pka,resname+resseq+chain,0.9987426574886448,-0.0004636447331860527,-0.011651242511355187
HIS,6.0,46.70397753160293,3.7082,0,1,0,1,0.0,0.0,0.3868631798468573,1DE3,A,150,7.6,606,658,547,8,0.7648996,6.5,Existing_Structures/generated_pka/1de3_model1.pka,resname+resseq+chain,0.8881842302218831,0.5013210503750258,0.12328463022188307
ASP,3.9,101.5049464654841,-15.4304,1,0,3,3,2.0254,2.1702,0.999890364201712,1LNI,A,1,3.44,607,659,548,7,0.94530135,,Existing_Structures/generated_pka/1lni_model1.pka,resname+resseq+chain,,,
GLU,4.1,24.885599093060733,4.1833,3,0,2,1,4.2993,4.8958,0.9958486120307296,1LNI,A,14,5.02,608,661,549,7,1.0151476,4.5,Existing_Structures/generated_pka/1lni_model1.pka,resname+resseq+chain,0.9987426574886448,0.002894045457915162,-0.01640494251135516
ASP,3.9,78.5380849057745,-0.0542,2,0,4,1,5.3264,6.7728,0.9997911140293796,1LNI,A,17,3.72,609,662,550,7,0.98928285,3.8,Existing_Structures/generated_pka/1lni_model1.pka,resname+resseq+chain,0.9997488744367387,-4.22395926409358e-05,0.010466024436738608
ASP,3.9,105.53812804046984,-9.4763,0,0,4,1,1.7225,2.4641,0.99705747478091,1LNI,A,25,4.87,610,663,551,7,0.9653331,3.8,Existing_Structures/generated_pka/1lni_model1.pka,resname+resseq+chain,0.9997488744367387,0.0026913996558286524,0.0344157744367386
TYR,10.5,31.754882355818097,-1.1623,4,0,1,2,1.597,2.656,0.0001258766942425,1LNI,A,30,11.3,611,664,552,7,-0.030173594,10.0,Existing_Structures/generated_pka/1lni_model1.pka,resname+resseq+chain,0.002505592667285737,0.0023797159730432373,0.03267918666728574
ASP,3.9,0.4487020162274504,11.9972,3,0,3,1,3.2367,5.8627,0.9999902277232888,1LNI,A,33,2.39,612,665,553,7,0.80893147,3.8,Existing_Structures/generated_pka/1lni_model1.pka,resname+resseq+chain,0.9997488744367387,-0.00024135328655017219,0.19081740443673867
GLU,4.1,61.688531387761344,8.2234,3,0,3,2,2.9689,4.5932,0.9994507609554468,1LNI,A,41,4.14,613,666,554,7,1.0006758,4.5,Existing_Structures/generated_pka/1lni_model1.pka,resname+resseq+chain,0.9987426574886448,-0.0007081034668020569,-0.0019331425113552347
TYR,10.5,79.11330302666444,0.8415,2,0,0,1,0.7813,1.0537,0.0006305594883398,1LNI,A,49,10.6,614,667,555,7,0.035786062,10.0,Existing_Structures/generated_pka/1lni_model1.pka,resname+resseq+chain,0.002505592667285737,0.0018750331789459372,-0.033280469332714266
HIS,6.0,39.6196289378772,-7.241,0,0,3,3,1.2371,1.8336,0.1188622164463019,1LNI,A,53,8.27,616,669,556,7,0.7735954,6.5,Existing_Structures/generated_pka/1lni_model1.pka,resname+resseq+chain,0.8881842302218831,0.7693220137755812,0.11458883022188304
GLU,4.1,12.66396859354312,11.4385,4,0,2,3,4.0041,4.7597,0.9998952981088288,1LNI,A,54,3.42,617,670,557,7,0.9381346,4.5,Existing_Structures/generated_pka/1lni_model1.pka,resname+resseq+chain,0.9987426574886448,-0.0011526406201840533,0.06060805748864473
GLU,4.1,79.16748624161525,-11.6004,0,0,2,3,1.1414,1.6472,0.9998825240467272,1LNI,A,74,3.47,619,672,558,7,1.0047115,4.5,Existing_Structures/generated_pka/1lni_model1.pka,resname+resseq+chain,0.9987426574886448,-0.001139866558082403,-0.00596884251135521
GLU,4.1,14.855985054881868,-10.1417,0,0,2,2,2.7805,3.864,0.9999462997042396,1LNI,A,78,3.13,620,673,559,7,0.9122069,4.5,Existing_Structures/generated_pka/1lni_model1.pka,resname+resseq+chain,0.9987426574886448,-0.00120364221559488,0.08653575748864473
ASP,3.9,11.970506288498708,-4.8634,1,0,2,3,2.7093,3.0766,0.5172625244323764,1LNI,A,79,7.37,621,674,560,7,0.88438636,3.8,Existing_Structures/generated_pka/1lni_model1.pka,resname+resseq+chain,0.9997488744367387,0.48248635000436224,0.11536251443673862
ASP,3.9,43.45070191613833,11.0798,3,0,1,2,3.1818,4.8479,0.9999592636317388,1LNI,A,84,3.01,624,677,561,7,1.0003196,3.8,Existing_Structures/generated_pka/1lni_model1.pka,resname+resseq+chain,0.9997488744367387,-0.00021038919500016018,-0.0005707255632614316
HIS,6.0,62.5075500307622,1.8141,4,0,1,2,1.3509,1.5353,0.918168175244848,1LNI,A,85,6.35,625,678,562,7,0.84593844,6.5,Existing_Structures/generated_pka/1lni_model1.pka,resname+resseq+chain,0.8881842302218831,-0.029983945022964864,0.04224579022188313
ASP,3.9,47.51464648068748,6.2233,0,0,2,1,4.3717,6.1474,0.9999510245167786,1LNI,A,93,3.09,627,680,563,7,0.9965835,3.8,Existing_Structures/generated_pka/1lni_model1.pka,resname+resseq+chain,0.9997488744367387,-0.0002021500800399867,0.0031653744367386993
GLU,4.1,38.480447880260925,5.0686,2,3,0,2,2.0904,3.1933,0.9999776132897904,7RSA,A,2,2.75,628,683,564,1,0.9913717,4.5,Existing_Structures/generated_pka/7rsa_model1.pka,resname+resseq+chain,0.9987426574886448,-0.0012349558011456319,0.007370957488644803
GLU,4.1,38.480447880260925,5.0686,2,3,0,2,2.0904,3.1933,0.9999748817666264,7RSA,A,2,2.8,629,684,565,1,0.9913717,4.5,Existing_Structures/generated_pka/7rsa_model1.pka,resname+resseq+chain,0.9987426574886448,-0.0012322242779816417,0.007370957488644803
GLU,4.1,38.480447880260925,5.0686,2,3,0,2,2.0904,3.1933,0.9999800477749496,7RSA,A,2,2.7,630,685,566,1,0.9913717,4.5,Existing_Structures/generated_pka/7rsa_model1.pka,resname+resseq+chain,0.9987426574886448,-0.0012373902863048736,0.007370957488644803
GLU,4.1,52.56127166529517,7.515,2,2,2,3,2.9986,4.3383,0.9996020512556952,7RSA,A,9,4.0,631,686,567,1,1.0060694,4.5,Existing_Structures/generated_pka/7rsa_model1.pka,resname+resseq+chain,0.9987426574886448,-0.0008593937670504648,-0.007326742511355122
GLU,4.1,52.56127166529517,7.515,2,2,2,3,2.9986,4.3383,0.9996020512556952,7RSA,A,9,4.0,632,687,568,1,1.0060694,4.5,Existing_Structures/generated_pka/7rsa_model1.pka,resname+resseq+chain,0.9987426574886448,-0.0008593937670504648,-0.007326742511355122
GLU,4.1,52.56127166529517,7.515,2,2,2,3,2.9986,4.3383,0.9996020512556952,7RSA,A,9,4.0,633,688,569,1,1.0060694,4.5,Existing_Structures/generated_pka/7rsa_model1.pka,resname+resseq+chain,0.9987426574886448,-0.0008593937670504648,-0.007326742511355122
HIS,6.0,9.00362396593595,-19.4094,4,3,3,3,2.9873,3.6907,0.9543232189603376,7RSA,A,12,6.08,634,689,570,1,0.5655709,6.5,Existing_Structures/generated_pka/7rsa_model1.pka,resname+resseq+chain,0.8881842302218831,-0.06613898873845447,0.3226133302218831
HIS,6.0,9.00362396593595,-19.4094,4,3,3,3,2.9873,3.6907,0.9590873001033208,7RSA,A,12,6.03,635,690,571,1,0.5655709,6.5,Existing_Structures/generated_pka/7rsa_model1.pka,resname+resseq+chain,0.8881842302218831,-0.07090306988143769,0.3226133302218831
HIS,6.0,9.00362396593595,-19.4094,4,3,3,3,2.9873,3.6907,0.9406490568972324,7RSA,A,12,6.2,636,691,572,1,0.5655709,6.5,Existing_Structures/generated_pka/7rsa_model1.pka,resname+resseq+chain,0.8881842302218831,-0.05246482667534935,0.3226133302218831
HIS,6.0,9.00362396593595,-19.4094,4,3,3,3,2.9873,3.6907,0.9617134961177454,7RSA,A,12,6.0,637,692,573,1,0.5655709,6.5,Existing_Structures/generated_pka/7rsa_model1.pka,resname+resseq+chain,0.8881842302218831,-0.07352926589586228,0.3226133302218831
ASP,3.9,84.87198346947736,11.3672,3,6,1,1,1.2191,1.9696,0.9999748817666264,7RSA,A,38,2.8,639,694,574,1,1.0170895,3.8,Existing_Structures/generated_pka/7rsa_model1.pka,resname+resseq+chain,0.9997488744367387,-0.0002260073298877563,-0.017340625563261325
ASP,3.9,84.87198346947736,11.3672,3,6,1,1,1.2191,1.9696,0.9998741233057576,7RSA,A,38,3.5,640,695,575,1,1.0170895,3.8,Existing_Structures/generated_pka/7rsa_model1.pka,resname+resseq+chain,0.9997488744367387,-0.00012524886901899013,-0.017340625563261325
ASP,3.9,84.87198346947736,11.3672,3,6,1,1,1.2191,1.9696,0.9999949881527824,7RSA,A,38,2.1,641,696,576,1,1.0170895,3.8,Existing_Structures/generated_pka/7rsa_model1.pka,resname+resseq+chain,0.9997488744367387,-0.0002461137160437721,-0.017340625563261325
HIS,6.0,0.0440432183843964,-37.6131,2,1,3,2,4.6299,5.1717,0.9617134961177454,7RSA,A,48,6.0,642,697,577,1,0.573038,6.5,Existing_Structures/generated_pka/7rsa_model1.pka,resname+resseq+chain,0.8881842302218831,-0.07352926589586228,0.31514623022188304
GLU,4.1,30.813658840486173,-0.3652,1,1,2,2,2.028,3.1081,0.9987426574886448,7RSA,A,49,4.5,643,698,578,1,0.96530133,4.5,Existing_Structures/generated_pka/7rsa_model1.pka,resname+resseq+chain,0.9987426574886448,0.0,0.03344132748864481
GLU,4.1,30.813658840486173,-0.3652,1,1,2,2,2.028,3.1081,0.9980087108292718,7RSA,A,49,4.7,644,699,579,1,0.96530133,4.5,Existing_Structures/generated_pka/7rsa_model1.pka,resname+resseq+chain,0.9987426574886448,0.000733946659372986,0.03344132748864481
GLU,4.1,30.813658840486173,-0.3652,1,1,2,2,2.028,3.1081,0.9992063022218308,7RSA,A,49,4.3,645,700,580,1,0.96530133,4.5,Existing_Structures/generated_pka/7rsa_model1.pka,resname+resseq+chain,0.9987426574886448,-0.0004636447331860527,0.03344132748864481
ASP,3.9,72.64557972222735,-2.634,0,2,2,2,3.9779,6.0177,0.9997488744367388,7RSA,A,53,3.8,646,701,581,1,1.005333,3.8,Existing_Structures/generated_pka/7rsa_model1.pka,resname+resseq+chain,0.9997488744367387,-1.1102230246251565e-16,-0.005584125563261377
ASP,3.9,72.64557972222735,-2.634,0,2,2,2,3.9779,6.0177,0.9996838722023704,7RSA,A,53,3.9,647,702,582,1,1.005333,3.8,Existing_Structures/generated_pka/7rsa_model1.pka,resname+resseq+chain,0.9997488744367387,6.500223436822772e-05,-0.005584125563261377
ASP,3.9,72.64557972222735,-2.634,0,2,2,2,3.9779,6.0177,0.9998005135712784,7RSA,A,53,3.7,648,703,583,1,1.005333,3.8,Existing_Structures/generated_pka/7rsa_model1.pka,resname+resseq+chain,0.9997488744367387,-5.1639134539760434e-05,-0.005584125563261377
ASP,3.9,21.329891107354577,13.6644,1,4,3,1,3.7215,4.9192,0.999900009999,7RSA,A,83,3.4,649,704,584,1,1.0145271,3.8,Existing_Structures/generated_pka/7rsa_model1.pka,resname+resseq+chain,0.9997488744367387,-0.00015113556226131752,-0.01477822556326136
ASP,3.9,21.329891107354577,13.6644,1,4,3,1,3.7215,4.9192,0.9998741233057576,7RSA,A,83,3.5,650,705,585,1,1.0145271,3.8,Existing_Structures/generated_pka/7rsa_model1.pka,resname+resseq+chain,0.9997488744367387,-0.00012524886901899013,-0.01477822556326136
ASP,3.9,21.329891107354577,13.6644,1,4,3,1,3.7215,4.9192,0.9999205734856,7RSA,A,83,3.3,651,706,586,1,1.0145271,3.8,Existing_Structures/generated_pka/7rsa_model1.pka,resname+resseq+chain,0.9997488744367387,-0.00017169904886138454,-0.01477822556326136
GLU,4.1,30.93973947006876,5.6292,2,4,1,1,3.2214,5.0094,0.9995535158449952,7RSA,A,86,4.05,652,707,587,1,1.0147766,4.5,Existing_Structures/generated_pka/7rsa_model1.pka,resname+resseq+chain,0.9987426574886448,-0.000810858356350419,-0.01603394251135526
GLU,4.1,30.93973947006876,5.6292,2,4,1,1,3.2214,5.0094,0.9994990638291864,7RSA,A,86,4.1,653,708,588,1,1.0147766,4.5,Existing_Structures/generated_pka/7rsa_model1.pka,resname+resseq+chain,0.9987426574886448,-0.0007564063405416377,-0.01603394251135526
GLU,4.1,30.93973947006876,5.6292,2,4,1,1,3.2214,5.0094,0.9996020512556952,7RSA,A,86,4.0,654,709,589,1,1.0147766,4.5,Existing_Structures/generated_pka/7rsa_model1.pka,resname+resseq+chain,0.9987426574886448,-0.0008593937670504648,-0.01603394251135526
HIS,6.0,34.862553739731936,-12.5997,0,2,1,1,0.8067,0.652,0.8430219644140362,7RSA,A,105,6.67,655,710,590,1,0.42670637,6.5,Existing_Structures/generated_pka/7rsa_model1.pka,resname+resseq+chain,0.8881842302218831,0.04516226580784688,0.4614778602218831
HIS,6.0,34.862553739731936,-12.5997,0,2,1,1,0.8067,0.652,0.7917488375081845,7RSA,A,105,6.82,656,711,591,1,0.42670637,6.5,Existing_Structures/generated_pka/7rsa_model1.pka,resname+resseq+chain,0.8881842302218831,0.09643539271369861,0.4614778602218831
HIS,6.0,34.862553739731936,-12.5997,0,2,1,1,0.8067,0.652,0.8336624691834381,7RSA,A,105,6.7,657,712,592,1,0.42670637,6.5,Existing_Structures/generated_pka/7rsa_model1.pka,resname+resseq+chain,0.8881842302218831,0.05452176103844497,0.4614778602218831
HIS,6.0,34.862553739731936,-12.5997,0,2,1,1,0.8067,0.652,0.8881842302218831,7RSA,A,105,6.5,658,713,593,1,0.42670637,6.5,Existing_Structures/generated_pka/7rsa_model1.pka,resname+resseq+chain,0.8881842302218831,0.0,0.4614778602218831
GLU,4.1,65.48997632785729,5.3006,0,1,1,1,1.6547,2.7216,0.9998741233057576,7RSA,A,111,3.5,659,714,594,1,0.9838893,4.5,Existing_Structures/generated_pka/7rsa_model1.pka,resname+resseq+chain,0.9987426574886448,-0.0011314658171128755,0.014853357488644803
GLU,4.1,65.48997632785729,5.3006,0,1,1,1,1.6547,2.7216,0.9998741233057576,7RSA,A,111,3.5,660,715,595,1,0.9838893,4.5,Existing_Structures/generated_pka/7rsa_model1.pka,resname+resseq+chain,0.9987426574886448,-0.0011314658171128755,0.014853357488644803
GLU,4.1,65.48997632785729,5.3006,0,1,1,1,1.6547,2.7216,0.9998741233057576,7RSA,A,111,3.5,661,716,596,1,0.9838893,4.5,Existing_Structures/generated_pka/7rsa_model1.pka,resname+resseq+chain,0.9987426574886448,-0.0011314658171128755,0.014853357488644803
HIS,6.0,56.90951254192237,-1.6964,1,3,1,2,0.7635,1.3423,0.9248272212397116,7RSA,A,119,6.31,662,717,597,1,0.84316516,6.5,Existing_Structures/generated_pka/7rsa_model1.pka,resname+resseq+chain,0.8881842302218831,-0.03664299101782853,0.04501907022188312
HIS,6.0,56.90951254192237,-1.6964,1,3,1,2,0.7635,1.3423,0.9215623250569782,7RSA,A,119,6.33,663,718,598,1,0.84316516,6.5,Existing_Structures/generated_pka/7rsa_model1.pka,resname+resseq+chain,0.8881842302218831,-0.03337809483509513,0.04501907022188312
HIS,6.0,56.90951254192237,-1.6964,1,3,1,2,0.7635,1.3423,0.9522732789657962,7RSA,A,119,6.1,664,719,599,1,0.84316516,6.5,Existing_Structures/generated_pka/7rsa_model1.pka,resname+resseq+chain,0.8881842302218831,-0.06408904874391308,0.04501907022188312
HIS,6.0,56.90951254192237,-1.6964,1,3,1,2,0.7635,1.3423,0.8881842302218831,7RSA,A,119,6.5,665,720,600,1,0.84316516,6.5,Existing_Structures/generated_pka/7rsa_model1.pka,resname+resseq+chain,0.8881842302218831,0.0,0.04501907022188312
ASP,3.9,7.7114171522720625,5.4659,1,5,2,1,2.7182,3.8826,0.9999553336359582,7RSA,A,121,3.05,666,721,601,1,0.8372027,3.8,Existing_Structures/generated_pka/7rsa_model1.pka,resname+resseq+chain,0.9997488744367387,-0.00020645919921957745,0.1625461744367387
ASP,3.9,7.7114171522720625,5.4659,1,5,2,1,2.7182,3.8826,0.9999498837883978,7RSA,A,121,3.1,667,722,602,1,0.8372027,3.8,Existing_Structures/generated_pka/7rsa_model1.pka,resname+resseq+chain,0.9997488744367387,-0.00020100935165912048,0.1625461744367387
ASP,3.9,7.7114171522720625,5.4659,1,5,2,1,2.7182,3.8826,0.9999601908677748,7RSA,A,121,3.0,668,723,603,1,0.8372027,3.8,Existing_Structures/generated_pka/7rsa_model1.pka,resname+resseq+chain,0.9997488744367387,-0.00021131643103611264,0.1625461744367387
ASP,3.9,88.70184456962636,9.4818,0,7,1,1,2.3036,3.1329,0.9999610969990028,1DIV,A,8,2.99,669,725,604,10,1.0034271,3.8,Existing_Structures/generated_pka/1div_model1.pka,resname+resseq+chain,0.9997488744367387,-0.0002122225622641638,-0.0036782255632612504
GLU,4.1,51.11765099969012,10.3695,0,8,1,4,2.6134,3.4325,0.999852111035564,1DIV,A,17,3.57,670,726,605,10,1.0069462,4.5,Existing_Structures/generated_pka/1div_model1.pka,resname+resseq+chain,0.9987426574886448,-0.0011094535469192701,-0.008203542511355244
ASP,3.9,86.19764542537058,8.63,0,3,1,1,2.0508,2.4708,0.9999553336359582,1DIV,A,23,3.05,671,727,606,10,1.0006456,3.8,Existing_Structures/generated_pka/1div_model1.pka,resname+resseq+chain,0.9997488744367387,-0.00020645919921957745,-0.0008967255632612581
GLU,4.1,55.26098255520494,14.9808,0,5,1,2,1.601,2.2231,0.9995636746306916,1DIV,A,38,4.04,672,728,607,10,1.0065756,4.5,Existing_Structures/generated_pka/1div_model1.pka,resname+resseq+chain,0.9987426574886448,-0.0008210171420468537,-0.007832942511355134
GLU,4.1,52.39626434835586,5.8209,1,5,0,3,3.7264,5.0751,0.9993547623713688,1DIV,A,48,4.21,673,729,608,10,1.0114135,4.5,Existing_Structures/generated_pka/1div_model1.pka,resname+resseq+chain,0.9987426574886448,-0.0006121048827240072,-0.012670842511355196
GLU,4.1,37.60676523442083,5.405,1,4,0,4,3.0452,4.4999,0.9993547623713688,1DIV,A,54,4.21,674,730,609,10,0.9992218,4.5,Existing_Structures/generated_pka/1div_model1.pka,resname+resseq+chain,0.9987426574886448,-0.0006121048827240072,-0.0004791425113552794
GLU,4.1,69.5656963509033,-2.5797,1,4,1,3,2.2534,2.8011,0.9993837849532564,1AZP,A,11,4.19,675,731,610,8,1.0142244,4.5,Existing_Structures/generated_pka/1azp_model1.pka,resname+resseq+chain,0.9987426574886448,-0.000641127464611646,-0.015481742511355256
GLU,4.1,66.31984006983656,-3.7325,1,5,1,3,1.189,1.6927,0.9989777530658436,1AZP,A,12,4.41,676,732,611,8,1.0137609,4.5,Existing_Structures/generated_pka/1azp_model1.pka,resname+resseq+chain,0.9987426574886448,-0.00023509557719880725,-0.015018242511355306
GLU,4.1,47.006126463491135,4.3079,1,5,4,3,2.2736,3.495,0.9996020512556952,1AZP,A,14,4.0,677,733,612,8,0.963889,4.5,Existing_Structures/generated_pka/1azp_model1.pka,resname+resseq+chain,0.9987426574886448,-0.0008593937670504648,0.034853657488644774
ASP,3.9,36.4463086341358,15.4834,1,5,3,2,5.673,7.7049,0.999969098000638,1AZP,A,16,2.89,678,734,613,8,1.0061326,3.8,Existing_Structures/generated_pka/1azp_model1.pka,resname+resseq+chain,0.9997488744367387,-0.00022022356389939102,-0.006383725563261278
ASP,3.9,39.96299118557199,6.2842,1,6,3,1,4.3369,5.1201,0.9998952981088288,1AZP,A,35,3.42,679,735,614,8,1.0072147,3.8,Existing_Structures/generated_pka/1azp_model1.pka,resname+resseq+chain,0.9997488744367387,-0.00014642367209016793,-0.0074658255632613635
ASP,3.9,50.32257739706571,-4.9582,1,6,3,3,3.3316,3.9386,0.9999475220080593,1AZP,A,36,3.12,680,736,615,8,0.9098983,3.8,Existing_Structures/generated_pka/1azp_model1.pka,resname+resseq+chain,0.9997488744367387,-0.00019864757132059818,0.0898505744367386
GLU,4.1,42.63048101361116,3.3856,1,4,2,3,2.9272,3.6174,0.9993547623713688,1AZP,A,47,4.21,681,737,616,8,0.988034,4.5,Existing_Structures/generated_pka/1azp_model1.pka,resname+resseq+chain,0.9987426574886448,-0.0006121048827240072,0.010708657488644802
ASP,3.9,64.65581489759022,1.3196,1,7,2,3,3.7812,4.6265,0.9998587661953428,1AZP,A,49,3.55,682,738,617,8,0.980885,3.8,Existing_Structures/generated_pka/1azp_model1.pka,resname+resseq+chain,0.9997488744367387,-0.00010989175860409706,0.018863874436738648
GLU,4.1,46.909621311011634,7.7151,3,5,3,2,2.4656,3.818,0.999865121906295,1AZP,A,53,3.53,683,739,618,8,1.011909,4.5,Existing_Structures/generated_pka/1azp_model1.pka,resname+resseq+chain,0.9987426574886448,-0.001122464417650182,-0.013166342511355178
ASP,3.9,48.80330891061169,0.2587,3,3,1,4,5.1799,6.3315,0.9999108828487612,1AZP,A,56,3.35,684,740,619,8,1.0147961,3.8,Existing_Structures/generated_pka/1azp_model1.pka,resname+resseq+chain,0.9997488744367387,-0.00016200841202251848,-0.015047225563261435
GLU,4.1,61.25079032331884,-3.8039,3,4,1,2,2.6199,4.1129,0.999611106152269,1AZP,A,62,3.99,685,741,620,8,1.0133919,4.5,Existing_Structures/generated_pka/1azp_model1.pka,resname+resseq+chain,0.9987426574886448,-0.0008684486636242328,-0.014649242511355243
GLU,4.1,73.43888374173527,3.4483,3,4,1,2,3.08,3.9771,0.9993243738039768,1AZP,A,64,4.23,686,742,621,8,0.98449475,4.5,Existing_Structures/generated_pka/1azp_model1.pka,resname+resseq+chain,0.9987426574886448,-0.0005817163153319926,0.014247907488644795
GLU,4.1,53.38615703896959,2.2569,4,2,1,3,1.572,2.458,0.9999369082463724,2CI2,I,23,3.2,687,743,622,2,1.0191691,4.5,Existing_Structures/generated_pka/2ci2_model1.pka,resname+resseq+chain,0.9987426574886448,-0.0011942507577276107,-0.02042644251135528
GLU,4.1,48.4276782888424,8.2816,1,3,1,4,1.6522,2.4454,0.9999205734856,2CI2,I,26,3.3,688,744,623,2,1.0127938,4.5,Existing_Structures/generated_pka/2ci2_model1.pka,resname+resseq+chain,0.9987426574886448,-0.00117791599695527,-0.014051142511355308
GLU,4.1,71.99158910775587,7.9082,0,3,1,2,3.2847,4.8076,0.99936944051166,2CI2,I,33,4.2,689,745,624,2,1.0004078,4.5,Existing_Structures/generated_pka/2ci2_model1.pka,resname+resseq+chain,0.9987426574886448,-0.0006267830230152205,-0.0016651425113552998
GLU,4.1,65.27199283428354,-1.7492,0,3,2,3,3.4651,5.5021,0.9997488744367388,2CI2,I,34,3.8,690,746,625,2,1.0001278,4.5,Existing_Structures/generated_pka/2ci2_model1.pka,resname+resseq+chain,0.9987426574886448,-0.0010062169480939964,-0.0013851425113552418
ASP,3.9,30.904787743708123,-1.5665,1,4,2,4,1.6624,2.6972,0.9999205734856,2CI2,I,42,3.3,691,747,626,2,1.008126,3.8,Existing_Structures/generated_pka/2ci2_model1.pka,resname+resseq+chain,0.9997488744367387,-0.00017169904886138454,-0.008377125563261423
GLU,4.1,60.43999604871463,3.2353,2,4,2,1,2.1141,3.453,0.9996838722023704,2CI2,I,45,3.9,692,748,627,2,1.0103953,4.5,Existing_Structures/generated_pka/2ci2_model1.pka,resname+resseq+chain,0.9987426574886448,-0.0009412147137256577,-0.011652642511355338
GLU,4.1,59.640786930146646,3.0443,4,0,1,1,1.046,1.5227,0.9998741233057576,2CI2,I,60,3.5,693,749,628,2,1.0194589,4.5,Existing_Structures/generated_pka/2ci2_model1.pka,resname+resseq+chain,0.9987426574886448,-0.0011314658171128755,-0.020716242511355287
ASP,3.9,31.754481209968898,19.2279,4,2,2,3,1.6797,2.7206,0.9997488744367388,2CI2,I,64,3.8,694,750,629,2,1.0132977,3.8,Existing_Structures/generated_pka/2ci2_model1.pka,resname+resseq+chain,0.9997488744367387,-1.1102230246251565e-16,-0.013548825563261424
ASP,3.9,47.570961208108415,12.9576,0,2,2,2,3.8667,4.8273,0.9999748817666264,2CI2,I,71,2.8,695,751,630,2,0.9804908,3.8,Existing_Structures/generated_pka/2ci2_model1.pka,resname+resseq+chain,0.9997488744367387,-0.0002260073298877563,0.01925807443673866
ASP,3.9,74.65915831294775,-15.3963,1,3,2,3,2.8324,3.7585,0.9960347143808476,2CI2,I,74,5.0,696,752,631,2,1.0267833,3.8,Existing_Structures/generated_pka/2ci2_model1.pka,resname+resseq+chain,0.9997488744367387,0.0037141600558910914,-0.0270344255632613
CYS,8.3,0.3297305120788461,-0.2328,2,2,2,4,0.6075,0.7945,0.7597469266479578,1AO6,A,34,6.9,697,753,632,9,0.4232439,9.0,Existing_Structures/generated_pka/1ao6_model1.pka,resname+resseq+chain,0.02450336755033601,-0.7352435590976218,-0.398740532449664
HIS,6.0,76.62032874082398,-4.1338,1,4,1,3,0.0,0.0,0.8835282880564395,1STN,A,8,6.52,698,754,633,6,0.8742219,6.5,Existing_Structures/generated_pka/1stn_model1.pka,resname+resseq+chain,0.8881842302218831,0.004655942165443627,0.01396233022188309
HIS,6.0,76.62032874082398,-4.1338,1,4,1,3,0.0,0.0,0.7917488375081845,1STN,A,8,6.82,699,755,634,6,0.8742219,6.5,Existing_Structures/generated_pka/1stn_model1.pka,resname+resseq+chain,0.8881842302218831,0.09643539271369861,0.01396233022188309
HIS,6.0,81.45891120303325,-3.4921,1,3,1,3,0.0751,0.2244,0.8811377835536983,1EY7,A,8,6.53,700,756,635,1,0.86665004,6.5,Existing_Structures/generated_pka/1ey7_model1.pka,resname+resseq+chain,0.8881842302218831,0.007046446668184769,0.021534190221883076
HIS,6.0,77.99648595312469,-6.9109,1,4,1,2,0.014,0.0705,0.9431684791599028,2QDB,A,8,6.18,701,757,636,7,0.7793714,6.5,Existing_Structures/generated_pka/2qdb_model1.pka,resname+resseq+chain,0.8881842302218831,-0.054984248938019675,0.10881283022188304
HIS,6.0,86.39781775486075,-2.5586,1,2,1,2,0.0,0.0,0.9264124438824266,2RDF,A,8,6.3,702,758,637,6,0.7835886,6.5,Existing_Structures/generated_pka/2rdf_model1.pka,resname+resseq+chain,0.8881842302218831,-0.03822821366054352,0.10459563022188312
HIS,6.0,81.45170648702057,-0.1774,1,3,1,3,0.0724,0.1771,0.8881842302218831,3D6C,A,8,6.5,703,759,638,8,0.87061054,6.5,Existing_Structures/generated_pka/3d6c_model1.pka,resname+resseq+chain,0.8881842302218831,0.0,0.017573690221883043
GLU,4.1,15.16209572406389,1.0889,1,3,2,3,1.0831,1.6117,0.9999736980118938,3BDC,A,10,2.82,704,760,639,2,1.0307207,4.5,Existing_Structures/generated_pka/3bdc_model1.pka,resname+resseq+chain,0.9987426574886448,-0.0012310405232490718,-0.031978042511355276
GLU,4.1,18.16760603163928,2.7626,1,3,2,3,0.9671,1.3715,0.9999498837883978,2RKS,A,10,3.1,705,761,640,3,0.9782386,4.5,Existing_Structures/generated_pka/2rks_model1.pka,resname+resseq+chain,0.9987426574886448,-0.0012072262997530059,0.02050405748864481
GLU,4.1,13.966301189701886,4.4983,1,3,2,3,1.2262,1.7759,0.9999498837883978,3D6C,A,10,3.1,706,762,641,8,0.9962938,4.5,Existing_Structures/generated_pka/3d6c_model1.pka,resname+resseq+chain,0.9987426574886448,-0.0012072262997530059,0.0024488574886447623
ASP,3.9,24.52686047827627,-0.2467,2,4,3,4,4.4896,6.2887,0.9999935434993964,3BDC,A,19,2.21,707,763,642,2,1.0135926,3.8,Existing_Structures/generated_pka/3bdc_model1.pka,resname+resseq+chain,0.9997488744367387,-0.000244669062657743,-0.0138437255632613
GLU,4.1,4.0598851410707,-9.5405,2,6,3,5,3.976,5.8694,0.9987426574886448,5E1F,A,20,4.5,708,764,643,2,0.32973522,4.5,Existing_Structures/generated_pka/5e1f_model1.pka,resname+resseq+chain,0.9987426574886448,0.0,0.6690074374886448
ASP,3.9,8.434951417220875,0.2136,2,5,4,4,5.9774,7.2025,0.8787049512118517,3BDC,A,21,6.54,709,765,644,2,1.001263,3.8,Existing_Structures/generated_pka/3bdc_model1.pka,resname+resseq+chain,0.9997488744367387,0.121043923224887,-0.0015141255632613593
ASP,3.9,23.40311333678427,20.8072,2,7,4,4,3.5286,4.7596,0.8881842302218831,2RKS,A,21,6.5,710,766,645,3,0.96760446,3.8,Existing_Structures/generated_pka/2rks_model1.pka,resname+resseq+chain,0.9997488744367387,0.11156464421485557,0.032144414436738655
ASP,3.9,6.401466857018595,4.626,2,7,4,5,5.213,6.5118,0.8631931113967901,3D6C,A,21,6.6,711,767,646,8,0.87837607,3.8,Existing_Structures/generated_pka/3d6c_model1.pka,resname+resseq+chain,0.9997488744367387,0.13655576303994854,0.1213728044367387
ASP,3.9,6.808934017322691,5.2079,2,4,4,3,2.8927,3.2449,0.7992399910868984,4KY5,A,23,6.8,712,768,647,5,0.8806516,3.8,Existing_Structures/generated_pka/4ky5_model1.pka,resname+resseq+chain,0.9997488744367387,0.2005088833498403,0.11909727443673868
GLU,4.1,0.0,7.2965,2,4,3,3,3.4365,3.706,0.6661394245831224,3QOL,A,23,7.1,713,769,648,9,0.57019764,4.5,Existing_Structures/generated_pka/3qol_model1.pka,resname+resseq+chain,0.9987426574886448,0.3326032329055224,0.4285450174886448
LYS,10.5,0.0,-3.1815,2,7,3,5,0.881,0.9554,0.557311633762293,3QOJ,A,23,7.3,714,770,649,10,0.9136029,10.5,Existing_Structures/generated_pka/3qoj_model1.pka,resname+resseq+chain,0.0007936977781692444,-0.5565179359841237,-0.9128092022218307
ASP,3.9,0.2336335513553328,10.5523,2,4,3,4,4.1652,5.5713,0.7992399910868984,4KY6,A,25,6.8,715,771,650,5,0.7629295,3.8,Existing_Structures/generated_pka/4ky6_model1.pka,resname+resseq+chain,0.9997488744367387,0.2005088833498403,0.23681937443673862
GLU,4.1,0.029845609173595,11.5575,2,5,2,5,3.4461,4.2588,0.4426883662377074,3EVQ,A,25,7.5,716,772,651,2,0.45374104,4.5,Existing_Structures/generated_pka/3evq_model1.pka,resname+resseq+chain,0.9987426574886448,0.5560542912509374,0.5450016174886447
LYS,10.5,0.0,-0.5724,3,9,3,5,0.0,0.0,0.9264124438824266,3ERQ,A,25,6.3,717,773,652,6,0.6209869,10.5,Existing_Structures/generated_pka/3erq_model1.pka,resname+resseq+chain,0.0007936977781692444,-0.9256187461042573,-0.6201932022218307
LYS,10.5,0.0097840363891732,0.7655,3,5,3,3,0.0,0.0,0.6661394245831224,3ITP,A,34,7.1,718,774,653,10,0.6398327,10.5,Existing_Structures/generated_pka/3itp_model1.pka,resname+resseq+chain,0.0007936977781692444,-0.6653457268049531,-0.6390390022218307
ASP,3.9,3.365909554913398,-4.937,3,3,6,4,3.2808,4.5939,0.2402530733520421,4HMJ,A,36,7.9,719,775,654,4,0.6121017,3.8,Existing_Structures/generated_pka/4hmj_model1.pka,resname+resseq+chain,0.9997488744367387,0.7594958010846966,0.3876471744367387
GLU,4.1,0.0791839101317924,-5.3777,3,3,5,5,3.3162,4.585,0.047726721034204,3TP8,A,36,8.7,720,776,655,8,0.47577778,4.5,Existing_Structures/generated_pka/3tp8_model1.pka,resname+resseq+chain,0.9987426574886448,0.9510159364544408,0.5229648774886448
LYS,10.5,0.0,-15.4297,2,7,3,6,0.8199,1.096,0.6131368201531431,3EJI,A,36,7.2,721,777,656,6,0.7521194,10.5,Existing_Structures/generated_pka/3eji_model1.pka,resname+resseq+chain,0.0007936977781692444,-0.6123431223749738,-0.7513257022218307
GLU,4.1,0.0449358566593334,-11.8792,4,4,4,5,2.3249,3.4747,0.7152527510491988,5ISR,A,38,7.0,722,778,657,5,0.27344078,4.5,Existing_Structures/generated_pka/5isr_model1.pka,resname+resseq+chain,0.9987426574886448,0.28348990643944594,0.7253018774886448
GLU,4.1,0.0449358566593334,-11.8792,4,4,4,5,2.3249,3.4747,0.7992399910868984,5ISR,A,38,6.8,723,779,658,5,0.27344078,4.5,Existing_Structures/generated_pka/5isr_model1.pka,resname+resseq+chain,0.9987426574886448,0.1995026664017464,0.7253018774886448
LYS,10.5,2.560186218231055,-27.6094,2,5,2,4,0.4456,0.6699,0.0009990009990009,2RKS,A,38,10.4,724,780,659,3,0.49642944,10.5,Existing_Structures/generated_pka/2rks_model1.pka,resname+resseq+chain,0.0007936977781692444,-0.00020530322083165548,-0.49563574222183077
ASP,3.9,0.0,-18.258,4,1,6,4,3.1818,3.793,0.1663375308165621,3SK5,A,39,8.1,725,781,660,2,0.5564693,3.8,Existing_Structures/generated_pka/3sk5_model1.pka,resname+resseq+chain,0.9997488744367387,0.8334113436201765,0.4432795744367387
ASP,3.9,46.526325301536986,-2.5966,4,2,4,4,2.9295,3.8061,0.999704966147996,3BDC,A,40,3.87,726,782,661,2,0.98658884,3.8,Existing_Structures/generated_pka/3bdc_model1.pka,resname+resseq+chain,0.9997488744367387,4.3908288742677826e-05,0.013160034436738632
ASP,3.9,69.04943762785733,4.5652,4,4,4,5,2.8628,4.3722,0.9997488744367388,2RKS,A,40,3.8,727,783,662,3,0.99548155,3.8,Existing_Structures/generated_pka/2rks_model1.pka,resname+resseq+chain,0.9997488744367387,-1.1102230246251565e-16,0.0042673244367386065
ASP,3.9,37.88539543648979,-1.6036,4,3,4,5,2.8658,4.3334,0.9996838722023704,3D6C,A,40,3.9,728,784,663,8,0.99353534,3.8,Existing_Structures/generated_pka/3d6c_model1.pka,resname+resseq+chain,0.9997488744367387,6.500223436822772e-05,0.006213534436738666
GLU,4.1,73.84876788495201,-10.8036,2,2,3,3,2.4901,3.7932,0.9991689274849066,3BDC,A,43,4.32,729,785,664,2,0.97199893,4.5,Existing_Structures/generated_pka/3bdc_model1.pka,resname+resseq+chain,0.9987426574886448,-0.00042626999626182993,0.02674372748864473
GLU,4.1,45.95860863277376,-5.0082,2,5,3,3,3.5124,5.1344,0.9987426574886448,2RKS,A,43,4.5,730,786,665,3,1.0052404,4.5,Existing_Structures/generated_pka/2rks_model1.pka,resname+resseq+chain,0.9987426574886448,0.0,-0.0064977425113551535
GLU,4.1,28.15827672543894,-5.8034,2,5,3,3,2.6434,4.5735,0.9990009990009991,3D6C,A,43,4.4,731,787,666,8,0.92836505,4.5,Existing_Structures/generated_pka/3d6c_model1.pka,resname+resseq+chain,0.9987426574886448,-0.0002583415123543764,0.07037760748864474
HIS,6.0,24.089950397799733,21.393,2,4,3,2,0.8011,1.1187,0.9719681328483034,1STN,A,46,5.86,732,788,667,6,0.9340962,6.5,Existing_Structures/generated_pka/1stn_model1.pka,resname+resseq+chain,0.8881842302218831,-0.08378390262642033,-0.04591196977811696
HIS,6.0,24.089950397799733,21.393,2,4,3,2,0.8011,1.1187,0.975496632449664,1STN,A,46,5.8,733,789,668,6,0.9340962,6.5,Existing_Structures/generated_pka/1stn_model1.pka,resname+resseq+chain,0.8881842302218831,-0.08731240222778092,-0.04591196977811696
HIS,6.0,58.28462748404518,16.2891,2,4,3,2,0.0,0.0,0.8904506387229247,1EY7,A,46,6.49,734,790,669,1,0.8788109,6.5,Existing_Structures/generated_pka/1ey7_model1.pka,resname+resseq+chain,0.8881842302218831,-0.00226640850104165,0.009373330221883136
GLU,4.1,60.34897216709122,-2.3475,0,2,3,3,2.6726,3.8816,0.9996612706203316,3BDC,A,52,3.93,735,793,670,2,0.995409,4.5,Existing_Structures/generated_pka/3bdc_model1.pka,resname+resseq+chain,0.9987426574886448,-0.0009186131316868407,0.003333657488644781
GLU,4.1,29.915907396388143,1.7697,0,5,2,3,2.4024,3.577,0.9994990638291864,2RKS,A,52,4.1,736,794,671,3,0.9863989,4.5,Existing_Structures/generated_pka/2rks_model1.pka,resname+resseq+chain,0.9987426574886448,-0.0007564063405416377,0.012343757488644802
GLU,4.1,43.08131973782153,-0.7134,0,5,3,3,2.5412,3.9421,0.9996020512556952,3D6C,A,52,4.0,737,795,672,8,1.0047024,4.5,Existing_Structures/generated_pka/3d6c_model1.pka,resname+resseq+chain,0.9987426574886448,-0.0008593937670504648,-0.005959742511355226
GLU,4.1,60.66346397930997,0.929,0,3,3,3,2.5637,3.4708,0.9998769882566692,3BDC,A,57,3.49,738,796,673,2,0.99969774,4.5,Existing_Structures/generated_pka/3bdc_model1.pka,resname+resseq+chain,0.9987426574886448,-0.001134330768024383,-0.0009550825113552319
GLU,4.1,62.1291730043808,7.4064,0,4,3,3,2.8157,4.9979,0.9998415357956376,2RKS,A,57,3.6,739,797,674,3,1.0022554,4.5,Existing_Structures/generated_pka/2rks_model1.pka,resname+resseq+chain,0.9987426574886448,-0.0010988783069928454,-0.003512742511355138
GLU,4.1,61.79361851069963,6.1311,0,3,3,3,2.5672,4.0115,0.9998415357956376,3D6C,A,57,3.6,740,798,675,8,1.0036995,4.5,Existing_Structures/generated_pka/3d6c_model1.pka,resname+resseq+chain,0.9987426574886448,-0.0010988783069928454,-0.004956842511355197
ASP,3.9,1.3872997283462802,-16.4873,2,4,4,4,4.1294,6.6516,0.7992399910868984,5I6W,A,58,6.8,741,799,676,8,0.5884638,3.8,Existing_Structures/generated_pka/5i6w_model1.pka,resname+resseq+chain,0.9997488744367387,0.2005088833498403,0.4112850744367387
ASP,3.9,0.4688307019003083,-9.1392,2,5,4,3,3.4262,5.4771,0.0382865038822547,5IIF,A,62,8.8,742,800,677,10,0.34136918,3.8,Existing_Structures/generated_pka/5iif_model1.pka,resname+resseq+chain,0.9997488744367387,0.9614623705544839,0.6583796944367386
GLU,4.1,0.3211890308009835,-5.1458,2,5,3,4,3.3164,5.5004,0.333860575416878,6EEG,A,62,7.7,743,801,678,5,0.24293688,4.5,Existing_Structures/generated_pka/6eeg_model1.pka,resname+resseq+chain,0.9987426574886448,0.6648820820717667,0.7558057774886447
LYS,10.5,0.1140694162941679,-10.1874,2,6,3,5,1.8827,2.5038,0.1663375308165621,3DMU,A,62,8.1,744,802,679,4,0.49132732,10.5,Existing_Structures/generated_pka/3dmu_model1.pka,resname+resseq+chain,0.0007936977781692444,-0.16554383303839287,-0.4905336222218308
ASP,3.9,1.490615479129248,-8.3442,0,7,4,3,2.2768,4.5772,0.047726721034204,2OXP,A,66,8.7,745,803,680,10,0.2710668,3.8,Existing_Structures/generated_pka/2oxp_model1.pka,resname+resseq+chain,0.9997488744367387,0.9520221534025346,0.7286820744367386
GLU,4.1,0.6659937908928637,-7.3484,0,7,3,4,2.0614,3.8229,0.0735875561175735,5EGT,A,66,8.5,746,804,681,3,0.28255585,4.5,Existing_Structures/generated_pka/5egt_model1.pka,resname+resseq+chain,0.9987426574886448,0.9251551013710713,0.7161868074886448
LYS,10.5,0.0,-5.2212,1,8,3,4,1.1645,1.3709,0.9843983377581704,3HZX,A,66,5.6,747,805,682,3,0.78593254,10.5,Existing_Structures/generated_pka/3hzx_model1.pka,resname+resseq+chain,0.0007936977781692444,-0.9836046399800011,-0.7851388422218307
GLU,4.1,42.88386234357608,-0.7269,0,7,2,2,2.1621,3.8336,0.9997709657034494,3BDC,A,67,3.76,748,806,683,2,0.99041724,4.5,Existing_Structures/generated_pka/3bdc_model1.pka,resname+resseq+chain,0.9987426574886448,-0.0010283082148045963,0.008325417488644793
GLU,4.1,48.25195083325874,-2.5135,0,7,2,2,1.725,3.5204,0.9996838722023704,2RKS,A,67,3.9,749,807,684,3,1.0001308,4.5,Existing_Structures/generated_pka/2rks_model1.pka,resname+resseq+chain,0.9987426574886448,-0.0009412147137256577,-0.001388142511355217
GLU,4.1,43.29375217670165,-0.6071,0,7,2,2,2.3485,4.1553,0.9997488744367388,3D6C,A,67,3.8,750,808,685,8,0.98625207,4.5,Existing_Structures/generated_pka/3d6c_model1.pka,resname+resseq+chain,0.9987426574886448,-0.0010062169480939964,0.012490587488644733
ASP,3.9,4.6391287937970365,-11.9956,0,9,2,4,2.4951,3.5477,0.333860575416878,4EQP,A,72,7.7,751,809,686,1,0.50252485,3.8,Existing_Structures/generated_pka/4eqp_model1.pka,resname+resseq+chain,0.9997488744367387,0.6658882990198607,0.49722402443673863
GLU,4.1,11.727283479927006,-10.2335,0,9,1,5,2.3839,2.9693,0.557311633762293,3ERO,A,72,7.3,752,810,687,7,0.76001996,4.5,Existing_Structures/generated_pka/3ero_model1.pka,resname+resseq+chain,0.9987426574886448,0.4414310237263518,0.23872269748864472
LYS,10.5,24.02710750573512,-23.6837,0,8,1,3,1.2145,2.9928,0.0593509431027676,2RBM,A,72,8.6,753,811,688,2,0.20226412,10.5,Existing_Structures/generated_pka/2rbm_model1.pka,resname+resseq+chain,0.0007936977781692444,-0.058557245324598356,-0.20147042222183076
GLU,4.1,17.96561815548147,-1.8344,0,6,1,3,3.044,4.1247,0.9999187235547812,3BDC,A,73,3.31,754,812,689,2,0.9478538,4.5,Existing_Structures/generated_pka/3bdc_model1.pka,resname+resseq+chain,0.9987426574886448,-0.0011760660661364053,0.0508888574886448
GLU,4.1,34.69579636015647,-3.5264,0,6,2,3,2.4373,2.9884,0.9999205734856,2RKS,A,73,3.3,755,813,690,3,1.0051538,4.5,Existing_Structures/generated_pka/2rks_model1.pka,resname+resseq+chain,0.9987426574886448,-0.00117791599695527,-0.006411142511355217
GLU,4.1,37.49663266559577,-5.7434,0,6,1,4,3.2023,3.7463,0.999900009999,3D6C,A,73,3.4,756,814,691,8,0.88764566,4.5,Existing_Structures/generated_pka/3d6c_model1.pka,resname+resseq+chain,0.9987426574886448,-0.001157352510355203,0.11109699748864477
ASP,3.9,0.1346824717354865,-17.6823,2,5,3,3,3.0409,3.6065,0.1118157697781168,4KY7,A,74,8.3,757,815,692,2,0.37201276,3.8,Existing_Structures/generated_pka/4ky7_model1.pka,resname+resseq+chain,0.9997488744367387,0.8879331046586219,0.6277361144367386
LYS,10.5,2.461791586201955,-7.9876,3,5,1,3,0.6965,0.9307,0.5,3RUZ,A,74,7.4,758,816,693,10,-0.082817964,10.5,Existing_Structures/generated_pka/3ruz_model1.pka,resname+resseq+chain,0.0007936977781692444,-0.49920630222183077,0.08361166177816924
GLU,4.1,7.546720711007837,-1.1032,2,5,1,4,2.2349,2.7526,0.9999275616516868,3BDC,A,75,3.26,759,817,694,2,1.007705,4.5,Existing_Structures/generated_pka/3bdc_model1.pka,resname+resseq+chain,0.9987426574886448,-0.0011849041630420665,-0.008962342511355303
GLU,4.1,9.149942229064086,-0.6862,2,5,1,5,2.4775,2.988,0.9999205734856,3D6C,A,75,3.3,760,818,695,8,0.9297902,4.5,Existing_Structures/generated_pka/3d6c_model1.pka,resname+resseq+chain,0.9987426574886448,-0.00117791599695527,0.06895245748864476
ASP,3.9,0.0,-10.8043,3,4,4,5,2.623,3.7402,0.4426883662377074,5J1Z,A,90,7.5,763,821,696,6,0.40646693,3.8,Existing_Structures/generated_pka/5j1z_model1.pka,resname+resseq+chain,0.9997488744367387,0.5570605081990312,0.5932819444367387
GLU,4.1,0.0,-11.9729,3,3,3,6,2.268,3.0271,0.9090909090909092,5I6Y,A,90,6.4,764,822,697,5,0.3164574,4.5,Existing_Structures/generated_pka/5i6y_model1.pka,resname+resseq+chain,0.9987426574886448,0.0896517483977356,0.6822852574886448
ASP,3.9,1.4644038951480487,-26.122,3,4,4,5,2.2444,2.6232,0.8631931113967901,5JAV,A,91,6.6,765,823,698,4,0.42827135,3.8,Existing_Structures/generated_pka/5jav_model1.pka,resname+resseq+chain,0.9997488744367387,0.13655576303994854,0.5714775244367387
GLU,4.1,1.701074502758364,-7.003,3,4,3,6,2.268,2.885,0.6661394245831224,3D4D,A,91,7.1,766,824,699,2,0.61057204,4.5,Existing_Structures/generated_pka/3d4d_model1.pka,resname+resseq+chain,0.9987426574886448,0.3326032329055224,0.3881706174886448
ASP,3.9,4.431003339584378,-11.4377,1,4,5,5,2.5938,3.0568,0.4426883662377074,2OEO,A,92,7.5,767,825,700,9,0.6403572,3.8,Existing_Structures/generated_pka/2oeo_model1.pka,resname+resseq+chain,0.9997488744367387,0.5570605081990312,0.3593916744367387
GLU,4.1,2.624267732479059,-12.0278,2,5,4,6,2.7158,3.238,0.024503367550336,5KIX,A,92,9.0,768,826,701,7,0.57331955,4.5,Existing_Structures/generated_pka/5kix_model1.pka,resname+resseq+chain,0.9987426574886448,0.9742392899383088,0.42542310748864476
LYS,10.5,1.6592623112960134,-4.1813,1,9,3,5,0.0053,0.0292,0.9921193161496696,5E3F,A,92,5.3,769,827,702,6,0.60426235,10.5,Existing_Structures/generated_pka/5e3f_model1.pka,resname+resseq+chain,0.0007936977781692444,-0.9913256183715004,-0.6034686522218307
ASP,3.9,47.485502000707214,8.2089,0,5,1,3,3.6868,4.6947,0.9999942456337396,3BDC,A,95,2.16,770,828,703,2,0.99476844,3.8,Existing_Structures/generated_pka/3bdc_model1.pka,resname+resseq+chain,0.9997488744367387,-0.0002453711970009653,0.004980434436738679
ASP,3.9,48.69914695788265,9.0898,0,5,1,3,3.908,4.826,0.9999949881527824,2RKS,A,95,2.1,771,829,704,3,1.0061265,3.8,Existing_Structures/generated_pka/2rks_model1.pka,resname+resseq+chain,0.9997488744367387,-0.0002461137160437721,-0.006377625563261269
ASP,3.9,38.80100988484653,8.6221,0,5,1,3,3.6591,4.3662,0.999992056780748,3D6C,A,95,2.3,772,830,705,8,1.0038059,3.8,Existing_Structures/generated_pka/3d6c_model1.pka,resname+resseq+chain,0.9997488744367387,-0.00024318234400932948,-0.004057025563261263
GLU,4.1,0.0960336739921597,2.3803,2,6,4,6,3.6349,4.9525,0.0909090909090909,3TP7,A,99,8.4,773,831,706,7,0.51039475,4.5,Existing_Structures/generated_pka/3tp7_model1.pka,resname+resseq+chain,0.9987426574886448,0.9078335665795538,0.48834790748864476
LYS,10.5,0.2333419555976398,-4.3156,1,8,3,4,1.4587,2.3429,0.8881842302218831,4HMI,A,99,6.5,774,832,707,9,0.53339756,10.5,Existing_Structures/generated_pka/4hmi_model1.pka,resname+resseq+chain,0.0007936977781692444,-0.8873905324437138,-0.5326038622218308
ASP,3.9,0.0,-0.8375,3,4,5,5,2.5966,3.9595,0.7992399910868984,5DEH,A,100,6.8,775,833,708,3,0.4086565,3.8,Existing_Structures/generated_pka/5deh_model1.pka,resname+resseq+chain,0.9997488744367387,0.2005088833498403,0.5910923744367387
GLU,4.1,40.838143826871736,7.0318,3,4,2,4,2.5629,4.0295,0.99974302647409,3BDC,A,101,3.81,776,834,709,2,1.0055735,4.5,Existing_Structures/generated_pka/3bdc_model1.pka,resname+resseq+chain,0.9987426574886448,-0.0010003689854451991,-0.0068308425113551285
GLU,4.1,37.53931299400383,11.4166,3,5,2,4,2.9224,4.2573,0.9996838722023704,2RKS,A,101,3.9,777,835,710,3,1.0105139,4.5,Existing_Structures/generated_pka/2rks_model1.pka,resname+resseq+chain,0.9987426574886448,-0.0009412147137256577,-0.011771242511355307
GLU,4.1,42.1202071717235,2.3967,3,4,2,5,2.6419,4.6286,0.9996838722023704,3D6C,A,101,3.9,778,836,711,8,0.99395347,4.5,Existing_Structures/generated_pka/3d6c_model1.pka,resname+resseq+chain,0.9987426574886448,-0.0009412147137256577,0.004789187488644764
LYS,10.5,0.0343793011595753,,2,6,3,5,1.5722,2.0361,0.1368068886032102,3E5S,A,103,8.2,779,837,712,3,0.54212546,10.5,Existing_Structures/generated_pka/3e5s_model1.pka,resname+resseq+chain,0.0007936977781692444,-0.13601319082504096,-0.5413317622218307
ASP,3.9,0.0,-4.2475,3,6,3,5,3.8709,6.4884,0.0049868787366879,3P75,A,104,9.7,780,838,713,1,0.43885756,3.8,Existing_Structures/generated_pka/3p75_model1.pka,resname+resseq+chain,0.9997488744367387,0.9947619957000507,0.5608913144367387
GLU,4.1,0.0,-10.8206,3,6,2,6,4.1511,5.9829,0.0099009900990099,3H6M,A,104,9.4,781,839,714,8,0.29730016,4.5,Existing_Structures/generated_pka/3h6m_model1.pka,resname+resseq+chain,0.9987426574886448,0.9888416673896349,0.7014424974886448
LYS,10.5,0.0,-24.3598,3,5,2,3,1.5789,2.3754,0.333860575416878,3C1F,A,104,7.7,782,840,715,3,0.5150777,10.5,Existing_Structures/generated_pka/3c1f_model1.pka,resname+resseq+chain,0.0007936977781692444,-0.3330668776387088,-0.5142840022218307
GLU,4.1,2.545598186929544,-10.9486,3,3,3,6,1.8541,2.6611,0.2402530733520421,4YIJ,A,109,7.9,783,841,716,4,0.6600737,4.5,Existing_Structures/generated_pka/4yij_model1.pka,resname+resseq+chain,0.9987426574886448,0.7584895841366026,0.3386689574886448
ASP,3.9,8.339170542657554,-8.1983,2,2,3,2,3.109,3.9296,0.7152527510491988,5KGU,A,118,7.0,784,842,717,4,0.88695717,3.8,Existing_Structures/generated_pka/5kgu_model1.pka,resname+resseq+chain,0.9997488744367387,0.2844961233875398,0.1127917044367387
HIS,6.0,25.52818105171583,-1.4308,1,5,1,3,1.5482,1.7326,0.9921193161496696,1STN,A,121,5.3,785,843,718,6,0.88966936,6.5,Existing_Structures/generated_pka/1stn_model1.pka,resname+resseq+chain,0.8881842302218831,-0.10393508592778655,-0.0014851297781168782
HIS,6.0,25.405318862319305,-3.7151,1,4,1,3,1.1302,1.1631,0.9929703085603608,1EY7,A,121,5.25,786,844,719,1,0.9651407,6.5,Existing_Structures/generated_pka/1ey7_model1.pka,resname+resseq+chain,0.8881842302218831,-0.10478607833847775,-0.07695646977811688
HIS,6.0,24.645801377476182,1.9744,1,5,1,2,1.4142,1.1954,0.9995736023736926,2QDB,A,121,4.03,787,845,720,7,0.9870984,6.5,Existing_Structures/generated_pka/2qdb_model1.pka,resname+resseq+chain,0.8881842302218831,-0.11138937215180955,-0.09891416977811696
HIS,6.0,25.96496539700226,3.0569,1,4,1,2,2.6131,2.7693,0.9993086473282712,2RDF,A,121,4.24,788,846,721,6,0.97654843,6.5,Existing_Structures/generated_pka/2rdf_model1.pka,resname+resseq+chain,0.8881842302218831,-0.1111244171063881,-0.08836419977811694
HIS,6.0,21.868437145059605,-13.1207,1,4,1,4,1.7038,1.646,0.9804376961274206,3D6C,A,121,5.7,789,847,722,8,0.6763553,6.5,Existing_Structures/generated_pka/3d6c_model1.pka,resname+resseq+chain,0.8881842302218831,-0.09225346590553751,0.2118289302218831
GLU,4.1,25.33088657712264,6.5298,1,4,2,4,3.7797,5.9672,0.9996910659265044,3BDC,A,122,3.89,790,848,723,2,1.0054008,4.5,Existing_Structures/generated_pka/3bdc_model1.pka,resname+resseq+chain,0.9987426574886448,-0.0009484084378595936,-0.006658142511355325
GLU,4.1,33.946273921988926,27.8149,1,5,2,4,2.9632,4.4619,0.9996838722023704,2RKS,A,122,3.9,791,849,724,3,1.0120926,4.5,Existing_Structures/generated_pka/2rks_model1.pka,resname+resseq+chain,0.9987426574886448,-0.0009412147137256577,-0.013349942511355128
GLU,4.1,27.896250840331653,-24.5883,1,4,2,5,3.3903,4.8178,0.9996838722023704,3D6C,A,122,3.9,792,850,725,8,0.6481646,4.5,Existing_Structures/generated_pka/3d6c_model1.pka,resname+resseq+chain,0.9987426574886448,-0.0009412147137256577,0.3505780574886448
HIS,6.0,61.6334467036599,-0.8123,2,3,0,4,0.8562,0.9524,0.9790678994786604,1STN,A,124,5.73,793,851,726,6,0.8450781,6.5,Existing_Structures/generated_pka/1stn_model1.pka,resname+resseq+chain,0.8881842302218831,-0.09088366925677727,0.04310613022188303
HIS,6.0,61.6334467036599,-0.8123,2,3,0,4,0.8562,0.9524,0.9625523674635552,1STN,A,124,5.99,794,852,727,6,0.8450781,6.5,Existing_Structures/generated_pka/1stn_model1.pka,resname+resseq+chain,0.8881842302218831,-0.07436813724167213,0.04310613022188303
HIS,6.0,56.61069147755785,-1.7925,2,3,0,4,0.8538,1.1059,0.979991148859336,1EY7,A,124,5.71,795,853,728,1,0.89215094,6.5,Existing_Structures/generated_pka/1ey7_model1.pka,resname+resseq+chain,0.8881842302218831,-0.09180691863745294,-0.003966709778116861
HIS,6.0,59.10862063616153,-1.5554,2,3,0,3,0.3367,0.5368,0.979991148859336,2QDB,A,124,5.71,796,854,729,7,0.89466655,6.5,Existing_Structures/generated_pka/2qdb_model1.pka,resname+resseq+chain,0.8881842302218831,-0.09180691863745294,-0.006482319778116863
HIS,6.0,60.03686920651901,-3.7012,2,3,1,3,0.5395,0.5858,0.9829188284532066,2RDF,A,124,5.64,797,855,730,6,0.8273254,6.5,Existing_Structures/generated_pka/2rdf_model1.pka,resname+resseq+chain,0.8881842302218831,-0.09473459823132346,0.0608588302218831
LYS,10.5,0.0,-8.5178,3,7,3,5,0.6952,1.2157,0.9406490568972324,3C1E,A,125,6.2,798,856,731,5,0.59170395,10.5,Existing_Structures/generated_pka/3c1e_model1.pka,resname+resseq+chain,0.0007936977781692444,-0.9398553591190631,-0.5909102522218307
GLU,4.1,16.006647425141928,11.3537,2,5,1,4,3.4959,5.2624,0.9997761779936488,3BDC,A,129,3.75,799,857,732,2,1.0010915,4.5,Existing_Structures/generated_pka/3bdc_model1.pka,resname+resseq+chain,0.9987426574886448,-0.0010335205050040486,-0.0023488425113552536
GLU,4.1,18.73982119268437,10.0104,2,6,1,4,4.0159,5.7928,0.9997488744367388,2RKS,A,129,3.8,800,858,733,3,1.0188378,4.5,Existing_Structures/generated_pka/2rks_model1.pka,resname+resseq+chain,0.9987426574886448,-0.0010062169480939964,-0.020095142511355246
GLU,4.1,15.950664864066502,8.1444,2,5,1,5,3.4777,4.5959,0.9997488744367388,3D6C,A,129,3.8,801,859,734,8,0.9799124,4.5,Existing_Structures/generated_pka/3d6c_model1.pka,resname+resseq+chain,0.9987426574886448,-0.0010062169480939964,0.018830257488644753
GLU,4.1,40.24317844004614,1.9564,2,4,0,2,2.4907,4.202,0.9997709657034494,3BDC,A,135,3.76,802,860,735,2,0.9995185,4.5,Existing_Structures/generated_pka/3bdc_model1.pka,resname+resseq+chain,0.9987426574886448,-0.0010283082148045963,-0.000775842511355207
GLU,4.1,41.2280770732316,2.6884,1,4,0,2,3.0215,4.5145,0.9996838722023704,2RKS,A,135,3.9,803,861,736,3,1.0005119,4.5,Existing_Structures/generated_pka/2rks_model1.pka,resname+resseq+chain,0.9987426574886448,-0.0009412147137256577,-0.0017692425113552401
GLU,4.1,39.89438339931612,1.4301,2,4,0,2,2.8792,4.5301,0.9997488744367388,3D6C,A,135,3.8,804,862,737,8,1.0000414,4.5,Existing_Structures/generated_pka/3d6c_model1.pka,resname+resseq+chain,0.9987426574886448,-0.0010062169480939964,-0.0012987425113551998
GLU,4.1,69.6791013300602,-1.6543,1,4,0,4,1.5785,2.3788,0.9994115028774412,1BNZ,A,11,4.17,807,875,738,9,1.0066612,4.5,Existing_Structures/generated_pka/1bnz_model1.pka,resname+resseq+chain,0.9987426574886448,-0.000668845388796413,-0.007918542511355153
GLU,4.1,69.6791013300602,-1.6543,1,4,0,4,1.5785,2.3788,0.9998741233057576,1BNZ,A,11,3.5,808,876,739,9,1.0066612,4.5,Existing_Structures/generated_pka/1bnz_model1.pka,resname+resseq+chain,0.9987426574886448,-0.0011314658171128755,-0.007918542511355153
GLU,4.1,52.62416507081562,-1.2736,1,4,0,3,1.7281,2.2104,0.9991495857816872,1BNZ,A,12,4.33,809,877,740,9,0.9796553,4.5,Existing_Structures/generated_pka/1bnz_model1.pka,resname+resseq+chain,0.9987426574886448,-0.00040692829304245226,0.019087357488644763
GLU,4.1,52.62416507081562,-1.2736,1,4,0,3,1.7281,2.2104,0.9998741233057576,1BNZ,A,12,3.5,810,878,741,9,0.9796553,4.5,Existing_Structures/generated_pka/1bnz_model1.pka,resname+resseq+chain,0.9987426574886448,-0.0011314658171128755,0.019087357488644763
ASP,3.9,76.14802967778961,14.6647,0,5,2,3,3.4439,4.2667,0.999983404406344,1BNZ,A,16,2.62,812,880,742,9,1.0027432,3.8,Existing_Structures/generated_pka/1bnz_model1.pka,resname+resseq+chain,0.9997488744367387,-0.0002345299696053793,-0.002994325563261402
ASP,3.9,76.14802967778961,14.6647,0,5,2,3,3.4439,4.2667,0.9999683782233666,1BNZ,A,16,2.9,813,881,743,9,1.0027432,3.8,Existing_Structures/generated_pka/1bnz_model1.pka,resname+resseq+chain,0.9997488744367387,-0.00021950378662793923,-0.002994325563261402
ASP,3.9,36.509749968217015,10.2256,1,5,2,2,2.0238,2.2635,0.9999813794753638,1BNZ,A,35,2.67,816,884,744,9,1.0006616,3.8,Existing_Structures/generated_pka/1bnz_model1.pka,resname+resseq+chain,0.9997488744367387,-0.0002325050386251526,-0.0009127255632612741
ASP,3.9,36.509749968217015,10.2256,1,5,2,2,2.0238,2.2635,0.99998415131926,1BNZ,A,35,2.6,817,885,745,9,1.0006616,3.8,Existing_Structures/generated_pka/1bnz_model1.pka,resname+resseq+chain,0.9997488744367387,-0.00023527688252134027,-0.0009127255632612741
GLU,4.1,34.66416344664273,-4.3811,1,5,2,2,1.1396,1.2734,0.9969192250721745,1BNZ,A,36,4.89,818,886,746,9,0.9880316,4.5,Existing_Structures/generated_pka/1bnz_model1.pka,resname+resseq+chain,0.9987426574886448,0.0018234324164703164,0.01071105748864476
GLU,4.1,34.66416344664273,-4.3811,1,5,2,2,1.1396,1.2734,0.99009900990099,1BNZ,A,36,5.4,819,887,747,9,0.9880316,4.5,Existing_Structures/generated_pka/1bnz_model1.pka,resname+resseq+chain,0.9987426574886448,0.00864364758765479,0.01071105748864476
GLU,4.1,49.380946880855966,6.389,1,4,1,3,3.5438,4.5871,0.9995736023736926,1BNZ,A,48,4.03,820,888,748,9,1.0108436,4.5,Existing_Structures/generated_pka/1bnz_model1.pka,resname+resseq+chain,0.9987426574886448,-0.0008309448850478685,-0.012100942511355295
GLU,4.1,49.380946880855966,6.389,1,4,1,3,3.5438,4.5871,0.9998741233057576,1BNZ,A,48,3.5,821,889,749,9,1.0108436,4.5,Existing_Structures/generated_pka/1bnz_model1.pka,resname+resseq+chain,0.9987426574886448,-0.0011314658171128755,-0.012100942511355295
ASP,3.9,63.17173898544828,-4.8107,1,6,1,4,2.5288,3.6967,0.9998587661953428,1BNZ,A,50,3.55,822,890,750,9,1.0049467,3.8,Existing_Structures/generated_pka/1bnz_model1.pka,resname+resseq+chain,0.9997488744367387,-0.00010989175860409706,-0.005197825563261427
ASP,3.9,63.17173898544828,-4.8107,1,6,1,4,2.5288,3.6967,0.9999601908677748,1BNZ,A,50,3.0,823,891,751,9,1.0049467,3.8,Existing_Structures/generated_pka/1bnz_model1.pka,resname+resseq+chain,0.9997488744367387,-0.00021131643103611264,-0.005197825563261427
GLU,4.1,20.7423623797461,22.03,1,5,2,3,3.9559,5.0965,0.9998554769128672,1BNZ,A,54,3.56,824,892,752,9,1.0137041,4.5,Existing_Structures/generated_pka/1bnz_model1.pka,resname+resseq+chain,0.9987426574886448,-0.0011128194242224776,-0.014961442511355227
GLU,4.1,20.7423623797461,22.03,1,5,2,3,3.9559,5.0965,0.9999369082463724,1BNZ,A,54,3.2,825,893,753,9,1.0137041,4.5,Existing_Structures/generated_pka/1bnz_model1.pka,resname+resseq+chain,0.9987426574886448,-0.0011942507577276107,-0.014961442511355227
GLU,4.1,80.31968708408894,4.1146,1,6,0,3,2.2446,3.346,0.9993086473282712,1BNZ,A,60,4.24,826,894,754,9,1.0068604,4.5,Existing_Structures/generated_pka/1bnz_model1.pka,resname+resseq+chain,0.9987426574886448,-0.0005659898396264129,-0.00811774251135533
GLU,4.1,80.31968708408894,4.1146,1,6,0,3,2.2446,3.346,0.9994990638291864,1BNZ,A,60,4.1,827,895,755,9,1.0068604,4.5,Existing_Structures/generated_pka/1bnz_model1.pka,resname+resseq+chain,0.9987426574886448,-0.0007564063405416377,-0.00811774251135533
HIS,6.0,78.64497172478525,-3.6023,0,2,6,1,0.0014,0.0,0.9406490568972324,2TRX,A,6,6.2,828,898,756,1,0.776111,6.5,Existing_Structures/generated_pka/2trx_model1.pka,resname+resseq+chain,0.8881842302218831,-0.05246482667534935,0.11207323022188309
ASP,3.9,37.34283421373238,-0.9236,0,5,3,2,2.7694,3.076,0.9997488744367388,2TRX,A,20,3.8,829,899,757,1,0.99946445,3.8,Existing_Structures/generated_pka/2trx_model1.pka,resname+resseq+chain,0.9997488744367387,-1.1102230246251565e-16,0.0002844244367387061
ASP,3.9,1.6363453295159118,7.7704,0,4,3,1,3.1926,3.9149,0.4426883662377074,2TRX,A,26,7.5,830,900,758,1,0.79387486,3.8,Existing_Structures/generated_pka/2trx_model1.pka,resname+resseq+chain,0.9997488744367387,0.5570605081990312,0.2058740144367387
CYS,8.3,4.782131291755124,7.496,1,3,2,1,0.3938,1.5602,0.9198816569709808,2FD3,A,32,6.34,831,901,759,9,0.63953805,9.0,Existing_Structures/generated_pka/2fd3_model1.pka,resname+resseq+chain,0.02450336755033601,-0.8953782894206448,-0.615034682449664
CYS,8.3,3.3348563996909304,7.3396,1,3,2,1,1.0051,2.1626,0.6661394245831224,2TRX,A,32,7.1,832,902,760,1,0.93805856,9.0,Existing_Structures/generated_pka/2trx_model1.pka,resname+resseq+chain,0.02450336755033601,-0.6416360570327864,-0.913555192449664
CYS,8.3,0.0382592575096746,-0.3295,1,3,2,1,0.625,1.783,0.0031523091832602,2TRX,A,35,9.9,833,903,761,1,0.6031353,9.0,Existing_Structures/generated_pka/2trx_model1.pka,resname+resseq+chain,0.02450336755033601,0.02135105836707581,-0.578631932449664
GLU,4.1,54.60016786050023,-5.0384,0,2,5,3,1.0357,1.5166,0.9974944073327142,1ERT,A,6,4.8,834,905,762,4,0.94662434,4.5,Existing_Structures/generated_pka/1ert_model1.pka,resname+resseq+chain,0.9987426574886448,0.0012482501559305526,0.052118317488644816
GLU,4.1,53.57735351455011,-1.9537,0,2,5,3,0.9062,0.9214,0.99684769081674,1ERU,A,6,4.9,835,906,763,10,1.0233124,4.5,Existing_Structures/generated_pka/1eru_model1.pka,resname+resseq+chain,0.9987426574886448,0.0018949666719048075,-0.02456974251135524
GLU,4.1,84.89914263268156,0.3002,0,3,1,2,3.5077,5.7189,0.9990009990009991,1ERT,A,13,4.4,836,907,764,4,1.0011542,4.5,Existing_Structures/generated_pka/1ert_model1.pka,resname+resseq+chain,0.9987426574886448,-0.0002583415123543764,-0.0024115425113552247
GLU,4.1,84.89914263268156,0.3002,0,3,1,2,3.5077,5.7189,0.9974944073327142,1ERT,A,13,4.8,837,908,765,4,1.0011542,4.5,Existing_Structures/generated_pka/1ert_model1.pka,resname+resseq+chain,0.9987426574886448,0.0012482501559305526,-0.0024115425113552247
GLU,4.1,85.315923776751,0.9752,0,3,1,2,3.4604,4.817,0.9990009990009991,1ERU,A,13,4.4,838,909,766,10,1.0044755,4.5,Existing_Structures/generated_pka/1eru_model1.pka,resname+resseq+chain,0.9987426574886448,-0.0002583415123543764,-0.005732842511355307
ASP,3.9,96.8813571747224,-2.9009,0,5,2,1,3.1784,5.1832,0.9996020512556952,1ERT,A,16,4.0,839,910,767,4,1.0035784,3.8,Existing_Structures/generated_pka/1ert_model1.pka,resname+resseq+chain,0.9997488744367387,0.00014682318104342063,-0.0038295255632614378
ASP,3.9,96.8813571747224,-2.9009,0,5,2,1,3.1784,5.1832,0.9998005135712784,1ERT,A,16,3.7,840,911,768,4,1.0035784,3.8,Existing_Structures/generated_pka/1ert_model1.pka,resname+resseq+chain,0.9997488744367387,-5.1639134539760434e-05,-0.0038295255632614378
ASP,3.9,94.72692412713536,-5.4582,0,5,2,1,3.3505,4.4465,0.99936944051166,1ERU,A,16,4.2,841,912,769,10,0.97241175,3.8,Existing_Structures/generated_pka/1eru_model1.pka,resname+resseq+chain,0.9997488744367387,0.0003794339250786649,0.027337124436738636
ASP,3.9,98.6512986810322,5.2023,0,3,2,1,1.262,1.7322,0.9997488744367388,1ERT,A,20,3.8,842,913,770,4,1.0109495,3.8,Existing_Structures/generated_pka/1ert_model1.pka,resname+resseq+chain,0.9997488744367387,-1.1102230246251565e-16,-0.01120062556326129
ASP,3.9,98.6512986810322,5.2023,0,3,2,1,1.262,1.7322,0.9998415357956376,1ERT,A,20,3.6,843,914,771,4,1.0109495,3.8,Existing_Structures/generated_pka/1ert_model1.pka,resname+resseq+chain,0.9997488744367387,-9.266135889895999e-05,-0.01120062556326129
ASP,3.9,101.33623048755216,7.854,0,3,2,1,1.166,1.3754,0.9997488744367388,1ERU,A,20,3.8,844,915,772,10,1.0229485,3.8,Existing_Structures/generated_pka/1eru_model1.pka,resname+resseq+chain,0.9997488744367387,-1.1102230246251565e-16,-0.023199625563261383
ASP,3.9,1.471083354795963,-8.3321,0,5,3,3,3.6239,4.4446,0.0031523091832602,1ERT,A,26,9.9,845,916,773,4,0.13957544,3.8,Existing_Structures/generated_pka/1ert_model1.pka,resname+resseq+chain,0.9997488744367387,0.9965965652534785,0.8601734344367387
ASP,3.9,0.5091586235581217,-9.108,0,5,3,3,3.467,4.9606,0.1663375308165621,1ERU,A,26,8.1,846,917,774,10,0.19692674,3.8,Existing_Structures/generated_pka/1eru_model1.pka,resname+resseq+chain,0.9997488744367387,0.8334113436201765,0.8028221344367387
CYS,8.3,13.798517926910876,11.6304,0,3,3,1,0.1718,0.8793,0.9264124438824266,1ERT,A,32,6.3,847,918,775,4,0.3805827,9.0,Existing_Structures/generated_pka/1ert_model1.pka,resname+resseq+chain,0.02450336755033601,-0.9019090763320906,-0.356079332449664
HIS,6.0,47.59932251735575,-2.7558,0,4,1,2,0.0,0.0,0.9875672647455576,1ERT,A,43,5.5,848,919,776,4,0.7684516,6.5,Existing_Structures/generated_pka/1ert_model1.pka,resname+resseq+chain,0.8881842302218831,-0.09938303452367447,0.11973263022188307
GLU,4.1,58.9495349844009,3.0113,0,3,0,2,3.4823,5.3118,0.9994990638291864,1ERT,A,47,4.1,849,920,777,4,1.0018916,4.5,Existing_Structures/generated_pka/1ert_model1.pka,resname+resseq+chain,0.9987426574886448,-0.0007564063405416377,-0.003148942511355224
GLU,4.1,52.2858391647368,0.9822,0,4,0,2,3.427,4.1157,0.9992063022218308,1ERU,A,47,4.3,850,921,778,10,0.9989168,4.5,Existing_Structures/generated_pka/1eru_model1.pka,resname+resseq+chain,0.9987426574886448,-0.0004636447331860527,-0.0001741425113552797
ASP,3.9,15.780047563420773,-3.5465,0,4,5,2,6.0858,7.2238,0.9999748817666264,1ERT,A,58,2.8,853,924,779,4,0.95616287,3.8,Existing_Structures/generated_pka/1ert_model1.pka,resname+resseq+chain,0.9997488744367387,-0.0002260073298877563,0.04358600443673866
ASP,3.9,15.780047563420773,-3.5465,0,4,5,2,6.0858,7.2238,0.9999498837883978,1ERT,A,58,3.1,854,925,780,4,0.95616287,3.8,Existing_Structures/generated_pka/1ert_model1.pka,resname+resseq+chain,0.9997488744367387,-0.00020100935165912048,0.04358600443673866
ASP,3.9,49.81326462271915,-13.7485,0,0,5,2,1.7121,2.1579,0.99936944051166,1ERT,A,60,4.2,855,926,781,4,0.897593,3.8,Existing_Structures/generated_pka/1ert_model1.pka,resname+resseq+chain,0.9997488744367387,0.0003794339250786649,0.10215587443673868
ASP,3.9,54.76847627781775,-18.0201,0,1,5,2,2.4562,3.0276,0.9921193161496696,1ERT,A,61,5.3,856,927,782,4,0.907254,3.8,Existing_Structures/generated_pka/1ert_model1.pka,resname+resseq+chain,0.9997488744367387,0.007629558287069016,0.09249487443673865
ASP,3.9,60.99391132877378,5.484,0,1,4,3,3.7454,4.1846,0.9999369082463724,1ERT,A,64,3.2,857,928,783,4,0.975665,3.8,Existing_Structures/generated_pka/1ert_model1.pka,resname+resseq+chain,0.9997488744367387,-0.0001880338096337253,0.02408387443673865
ASP,3.9,60.99391132877378,5.484,0,1,4,3,3.7454,4.1846,0.9999498837883978,1ERT,A,64,3.1,858,929,784,4,0.975665,3.8,Existing_Structures/generated_pka/1ert_model1.pka,resname+resseq+chain,0.9997488744367387,-0.00020100935165912048,0.02408387443673865
ASP,3.9,71.12965810736898,3.0126,0,1,4,3,2.5899,3.4034,0.9999369082463724,1ERU,A,64,3.2,859,930,785,10,0.99046314,3.8,Existing_Structures/generated_pka/1eru_model1.pka,resname+resseq+chain,0.9997488744367387,-0.0001880338096337253,0.009285734436738635
GLU,4.1,63.50337580202407,-3.864,0,3,1,3,2.0044,3.2499,0.99684769081674,1ERT,A,68,4.9,860,931,786,4,1.0100472,4.5,Existing_Structures/generated_pka/1ert_model1.pka,resname+resseq+chain,0.9987426574886448,0.0018949666719048075,-0.011304542511355264
GLU,4.1,60.04658985034037,-7.2576,0,3,1,3,2.2055,3.6905,0.995013121263312,1ERU,A,68,5.1,861,932,787,10,0.9650954,4.5,Existing_Structures/generated_pka/1eru_model1.pka,resname+resseq+chain,0.9987426574886448,0.0037295362253327857,0.03364725748864472
GLU,4.1,86.68230204628678,-4.105,0,2,1,3,2.203,3.9202,0.9984176147191982,1ERT,A,70,4.6,862,933,788,4,1.0079525,4.5,Existing_Structures/generated_pka/1ert_model1.pka,resname+resseq+chain,0.9987426574886448,0.00032504276944655963,-0.00920984251135526
GLU,4.1,77.93907249878306,-2.3287,0,3,1,3,2.2891,4.5388,0.9974944073327142,1ERU,A,70,4.8,863,934,789,10,1.0093412,4.5,Existing_Structures/generated_pka/1eru_model1.pka,resname+resseq+chain,0.9987426574886448,0.0012482501559305526,-0.010598542511355169
GLU,4.1,37.10890263002069,-0.4156,0,4,1,4,1.6296,2.0202,0.9998005135712784,1ERT,A,88,3.7,864,935,790,4,0.998497,4.5,Existing_Structures/generated_pka/1ert_model1.pka,resname+resseq+chain,0.9987426574886448,-0.0010578560826336458,0.0002456574886448015
GLU,4.1,35.91438496944678,-2.1109,0,4,1,4,1.8641,2.2271,0.9998415357956376,1ERU,A,88,3.6,865,936,791,10,0.9835576,4.5,Existing_Structures/generated_pka/1eru_model1.pka,resname+resseq+chain,0.9987426574886448,-0.0010988783069928454,0.015185057488644738
GLU,4.1,106.62193421518396,8.3058,0,3,0,3,2.8715,3.8826,0.9994990638291864,1ERT,A,95,4.1,866,937,792,4,0.98986125,4.5,Existing_Structures/generated_pka/1ert_model1.pka,resname+resseq+chain,0.9987426574886448,-0.0007564063405416377,0.008881407488644744
GLU,4.1,96.70647153775631,7.9474,0,3,0,3,3.1421,4.5614,0.9994990638291864,1ERU,A,95,4.1,867,938,793,10,1.0009928,4.5,Existing_Structures/generated_pka/1eru_model1.pka,resname+resseq+chain,0.9987426574886448,-0.0007564063405416377,-0.0022501425113551354
GLU,4.1,28.30051973712777,16.0609,0,3,0,4,3.3172,4.5385,0.9996838722023704,1ERT,A,98,3.9,868,939,794,4,0.986513,4.5,Existing_Structures/generated_pka/1ert_model1.pka,resname+resseq+chain,0.9987426574886448,-0.0009412147137256577,0.012229657488644796
GLU,4.1,29.12095262979428,12.7574,0,3,0,4,3.4291,5.6137,0.9996838722023704,1ERU,A,98,3.9,869,940,795,10,0.9952497,4.5,Existing_Structures/generated_pka/1eru_model1.pka,resname+resseq+chain,0.9987426574886448,-0.0009412147137256577,0.0034929574886447545
GLU,4.1,81.37484857117641,-7.085,0,2,0,4,2.1349,3.2558,0.9990009990009991,1ERT,A,103,4.4,870,941,796,4,0.9544667,4.5,Existing_Structures/generated_pka/1ert_model1.pka,resname+resseq+chain,0.9987426574886448,-0.0002583415123543764,0.04427595748864477
GLU,4.1,80.85809506152049,-8.4663,0,2,0,4,2.4982,2.8598,0.9987426574886448,1ERU,A,103,4.5,871,942,797,10,0.9555379,4.5,Existing_Structures/generated_pka/1eru_model1.pka,resname+resseq+chain,0.9987426574886448,0.0,0.04320475748864472
CYS,8.3,13.87120240987329,17.4049,0,2,3,0,0.1955,0.9561,0.9090909090909092,2O89,A,29,6.4,872,944,798,6,0.93327993,9.0,Existing_Structures/generated_pka/2o89_model1.pka,resname+resseq+chain,0.02450336755033601,-0.8845875415405732,-0.908776562449664
CYS,8.3,8.110866100672569,-3.2383,1,3,2,1,0.5794,0.9056,0.6661394245831224,1XOB,A,32,7.1,873,945,799,10,0.6652559,9.0,Existing_Structures/generated_pka/1xob_model1.pka,resname+resseq+chain,0.02450336755033601,-0.6416360570327864,-0.640752532449664
CYS,8.3,12.645749212961594,6.6159,2,0,2,0,0.74,1.5567,0.993729987658566,2PPT,A,73,5.2,874,946,800,8,0.6832292,9.0,Existing_Structures/generated_pka/2ppt_model1.pka,resname+resseq+chain,0.02450336755033601,-0.96922662010823,-0.658725832449664
HIS,6.0,83.1663825913611,-4.7983,4,1,3,5,0.0,0.0,0.5629847281035959,1YPI,A,103,7.29,876,948,801,9,0.7204864,6.5,Existing_Structures/generated_pka/1ypi_model1.pka,resname+resseq+chain,0.8881842302218831,0.3251995021182872,0.16769783022188312
CYS,8.3,13.529030687754288,15.1341,2,0,1,2,1.4475,2.8548,0.6131368201531431,1O73,A,40,7.2,877,949,802,6,1.0705031,9.0,Existing_Structures/generated_pka/1o73_model1.pka,resname+resseq+chain,0.02450336755033601,-0.5886334526028071,-1.045999732449664
ASP,3.9,113.73296122187736,9.368,2,1,1,1,1.7432,2.4325,0.9999601908677748,4PTI,A,3,3.0,878,951,803,5,0.9992204,3.8,Existing_Structures/generated_pka/4pti_model1.pka,resname+resseq+chain,0.9997488744367387,-0.00021131643103611264,0.0005284744367386462
GLU,4.1,33.54596010665695,0.7569,2,2,1,1,1.7593,2.9089,0.9998005135712784,4PTI,A,7,3.7,879,952,804,5,1.0071746,4.5,Existing_Structures/generated_pka/4pti_model1.pka,resname+resseq+chain,0.9987426574886448,-0.0010578560826336458,-0.00843194251135515
TYR,10.5,42.01546112395167,4.06,2,2,0,1,0.0,0.0,0.0009990009990009,4PTI,A,10,10.4,880,953,805,5,-0.014338919,10.0,Existing_Structures/generated_pka/4pti_model1.pka,resname+resseq+chain,0.002505592667285737,0.0015065916682848372,0.016844511667285737
LYS,10.5,96.08137903407614,-0.6194,1,1,0,0,0.0,0.0,0.0006305594883398,4PTI,A,15,10.6,881,954,806,5,-0.013145186,10.5,Existing_Structures/generated_pka/4pti_model1.pka,resname+resseq+chain,0.0007936977781692444,0.00016313828982944447,0.013938883778169243
TYR,10.5,34.04330064530065,1.7467,1,1,1,1,0.0,0.0,0.0001994864287215,4PTI,A,21,11.1,882,955,807,5,-0.026588408,10.0,Existing_Structures/generated_pka/4pti_model1.pka,resname+resseq+chain,0.002505592667285737,0.002306106238564237,0.02909400066728574
TYR,10.5,3.8940342871577207,6.9145,2,1,2,2,1.3647,1.616,5.011621160218207e-05,4PTI,A,23,11.7,883,956,808,5,0.1675207,10.0,Existing_Structures/generated_pka/4pti_model1.pka,resname+resseq+chain,0.002505592667285737,0.002455476455683555,-0.16501510733271427
LYS,10.5,101.50454879807128,-0.174,0,1,0,1,0.0,0.0,0.0006305594883398,4PTI,A,26,10.6,884,957,809,5,0.001238485,10.5,Existing_Structures/generated_pka/4pti_model1.pka,resname+resseq+chain,0.0007936977781692444,0.00016313828982944447,-0.0004447872218307557
TYR,10.5,8.21113202605146,18.8037,4,3,0,1,1.6277,1.88,0.0001994864287215,4PTI,A,35,11.1,885,958,810,5,0.74162835,10.0,Existing_Structures/generated_pka/4pti_model1.pka,resname+resseq+chain,0.002505592667285737,0.002306106238564237,-0.7391227573327143
LYS,10.5,56.33946960426126,-1.9825,2,1,1,1,0.0,0.0,0.0003979487443048,4PTI,A,41,10.8,886,959,811,5,-0.0015522075,10.5,Existing_Structures/generated_pka/4pti_model1.pka,resname+resseq+chain,0.0007936977781692444,0.00039574903386444443,0.0023459052781692443
LYS,10.5,84.2309744125659,0.9393,2,2,1,0,0.0,0.0,0.0006305594883398,4PTI,A,46,10.6,887,960,812,5,0.008797769,10.5,Existing_Structures/generated_pka/4pti_model1.pka,resname+resseq+chain,0.0007936977781692444,0.00016313828982944447,-0.008004071221830757
GLU,4.1,84.98289235873831,3.1022,2,1,1,1,2.8865,3.7099,0.9997488744367388,4PTI,A,49,3.8,888,961,813,5,0.99812055,4.5,Existing_Structures/generated_pka/4pti_model1.pka,resname+resseq+chain,0.9987426574886448,-0.0010062169480939964,0.0006221074886447742
ASP,3.9,56.29631256633984,8.072,3,1,1,1,3.758,5.0467,0.999900009999,4PTI,A,50,3.4,889,962,814,5,0.9857199,3.8,Existing_Structures/generated_pka/4pti_model1.pka,resname+resseq+chain,0.9997488744367387,-0.00015113556226131752,0.014028974436738673
HIS,6.0,14.205106496317429,-36.6684,1,2,3,2,2.435,2.7963,0.9985230761422984,2TGA,A,40,4.57,890,964,815,10,0.6097184,6.5,Existing_Structures/generated_pka/2tga_model1.pka,resname+resseq+chain,0.8881842302218831,-0.11033884592041532,0.2784658302218831
HIS,6.0,25.741124266457128,-28.0924,0,2,2,0,2.3869,3.1336,0.5402082283237458,2TGA,A,57,7.33,891,965,816,10,0.5152233,6.5,Existing_Structures/generated_pka/2tga_model1.pka,resname+resseq+chain,0.8881842302218831,0.34797600189813727,0.37296093022188304
CYS,8.3,0.0,-5.0141,1,2,2,2,0.4791,0.5016,0.0003161277976296,1I7K,A,102,10.9,892,966,817,9,0.45002273,9.0,Existing_Structures/generated_pka/1i7k_model1.pka,resname+resseq+chain,0.02450336755033601,0.02418723975270641,-0.425519362449664
GLU,4.1,98.61926217304018,4.4283,0,4,2,3,2.4455,3.3023,0.9996838722023704,1UBQ,A,16,3.9,893,967,818,3,1.0020138,4.5,Existing_Structures/generated_pka/1ubq_model1.pka,resname+resseq+chain,0.9987426574886448,-0.0009412147137256577,-0.003271142511355296
ASP,3.9,28.804759716005503,8.8406,1,2,3,4,2.7909,3.3527,0.9999498837883978,1UBQ,A,21,3.1,894,968,819,3,0.988741,3.8,Existing_Structures/generated_pka/1ubq_model1.pka,resname+resseq+chain,0.9997488744367387,-0.00020100935165912048,0.011007874436738674
GLU,4.1,86.32524024279802,5.1882,3,2,5,3,3.0726,4.5274,0.9992063022218308,1UBQ,A,24,4.3,895,969,820,3,1.0116687,4.5,Existing_Structures/generated_pka/1ubq_model1.pka,resname+resseq+chain,0.9987426574886448,-0.0004636447331860527,-0.012926042511355207
ASP,3.9,99.1312986576997,-0.7864,0,3,2,3,2.4694,3.9129,0.9997488744367388,1UBQ,A,32,3.8,896,970,821,3,1.001959,3.8,Existing_Structures/generated_pka/1ubq_model1.pka,resname+resseq+chain,0.9997488744367387,-1.1102230246251565e-16,-0.002210125563261389
GLU,4.1,24.84357452900482,5.304,0,5,1,1,1.4075,2.5835,0.9987426574886448,1UBQ,A,34,4.5,897,971,822,3,1.0375503,4.5,Existing_Structures/generated_pka/1ubq_model1.pka,resname+resseq+chain,0.9987426574886448,0.0,-0.038807642511355156
ASP,3.9,69.53392956495846,6.0467,3,1,2,2,2.2082,2.6914,0.9998415357956376,1UBQ,A,39,3.6,898,972,823,3,1.0008649,3.8,Existing_Structures/generated_pka/1ubq_model1.pka,resname+resseq+chain,0.9997488744367387,-9.266135889895999e-05,-0.0011160255632614025
GLU,4.1,82.05904447603022,5.5749,3,2,4,2,1.5906,2.2386,0.9997488744367388,1UBQ,A,51,3.8,899,973,824,3,1.0040911,4.5,Existing_Structures/generated_pka/1ubq_model1.pka,resname+resseq+chain,0.9987426574886448,-0.0010062169480939964,-0.005348442511355134
ASP,3.9,57.07177747306871,14.0163,3,3,4,2,2.1265,2.8637,0.999900009999,1UBQ,A,52,3.4,900,974,825,3,1.0076884,3.8,Existing_Structures/generated_pka/1ubq_model1.pka,resname+resseq+chain,0.9997488744367387,-0.00015113556226131752,-0.007939525563261274
ASP,3.9,48.32456728139425,1.5685,1,1,3,3,5.2743,7.6105,0.9998415357956376,1UBQ,A,58,3.6,901,975,826,3,0.9985149,3.8,Existing_Structures/generated_pka/1ubq_model1.pka,resname+resseq+chain,0.9997488744367387,-9.266135889895999e-05,0.0012339744367386718
GLU,4.1,60.488036318980754,5.0109,0,2,0,3,2.019,3.2675,0.9987426574886448,1UBQ,A,64,4.5,902,976,827,3,0.9968171,4.5,Existing_Structures/generated_pka/1ubq_model1.pka,resname+resseq+chain,0.9987426574886448,0.0,0.001925557488644758
CYS,8.3,41.5270385574979,-2.9093,2,1,4,0,0.2357,0.2874,0.0001994864287215,1JBB,A,87,11.1,903,978,828,1,0.76946926,9.0,Existing_Structures/generated_pka/1jbb_model1.pka,resname+resseq+chain,0.02450336755033601,0.02430388112161451,-0.744965892449664
CYS,8.3,23.130049663163497,2.01,2,0,2,0,0.0497,0.0,0.0015823852808017,1JAS,A,88,10.2,904,979,829,6,0.73813725,9.0,Existing_Structures/generated_pka/1jas_model1.pka,resname+resseq+chain,0.02450336755033601,0.02292098226953431,-0.713633882449664
TYR,10.5,16.433729594950282,20.8722,1,3,0,4,0.2435,0.3634,0.8304449113532373,1KVR,A,149,6.71,905,980,830,1,0.7003818,10.0,Existing_Structures/generated_pka/1kvr_model1.pka,resname+resseq+chain,0.002505592667285737,-0.8279393186859515,-0.6978762073327143
TYR,10.5,16.59515878698094,18.2483,1,3,0,4,0.2096,0.2784,0.7761545753418307,1KVT,A,149,6.86,906,981,831,4,0.74897885,10.0,Existing_Structures/generated_pka/1kvt_model1.pka,resname+resseq+chain,0.002505592667285737,-0.773648982674545,-0.7464732573327142
TYR,10.5,17.164112097674632,17.5991,2,3,0,4,0.1939,0.267,0.9294909043747704,1KVS,A,149,6.28,907,982,832,1,0.327292,10.0,Existing_Structures/generated_pka/1kvs_model1.pka,resname+resseq+chain,0.002505592667285737,-0.9269853117074847,-0.3247864073327143
ASP,3.9,105.9851276102382,0.8201,1,1,2,1,2.5319,2.7429,0.9999563503221536,1VII,A,44,3.04,908,983,833,8,0.99673355,3.8,Existing_Structures/generated_pka/1vii_model1.pka,resname+resseq+chain,0.9997488744367387,-0.00020747588541492057,0.0030153244367386867
GLU,4.1,101.8124156284207,-5.2135,1,1,2,1,3.5404,4.1264,0.9996453124586552,1VII,A,45,3.95,909,984,834,8,0.99868256,4.5,Existing_Structures/generated_pka/1vii_model1.pka,resname+resseq+chain,0.9987426574886448,-0.0009026549700104081,6.009748864477249e-05
ASP,3.9,69.24321227738479,-10.8171,1,2,2,1,4.167,5.0531,0.999890364201712,1VII,A,46,3.44,910,985,835,8,0.9949959,3.8,Existing_Structures/generated_pka/1vii_model1.pka,resname+resseq+chain,0.9997488744367387,-0.00014148976497330157,0.004752974436738611
GLU,4.1,72.79350747565692,-7.8288,0,4,0,1,1.9384,2.7715,0.9990676158507203,1VII,A,72,4.37,911,986,836,8,1.0142511,4.5,Existing_Structures/generated_pka/1vii_model1.pka,resname+resseq+chain,0.9987426574886448,-0.00032495836207557804,-0.015508442511355303
ASP,3.9,93.84564606471749,1.0309,1,1,2,1,1.2951,1.8785,0.9997246529665365,1QH7,A,5,3.84,912,988,837,4,0.9826373,3.8,Existing_Structures/generated_pka/1qh7_model1.pka,resname+resseq+chain,0.9997488744367387,2.4221470202201445e-05,0.017111574436738608
HIS,6.0,38.56301445569276,21.6407,1,1,2,1,3.1392,3.887,0.8835282880564395,1QH7,A,11,6.52,913,989,838,4,0.8439134,6.5,Existing_Structures/generated_pka/1qh7_model1.pka,resname+resseq+chain,0.8881842302218831,0.004655942165443627,0.04427083022188305
ASP,3.9,59.98060494159827,8.377,1,2,2,1,3.701,5.1573,0.9996533833343184,1QH7,A,12,3.94,914,990,839,4,1.0121179,3.8,Existing_Structures/generated_pka/1qh7_model1.pka,resname+resseq+chain,0.9997488744367387,9.549110242024206e-05,-0.01236902556326136
ASP,3.9,23.29535294926005,14.6312,1,3,2,2,4.2485,5.6281,0.9999108828487612,1QH7,A,15,3.35,915,991,840,4,1.0029937,3.8,Existing_Structures/generated_pka/1qh7_model1.pka,resname+resseq+chain,0.9997488744367387,-0.00016200841202251848,-0.003244825563261333
GLU,4.1,9.633273490139048,10.5674,1,4,2,3,3.9576,4.7524,0.9991878296406884,1QH7,A,17,4.31,916,992,841,4,0.9284459,4.5,Existing_Structures/generated_pka/1qh7_model1.pka,resname+resseq+chain,0.9987426574886448,-0.00044517215204364913,0.07029675748864472
ASP,3.9,45.96393352816914,9.0962,2,1,2,2,2.4361,3.3645,0.9998851978189044,1QH7,A,21,3.46,917,993,842,4,0.9621614,3.8,Existing_Structures/generated_pka/1qh7_model1.pka,resname+resseq+chain,0.9997488744367387,-0.00013632338216573725,0.0375874744367386
HIS,6.0,84.9246177214738,3.2093,0,1,1,0,0.7582,1.0325,0.8399506946347537,1QH7,A,32,6.68,918,994,843,4,0.8462062,6.5,Existing_Structures/generated_pka/1qh7_model1.pka,resname+resseq+chain,0.8881842302218831,0.048233535587129395,0.04197803022188307
GLU,4.1,34.28292365250538,1.0609,0,4,1,2,3.2894,5.6848,0.9985894549032848,1QH7,A,56,4.55,919,995,844,4,1.0003707,4.5,Existing_Structures/generated_pka/1qh7_model1.pka,resname+resseq+chain,0.9987426574886448,0.00015320258536000164,-0.0016280425113551766
HIS,6.0,1.6349406334373435,-4.392,2,1,0,2,2.0737,2.5628,0.9995927856133058,1QH7,A,60,4.01,920,996,845,4,0.8434382,6.5,Existing_Structures/generated_pka/1qh7_model1.pka,resname+resseq+chain,0.8881842302218831,-0.11140855539142269,0.04474603022188306
ASP,3.9,99.27087780330282,2.0656,0,3,1,4,1.8305,3.07,0.9996980960015096,1QH7,A,90,3.88,921,997,846,4,1.0049188,3.8,Existing_Structures/generated_pka/1qh7_model1.pka,resname+resseq+chain,0.9997488744367387,5.077843522904857e-05,-0.005169925563261346
GLU,4.1,10.93926145346953,-4.2277,2,3,1,4,3.9789,4.72,0.9996533833343184,1QH7,A,94,3.94,922,998,847,4,1.0077274,4.5,Existing_Structures/generated_pka/1qh7_model1.pka,resname+resseq+chain,0.9987426574886448,-0.0009107258456736433,-0.008984742511355281
GLU,4.1,18.21554264209499,1.5721,1,2,1,3,2.7989,3.0469,0.998713407900003,1QH7,A,126,4.51,926,1002,848,4,1.003291,4.5,Existing_Structures/generated_pka/1qh7_model1.pka,resname+resseq+chain,0.9987426574886448,2.924958864181093e-05,-0.004548342511355163
GLU,4.1,34.81571565132081,-3.3586,1,1,0,2,3.731,6.5055,0.999848666780366,1QH7,A,167,3.58,928,1004,849,4,0.9766241,4.5,Existing_Structures/generated_pka/1qh7_model1.pka,resname+resseq+chain,0.9987426574886448,-0.0011060092917212216,0.022118557488644774
GLU,4.1,0.2400267820316562,26.2602,1,5,1,4,3.6418,4.9871,0.9994990638291864,1QH7,A,178,4.1,929,1005,850,4,0.63699836,4.5,Existing_Structures/generated_pka/1qh7_model1.pka,resname+resseq+chain,0.9987426574886448,-0.0007564063405416377,0.3617442974886448
GLU,4.1,1.043451874730205,3.4393,2,2,2,3,3.1701,3.4955,0.8881842302218831,1QH7,A,184,6.5,930,1006,851,4,0.5679471,4.5,Existing_Structures/generated_pka/1qh7_model1.pka,resname+resseq+chain,0.9987426574886448,0.11055842726676168,0.43079555748864473
ASP,3.9,64.79445985381615,5.9581,1,1,1,0,3.0708,4.2489,0.9999601908677748,1XNB,A,4,3.0,931,1008,852,2,0.9862476,3.8,Existing_Structures/generated_pka/1xnb_model1.pka,resname+resseq+chain,0.9997488744367387,-0.00021131643103611264,0.013501274436738653
ASP,3.9,41.37567306187936,3.9217,2,0,2,1,4.206,5.0283,0.9999874109043696,1XNB,A,11,2.5,932,1009,853,2,1.0054754,3.8,Existing_Structures/generated_pka/1xnb_model1.pka,resname+resseq+chain,0.9997488744367387,-0.00023853646763094538,-0.005726525563261253
GLU,4.1,11.326072365825016,-7.3245,2,0,1,2,3.1694,4.084,0.9984176147191982,1XNB,A,78,4.6,933,1010,854,2,0.726259,4.5,Existing_Structures/generated_pka/1xnb_model1.pka,resname+resseq+chain,0.9987426574886448,0.00032504276944655963,0.2724836574886448
GLU,4.1,10.678475229982222,-11.2883,2,0,1,2,2.6919,3.3117,0.99936944051166,1HV1,A,78,4.2,934,1011,855,8,0.7454353,4.5,Existing_Structures/generated_pka/1hv1_model1.pka,resname+resseq+chain,0.9987426574886448,-0.0006267830230152205,0.25330735748864475
GLU,4.1,12.538187876908951,-1.9442,2,0,1,2,3.3602,4.4943,0.9960347143808476,1HV0,A,78,5.0,935,1012,856,5,0.91161823,4.5,Existing_Structures/generated_pka/1hv0_model1.pka,resname+resseq+chain,0.9987426574886448,0.002707943107797206,0.0871244274886448
ASP,3.9,15.723004641516594,22.8246,2,3,2,0,3.1266,3.7896,0.9999800477749496,1XNB,A,106,2.7,938,1015,857,2,0.9630459,3.8,Existing_Structures/generated_pka/1xnb_model1.pka,resname+resseq+chain,0.9997488744367387,-0.00023117333821098818,0.036702974436738645
ASP,3.9,57.782554754988666,-0.0733,2,0,2,1,2.21,3.2426,0.9999369082463724,1XNB,A,119,3.2,939,1016,858,2,0.9949241,3.8,Existing_Structures/generated_pka/1xnb_model1.pka,resname+resseq+chain,0.9997488744367387,-0.0001880338096337253,0.004824774436738677
ASP,3.9,107.48211356037784,1.604,3,0,3,0,0.7538,0.7952,0.9998415357956376,1XNB,A,121,3.6,940,1017,859,2,0.9340194,3.8,Existing_Structures/generated_pka/1xnb_model1.pka,resname+resseq+chain,0.9997488744367387,-9.266135889895999e-05,0.0657294744367386
GLU,4.1,13.430314540994662,3.0399,1,1,2,2,2.8774,3.6372,0.6131368201531431,1XNB,A,172,7.2,943,1020,860,2,0.8590721,4.5,Existing_Structures/generated_pka/1xnb_model1.pka,resname+resseq+chain,0.9987426574886448,0.3856058373355017,0.13967055748864476
GLU,4.1,13.430314540994662,3.0399,1,1,2,2,2.8774,3.6372,0.8336624691834381,1XNB,A,172,6.7,944,1021,861,2,0.8590721,4.5,Existing_Structures/generated_pka/1xnb_model1.pka,resname+resseq+chain,0.9987426574886448,0.16508018830520665,0.13967055748864476
GLU,4.1,13.05119278442572,5.6481,1,1,2,2,2.7973,3.5865,0.557311633762293,1HV1,A,172,7.3,945,1022,862,8,0.80812824,4.5,Existing_Structures/generated_pka/1hv1_model1.pka,resname+resseq+chain,0.9987426574886448,0.4414310237263518,0.19061441748864472
GLU,4.1,17.938513060750797,1.7211,1,1,2,2,3.2547,4.0745,0.2402530733520421,1HV0,A,172,7.9,946,1023,863,5,0.97948325,4.5,Existing_Structures/generated_pka/1hv0_model1.pka,resname+resseq+chain,0.9987426574886448,0.7584895841366026,0.019259407488644742
