{
  "electrophile_energy_hartree": -39.100503467058,
  "nucleophile_energy_hartree": -13.684215813713
}