{
  "Cys": {
    "L_n": 0.880625,
    "F_n": 0.44118058,
    "G": 0.5,
    "HL_n": 0.7094599999999998,
    "score_raw": 0.5983187319999999,
    "partial_charge": -0.08223434,
    "lumo": -7.6125,
    "fukui": -0.05881942,
    "homo_lumo_gap": 2.452700000000001
  },
  "Ser": {
    "L_n": 0.88798,
    "F_n": 0.43787167,
    "G": 0.5,
    "HL_n": 0.49495999999999984,
    "score_raw": 0.511930668,
    "partial_charge": -0.07886158,
    "lumo": -7.7596,
    "fukui": -0.062128329999999996,
    "homo_lumo_gap": 3.5252000000000008
  },
  "Thr": {
    "L_n": 0.8804500000000001,
    "F_n": 0.44119828,
    "G": 0.5,
    "HL_n": 0.4825199999999999,
    "score_raw": 0.5075323119999999,
    "partial_charge": -0.08222806,
    "lumo": -7.609,
    "fukui": -0.05880171999999999,
    "homo_lumo_gap": 3.5874000000000006
  },
  "Tyr": {
    "L_n": 0.8804399999999999,
    "F_n": 0.44117470999999997,
    "G": 0.5,
    "HL_n": 0.6399800000000001,
    "score_raw": 0.570505884,
    "partial_charge": -0.08222294,
    "lumo": -7.6088,
    "fukui": -0.05882529,
    "homo_lumo_gap": 2.8000999999999996
  },
  "Lys": {
    "L_n": 0.884095,
    "F_n": 0.44045447,
    "G": 0.5,
    "HL_n": 0.7414399999999999,
    "score_raw": 0.6111672879999999,
    "partial_charge": -0.06318766,
    "lumo": -7.6819,
    "fukui": -0.05954553,
    "homo_lumo_gap": 2.2928000000000006
  },
  "His": {
    "L_n": 0.88042,
    "F_n": 0.44116648,
    "G": 0.5,
    "HL_n": 0.51022,
    "score_raw": 0.5185965920000001,
    "partial_charge": -0.0822296,
    "lumo": -7.6084,
    "fukui": -0.058833519999999986,
    "homo_lumo_gap": 3.4489
  }
}