{
  "electrophile_energy_hartree": -39.100623242414,
  "nucleophile_energy_hartree": -13.684207430074
}